question,correct_answer,wrong_answer_1,wrong_answer_2,wrong_answer_3,category,difficulty,source
"Quel polymère est utilisé pour fabriquer les CD, les lunettes de sécurité et les boucliers anti-émeute ?",Polycarbonate,Caoutchouc,Nylon,Bakélite,Science et nature,medium,Open Trivia DB
Qui a remporté le Grand Prix de Monaco 2018 ?,Daniel Ricciardo,Sebastian Vettel,Kimi Räikkönen,Lewis Hamilton,Sportif,medium,Open Trivia DB
Le tibia se trouve dans quelle partie du corps ?,Jambe,Bras,Main,Tête,Science et nature,medium,Open Trivia DB
Quel album collaboratif Kanye West et Jay-Z ont-ils sorti en 2011 ?,Surveillez le trône,Parents éloignés,Quelle époque formidable pour être en vie,Affaires inachevées,Divertissement : Musique,easy,Open Trivia DB
"Sans compter leur instructeur, combien de membres de la Classe VII y a-t-il dans le jeu « Legend of Heroes : Trails of Cold Steel » ?",9,6,10,3,Divertissement : Jeux vidéo,medium,Open Trivia DB
Quel est le nom de la monnaie dans la série « Animal Crossing » ?,Cloches,Coquillages,Feuilles,Insectes,Divertissement : Jeux vidéo,medium,Open Trivia DB
Qui a créé la série « Metal Gear » ?,Hideo Kojima,Hiroshi Yamauchi,Shigeru Miyamoto,Gunpei Yokoi,Divertissement : Jeux vidéo,easy,Open Trivia DB
Le panthéon de Rome servait à vénérer quel dieu ?,N'importe quel dieu qu'ils voulaient,Athéna,Zeus,Athéna et Zeus,Histoire,hard,Open Trivia DB
Combien de planètes compte le système solaire ?,8,9,11,10,Science et nature,easy,Open Trivia DB
Qui est le Simili de Sora dans Kingdom Hearts ?,Roxas,Riku,Kairi,Mickey,Divertissement : Jeux vidéo,medium,Open Trivia DB
"Dans le jeu Warframe, quel est le type de poisson connu pour dévorer les indigènes imprudents de Cetus ?",Sharrac,Glappid,Karkina,Poisson-mouche,Divertissement : Jeux vidéo,hard,Open Trivia DB
Quel est le nom du kit d'objets Sims 4 sur le thème d'Halloween sorti le 29 septembre 2015 ?,Des trucs effrayants,Fantômes et goules,Nuits angoissantes,Effroi,Divertissement : Jeux vidéo,hard,Open Trivia DB
"Dans ""Overwatch"", quel héros est capable de se déplacer sur les murs ?",Lucio,Reinhardt,Sombra,Miséricorde,Divertissement : Jeux vidéo,easy,Open Trivia DB
Quel caractère était autrefois considéré comme la 27e lettre de l'alphabet ?,Esperluette,Interrobang,Tilde,Pilcrow,Connaissances générales,medium,Open Trivia DB
Dans lequel des pays suivants l'action de « JoJo's Bizarre Adventure : Stardust Crusaders » ne se déroule-t-elle pas ?,Philippines,Inde,Pakistan,Egypte,Divertissement : Anime et manga japonais,hard,Open Trivia DB
Quand la Finlande a-t-elle fêté son centenaire d'indépendance ?,2017,2016,2018,2015,Histoire,hard,Open Trivia DB
"Dans les jeux Pokémon de deuxième génération, avec quel Pokémon peut-on commencer ?","Chikorita, Cyndaquil et Totodile","Bulbizarre, Salamèche et Carapuce","Arcko, Torchic et Gobou","Herbeux, ardent et aquatique",Divertissement : Jeux vidéo,easy,Open Trivia DB
Leonardo DiCaprio a remporté son premier Oscar du meilleur acteur pour sa performance dans quel film ?,Le Revenant,Le Loup de Wall Street,Shutter Island,Création,Divertissement : Film,medium,Open Trivia DB
Qui a été le meilleur buteur de l'équipe nationale d'Angleterre de football ?,Wayne Rooney,David Beckham,Steven Gerrard,Michael Owen,Sportif,medium,Open Trivia DB
Dans quel roman classique de Mark Twain un mendiant et le prince de Galles échangent-ils leurs vêtements et découvrent-ils ainsi les inégalités sociales ?,Le Prince et le Pauvre,Hamlet,Le garçon riche et le crétin,Une histoire moderne de Twain,Divertissement : Livres,hard,Open Trivia DB
Combien de personnages jouables y a-t-il dans Yakuza 5 ?,5,2,3,1,Divertissement : Jeux vidéo,easy,Open Trivia DB
"Dans « Call Of Duty : Zombies », quel easter egg principal de quelle carte vous permettra de débloquer le succès « Petite fille perdue » ?",Origines,Révélations,Lune,Tranzit,Divertissement : Jeux vidéo,medium,Open Trivia DB
Quel terme décrit le mieux la liaison entre deux sections d'une œuvre musicale par un passage de transition ?,Pont,Coda,Capo,Forme binaire,Divertissement : Musique,easy,Open Trivia DB
Quel mot représente la lettre « T » dans l'alphabet phonétique de l'OTAN ?,Tango,Cible,Taxi,Turquie,Connaissances générales,easy,Open Trivia DB
L'atoll de Bikini se trouve dans quel pays ?,Îles Marshall,Fidji,Îles Christmas,Bahamas,Géographie,medium,Open Trivia DB
"Quel est le nom par défaut du personnage Vampire dans ""Shining Soul 2"" ?",Étoile de sang,Sachs,Dracuul,Alucard,Divertissement : Jeux vidéo,hard,Open Trivia DB
"En biologie humaine, un rythme circadien correspond à une période d'environ combien d'heures ?",24,8,16,32,Science et nature,medium,Open Trivia DB
Laquelle des fables suivantes n'est PAS une fable d'Ésope ?,Rox et Rouky,Le Renard et les Raisins,La Tortue et le Lièvre,La grenouille et le bœuf,Connaissances générales,medium,Open Trivia DB
À quel philosophe grec associeriez-vous la phrase « Je sais que je ne sais rien » ?,Socrate,Aristote,Platon,Pythagore,Histoire,hard,Open Trivia DB
Quel personnage de la série « Animal Crossing » utilise l'expression « zip zoom » lorsqu'il parle au joueur ?,Scoot,Canard,Facture,Mallary,Divertissement : Jeux vidéo,easy,Open Trivia DB
"Dans l'univers de Half-Life, le centre de recherche de Black Mesa est situé dans quel État américain ?",New Mexico,Nevada,Arizona,Wyoming,Divertissement : Jeux vidéo,medium,Open Trivia DB
Quel terme est le mieux associé à Sigmund Freud ?,Psychanalyse,Thérapie cognitivo-comportementale,Théorie de la gravitation,Thérapie comportementale dialectique,Science et nature,medium,Open Trivia DB
Le canal de Panama a été officiellement inauguré par quel président américain ?,Woodrow Wilson,Calvin Coolidge,Herbert Hoover,Théodore Roosevelt,Connaissances générales,hard,Open Trivia DB
"L'une des pandémies les plus meurtrières, la « grippe espagnole », a tué quel pourcentage de la population mondiale de l'époque ?",3 à 6 pour cent,6 à 10 pour cent,1 à 3 pour cent,moins de 1 pour cent,Histoire,medium,Open Trivia DB
Un stimpmètre mesure la vitesse d'une balle sur quelle surface ?,Green de golf,Terrain de football,Terrain de cricket extérieur,Table de flipper,Sportif,medium,Open Trivia DB
L'objectif principal de l'opération allemande « Opération Bleue » pendant la Seconde Guerre mondiale était initialement de capturer quoi ?,Caucase,Stalingrad,Crimée,Voronej,Histoire,hard,Open Trivia DB
En quelle année Netflix a-t-il été fondé ?,1997,1999,2004,2001,Divertissement : Télévision,medium,Open Trivia DB
Quel était le nom du policier dans le dessin animé « Top Cat » ?,Plantoir,Barbrady,Mahoney,Murphy,Divertissement : Télévision,easy,Open Trivia DB
Qui a créé le jeu d'aventure indépendant « Night in the Woods » ?,Alec Holowka,Ron Gilbert,Tim Schafer,Tommy Refenes,Divertissement : Jeux vidéo,easy,Open Trivia DB
"Quel est le surnom de Jack Dawkins dans le roman de Charles Dickens, « Oliver Twist » ?",Le Renard,Fagin,Cible,M. Fang,Divertissement : Livres,medium,Open Trivia DB
Lequel des tournois du Grand Chelem de tennis suivants a lieu en DERNIER ?,US Open,Roland-Garros,Wimbledon,Open d'Australie,Sportif,medium,Open Trivia DB
Qui est le protagoniste de Dead Rising 3 ?,Nick Ramos,Frank West,Chuck Greene,Isabela Keyes,Divertissement : Jeux vidéo,medium,Open Trivia DB
Quelle franchise populaire de jeux de tir à la première personne (FPS) a bénéficié d'un jeu de stratégie en temps réel (RTS) développé à partir de son univers ?,Halo,Champ de bataille,Appel du devoir,Borderlands,Divertissement : Jeux vidéo,easy,Open Trivia DB
Quelle chanson contient les mots « Numa Numa » qui ont fait l'objet d'une vidéo virale en 2004 ?,Dragostea Din Tei,Despacito,Gangnam Style,Asereje,Divertissement : Musique,hard,Open Trivia DB
Un médecin titulaire d'un doctorat est un docteur en quoi ?,Philosophie,Psychologie,Phrénologie,physiothérapie,Connaissances générales,medium,Open Trivia DB
En quelle année la Première Guerre mondiale a-t-elle commencé ?,1914,1930,1917,1939,Histoire,medium,Open Trivia DB
"Dans Touhou : Embodiment of Scarlet Devil, quelle est la musique jouée pendant le combat contre Flandre Scarlet ?",L'ONU Owen était son,Septette pour la princesse morte,Nuit fleurie,Pierrot de la bannière étoilée,Divertissement : Jeux vidéo,medium,Open Trivia DB
"Damon Albarn, le co-créateur de Gorillaz, est également le chanteur principal de quel groupe ?",Se brouiller,Oasis,Radiohead,Reines de l'âge de pierre,Divertissement : Musique,medium,Open Trivia DB
Qui fut le premier président du Mexique ?,Guadalupe Victoria,Benito Juárez,Miguel Hidalgo Y Costilla,Vicente Guerrero,Connaissances générales,easy,Open Trivia DB
Lequel des personnages suivants du jeu « Overwatch » a été révélé comme étant homosexuel en décembre 2016 ?,Traceur,Veuve,Sombra,Symmetra,Divertissement : Jeux vidéo,easy,Open Trivia DB
"Dans Big Hero 6, de quelle ville fictive sont originaires les six héros ?",San Francisco,San Tokyo,Tokyo,Sankyo,Divertissement : Film,easy,Open Trivia DB
Le légendaire moteur VR6 de Volkswagen possède des cylindres positionnés à quel angle ?,15 degrés,30 degrés,45 degrés,90 degrés,Véhicules,hard,Open Trivia DB
"Quel a été le sénateur ayant exercé le plus longtemps ses fonctions dans l'histoire des États-Unis, de 1959 à 2010 ?",Robert Byrd,Daniel Inouye,Strom Thurmond,Joe Biden,Politique,hard,Open Trivia DB
Quel oiseau naît avec des griffes au bout des doigts de ses ailes ?,Hoazin,Cormoran,Casoar,Messager sagittaire,Animaux,hard,Open Trivia DB
"Dans quel hôtel d'Édimbourg, en Écosse, J.K. Rowling a-t-elle terminé « Harry Potter et les Reliques de la Mort » ?",Le Balmoral,L'hôtel Dunstane,Hôtel Novotel,Hôtel et spa Sheraton Grand,Divertissement : Livres,medium,Open Trivia DB
Quelle entreprise japonaise est le plus grand fabricant de motos au monde ?,Honda,Yamaha,Suzuki,Kawasaki,Véhicules,medium,Open Trivia DB
Combien de fois affronte-t-on les prisonniers dans The Legend of Zelda : Skyward Sword ?,3,2,4,5,Divertissement : Jeux vidéo,medium,Open Trivia DB
"Dans le RPG « Undertale » de 2015, quel personnage rencontre-t-on en premier après être tombé dans le monde souterrain ?",Flowey,Toriel,Sans,Papyrus,Divertissement : Jeux vidéo,medium,Open Trivia DB
Combien de zones de score comporte une cible de fléchettes classique ?,82,62,42,102,Sportif,medium,Open Trivia DB
Quel Pokémon voit ses statistiques de base totales rester inchangées lors de son évolution ?,Scyther,Pikachu,Sneasel,Larvesta,Divertissement : Jeux vidéo,hard,Open Trivia DB
La myopie est le terme scientifique désignant quelle affection ?,myopie,Presbytie,Double vision,Vision trouble,Science et nature,medium,Open Trivia DB
Quand les Beatles ont-ils sorti l'album « Please Please Me » ?,1963,1970,1960,1969,Divertissement : Musique,medium,Open Trivia DB
"Lequel de ces noms désigne un système de médecine alternative japonais, signifiant littéralement « pression des doigts » ?",Shiatsu,Ukiyo,Majimé,Ikigaï,Connaissances générales,medium,Open Trivia DB
"Quelle société de jeux vidéo a développé le jeu Rage 2, sorti en 2019 ?",Studios Avalanche,Bethesda Game Studios,Infinity Ward,Logiciel Gearbox,Divertissement : Jeux vidéo,medium,Open Trivia DB
Quelle est la plus grande île non continentale du monde ?,Groenland,Nouvelle-Guinée,Bornéo,Madagascar,Géographie,medium,Open Trivia DB
Qui était le guitariste du groupe « The Doors » ?,Robby Krieger,Éric Clapton,John Densmore,Jimi Hendrix,Divertissement : Musique,medium,Open Trivia DB
Qui est le chef de l'équipe Valor dans Pokémon Go ?,Candela,Saule,Blanche,Étincelle,Divertissement : Jeux vidéo,easy,Open Trivia DB
Quel est le point faible des vampires américains (American Vampire de Scott Snyder) ?,Or,Soleil,Bois,Argent,Divertissement : Bandes dessinées,medium,Open Trivia DB
Combien de personnages jouables y avait-il dans Street Fighter II : Champion Edition ?,12,16,8,17,Divertissement : Jeux vidéo,medium,Open Trivia DB
Lequel de ces clubs de football anglais est basé à Liverpool ?,Everton,West Ham United,Palais de Cristal,Arsenal,Sportif,medium,Open Trivia DB
Qu’est-ce que l’on appelle « le cerveau » de l’ordinateur ?,Unité centrale de traitement,Carte mère,Unité de traitement graphique,Clavier,Sciences : Informatique,medium,Open Trivia DB
Le corps du Sphinx égyptien était inspiré de quel animal ?,Lion,Taureau,Cheval,Chien,Géographie,easy,Open Trivia DB
Quels outils Gregory Mendel a-t-il utilisés pour tester les croisements génétiques ?,Petits pois,Chats,Fleurs,Perroquets,Science et nature,easy,Open Trivia DB
Quelle est la 15e lettre de l'alphabet grec ?,Omicron (O),Sigma (Σ),Pi (Π),Nu (N),Géographie,easy,Open Trivia DB
Quel est l'établissement humain le plus septentrional habité à l'année ?,"Alerte, Canada","Nagurskoye, Russie","Station McMurdo, Antarctique","Honningsvåg, Norvège",Géographie,medium,Open Trivia DB
Lequel des animes suivants du genre mecha a commencé à être diffusé en 1982 ?,La forteresse superdimensionnelle Macross,Mobile Suit Gundam,Soldat blindé VOTOMS,Neon Genesis Evangelion,Divertissement : Anime et manga japonais,medium,Open Trivia DB
"Dans Counter Strike : Global Offensive, quel est le code implanté sur le C4 lorsque les terroristes posent la bombe ?",7355608,7890728,7256380,7726354,Divertissement : Jeux vidéo,hard,Open Trivia DB
Quel était le vrai nom de Gengis Khan ?,Temüjin,Möngke,Ögedei,Temür,Histoire,medium,Open Trivia DB
Quel pays est entièrement enclavé par l'Afrique du Sud ?,Lesotho,Swaziland,Botswana,Zimbabwe,Géographie,hard,Open Trivia DB
"Dans Divinity: Original Sin II, quel est le nom du personnage à l'origine squelettique ?",Fane,Lohse,Le Prince Rouge,Il n'existe aucun personnage d'origine squelettique,Divertissement : Jeux vidéo,easy,Open Trivia DB
Quelle est la montagne qui possède le plus haut sommet d'Afrique ?,"Mont Kilimandjaro, Tanzanie","Mont Kenya, Kenya","Mont Stanley, République démocratique du Congo/Ouganda","Mont Speke, Ouganda",Connaissances générales,medium,Open Trivia DB
"La Tsar Bomba, la bombe nucléaire la plus puissante jamais testée, avait une puissance de 50 mégatonnes, mais théoriquement, sa puissance maximale était de combien ?",100 mégatonnes,200 mégatonnes,75 mégatonnes,150 mégatonnes,Histoire,medium,Open Trivia DB
"Dans l'anime Initial D, comment Takumi Fujiwara décrit-il un drift ?",« … les pneus avant glissent de sorte que la voiture ne se dirige pas vers l’intérieur »,"« … les roues perdent de l’adhérence, ce qui fait glisser la voiture sur le côté »","« … la voiture survire dans un virage, ce qui la fait tourner plus vite »",« …tu tournes beaucoup »,Divertissement : Anime et manga japonais,hard,Open Trivia DB
"Dans le jeu vidéo « Kingdom Hearts » de 2002, combien de Keyblades sont utilisables ?",18,13,16,15,Divertissement : Jeux vidéo,easy,Open Trivia DB
Quel fut le premier film d'Alfred Hitchcock à être tourné en couleur ?,Corde,Psycho,Vertige,Rebecca,Divertissement : Film,hard,Open Trivia DB
Combien de voitures en carbone y a-t-il dans Burnout Paradise ?,6,4,3,5,Divertissement : Jeux vidéo,easy,Open Trivia DB
Quelle carte Magic: The Gathering a pour seul texte d'ambiance « Ribbit » ?,Tournez-vous vers la grenouille,Grenouille à spores,Crapaud gonflé,Frogmite,Divertissement : Jeux de société,hard,Open Trivia DB
"Dans la série Homestuck, quel est le nom alternatif du Royaume des Lumières ?",Prospit,Sans nom,Cité d'Or,Lune jaune,Divertissement : Bandes dessinées,hard,Open Trivia DB
"Dans le jeu Call of Duty, quel est le dernier niveau où l'on incarne un soldat américain ?",Festung Recogne,Sainte-Mère-Église (Jour),Château,Brecourt,Divertissement : Jeux vidéo,hard,Open Trivia DB
"En juin 2017, l'Arabie saoudite et l'Égypte ont rompu leurs relations diplomatiques avec quel pays en raison de son soutien présumé au terrorisme ?",Qatar,Bahreïn,les états-unis d'Amérique,Russie,Politique,hard,Open Trivia DB
Quel était le nom de l'île mystérieuse dans « L'Île mystérieuse » de Jules Verne ?,Île Lincoln,Île de Vulcania,L'île de Prométhée,Île de Neptune,Divertissement : Livres,medium,Open Trivia DB
Quels chiffres Sayaka Maizono a-t-elle écrits sur le mur dans Dangan Ronpa Trigger Happy Havoc ?,11037,"4, 8, 15, 16, 23, 42",55730,"3, 9, 11, 12, 15, 17,",Divertissement : Jeux vidéo,medium,Open Trivia DB
Quelle était la destination du vol disparu MH370 ?,Pékin,Kuala Lumpur,Singapour,Tokyo,Connaissances générales,medium,Open Trivia DB
"Quel était le titre du premier album studio de George Michael, sorti en 1987 et qui a caracolé en tête des charts ?",Foi,Chansons du siècle dernier,Patience,Plus vieux,Divertissement : Musique,medium,Open Trivia DB
Qui est le fondateur de Palantir ?,Peter Thiel,Mark Zuckerberg,Marc Benioff,Jack Dorsey,Sciences : Informatique,hard,Open Trivia DB
Le canal de Panama a été achevé sous l'administration de quel président américain ?,Woodrow Wilson,Franklin Delano Roosevelt,Herbert Hoover,Théodore Roosevelt,Histoire,medium,Open Trivia DB
"Selon les estimations des spécialistes, quel pourcentage de la population mondiale de l'époque est mort à cause des conquêtes de Tamerlan ?",5%,1%,3%,<1%,Histoire,medium,Open Trivia DB
"Quel était le surnom du modèle original de Gordon Freeman, le protagoniste de Half-Life ?",Ivan le motard de l'espace,Gordon le motard de l'espace,Ivan le motard extraterrestre,Gordon le motard extraterrestre,Divertissement : Jeux vidéo,hard,Open Trivia DB
Quel nom Tom Hanks a-t-il donné à son partenaire de volley-ball dans le film « Seul au monde » ?,Wilson,Vendredi,Jones,Gamelle,Divertissement : Film,easy,Open Trivia DB
"Où se trouve à La Corogne (Espagne) le siège social d'« Inditex », le plus grand groupe de mode au monde ?",Arteijo,Sanjenjo,Mugía,Órdenes,Connaissances générales,hard,Open Trivia DB
Lequel de ces personnages vit dans un ananas sous la mer dans le dessin animé « Bob l'éponge » ?,Bob l'éponge,Patrick Star,Carlo Tentacule,M. Krabs,Divertissement : Dessins animés et animation,easy,Open Trivia DB
Quelle technologie porte le nom d'un souverain du Xe siècle du Danemark et de la Norvège ?,Bluetooth,Wi-Fi,GPS,Internet,Connaissances générales,easy,Open Trivia DB
"En informatique, que signifie LAN ?",Réseau local,Nœud d'antenne longue,Nœud d'accès à la lumière,Navigation par adresse terrestre,Sciences : Informatique,easy,Open Trivia DB
Quel a été le premier long métrage d'animation par ordinateur ?,Toy Story,Tron,Le Roi Lion,Les 101 Dalmatiens,Divertissement : Film,easy,Open Trivia DB
"Selon Sherlock Holmes, « Si vous éliminez l'impossible, ce qui reste, aussi improbable soit-il, est forcément… »",Vérité,Répondre,Cause,Source,Connaissances générales,easy,Open Trivia DB
"Butters Stotch, Pip Pirrup et Wendy Testaburger sont tous des personnages de quelle série télévisée d'animation de longue durée ?",South Park,Les Simpson,Les gars de la famille,Bob's Burgers,Divertissement : Dessins animés et animation,easy,Open Trivia DB
Quel est le nom de la péninsule qui abrite l'Espagne et le Portugal ?,péninsule Ibérique,Péninsule européenne,Péninsule du Péloponnèse,Péninsule scandinave,Géographie,easy,Open Trivia DB
"Quelle émission est connue pour ses chansons « You are a Pirate », « Cooking by the Book » et « We Are Number One » ?",LazyTown,Sofia la Première,DuckTales,Tom et Jerry,Divertissement : Télévision,easy,Open Trivia DB
Quel pays ne faisait PAS partie de l'Union soviétique ?,Roumanie,Turkménistan,Biélorussie,Tadjikistan,Géographie,easy,Open Trivia DB
Qui a remporté la 10e saison de Big Brother aux États-Unis ?,Dan Gheesling,Adam Jasinski,Hayden Moss,Dick Donato,Divertissement : Télévision,easy,Open Trivia DB
Qui interprétait le rôle principal féminin dans le film « King Kong » de 1933 ?,Fay Wray,Jean Harlow,Vivien Leigh,Mae West,Divertissement : Film,easy,Open Trivia DB
Quelle est la masse atomique du carbone ?,12,14,16,10,Science et nature,easy,Open Trivia DB
"Dans Avengers : Infinity War, où se trouvait la Pierre de l'Âme ?",Vormir,Xandar,Knowhere,Asgard,Divertissement : Film,easy,Open Trivia DB
"Dans Minecraft, quels sont les deux objets à combiner pour fabriquer une torche ?",Bâton et charbon,Stick and Fire,Bois et charbon,Bois et feu,Divertissement : Jeux vidéo,easy,Open Trivia DB
"Selon la Constitution des États-Unis, quel est l'âge minimum pour être élu président des États-Unis ?",35,30,40,45,Politique,easy,Open Trivia DB
Quel club de football anglais est surnommé « Les Renards » ?,Leicester City,Ville de Northampton,Ville de Bradford,West Bromwich Albion,Sportif,easy,Open Trivia DB
Quel était le rôle de Frank West dans « Dead Rising » ?,Photojournaliste,Concierge,Cuisinier,Chauffeur de taxi,Divertissement : Jeux vidéo,easy,Open Trivia DB
La ceinture d'astéroïdes se situe entre quelles deux planètes ?,Mars et Jupiter,Jupiter et Saturne,Mercure et Vénus,La Terre et Mars,Science et nature,easy,Open Trivia DB
"Où se trouve la gare ""Llanfairpwllgwyngyllgogerychwyrndrobwllllantysiliogogogoch"" ?",Pays de Galles,Moldavie,République tchèque,Danemark,Connaissances générales,easy,Open Trivia DB
Avec combien de pays les États-Unis partagent-ils une frontière terrestre ?,2,1,3,4,Géographie,easy,Open Trivia DB
Quel film sorti en 2016 met en scène un combat entre Superman et Batman ?,Batman v Superman : L'Aube de la Justice,Batman contre Superman : Superapocalypse,Batman v Superman : Le Chevalier Noir,Batman contre Superman : Knightfall,Divertissement : Film,easy,Open Trivia DB
"Dans la série télévisée « Mad Men », quel était le vrai nom de Donald Draper ?",Richard « Dick » Whitman,Donald Draper,John Ashbury,Michael « Mikey » Wilhelm,Divertissement : Télévision,easy,Open Trivia DB
Qui est le chef de la Team Mystic dans Pokémon Go ?,Blanche,Candela,Étincelle,Saule,Divertissement : Jeux vidéo,easy,Open Trivia DB
"Dans la série originale Mega Man, qui est l'ennemi juré de Mega Man ?",Dr. Wily,Docteur Lumière,Docteur Bad,Monsieur Z,Divertissement : Jeux vidéo,easy,Open Trivia DB
"Selon le livre de la Genèse dans l'Ancien Testament, combien de jours a-t-il fallu à Dieu pour créer le monde ?",Six,Sept,Un,Douze,Connaissances générales,easy,Open Trivia DB
Quelle est l'arme la plus chère dans Counter-Strike : Global Offensive ?,Scar-20/G3SG1,M4A1,AWP,Revolver R8,Divertissement : Jeux vidéo,easy,Open Trivia DB
"Quel était le surnom donné au Hughes H-4 Hercules, un hydravion de transport lourd qui a effectué son premier vol en 1947 ?",Oie des sapins,Arche de Noé,Gros homme,Cheval de Troie,Connaissances générales,easy,Open Trivia DB
Que signifie le terme USB ?,Bus série universel,Lotion universelle Simtex,Bus de signalisation unifié,Soutien Semtex Unityped,Sciences : Informatique,easy,Open Trivia DB
Quelle est l'unité de résistance électrique ?,Ohm,Mho,Tesla,Joule,Science et nature,easy,Open Trivia DB
Quel est le nom de famille d'Edward et d'Alphonse dans la série Fullmetal Alchemist ?,Elric,Ellis,Éliek,Elwood,Divertissement : Anime et manga japonais,easy,Open Trivia DB
Qui fut le premier président des États-Unis ?,George Washington,James Madison,Thomas Jefferson,James K. Polk,Histoire,easy,Open Trivia DB
Quel jeu a été élu Jeu de l'année 2018 ?,Dieu de la guerre,Detroit : Devenir humain,Red Dead Redemption 2,Une issue,Histoire,easy,Open Trivia DB
Quel pays d'Amérique du Sud a combattu la Grande-Bretagne au sujet des îles Malouines en 1982 ?,Argentine,Brésil,Chili,Venezuela,Histoire,easy,Open Trivia DB
Qui est le protagoniste principal de Dead Space ?,Isaac Clarke,Commandant Shepard,Gordon Freeman,Maître-chef,Divertissement : Jeux vidéo,easy,Open Trivia DB
La « British Invasion » était un phénomène culturel musical où les boys bands britanniques sont devenus populaires aux États-Unis dans quelle décennie ?,années 60,années 50,années 40,années 30,Divertissement : Musique,easy,Open Trivia DB
Quelle est la plus ancienne œuvre de fiction connue au monde ?,Épopée de Gilgamesh,Papyrus d'Ani,Code d'Hammurabi,Pierre de Rosette,Art,easy,Open Trivia DB
Quel personnage de 'Family Guy' a eu droit à sa propre série dérivée en 2009 ?,Cleveland Brown,Glenn Quagmire,Joe Swanson,Le sourd enduit de graisse,Divertissement : Dessins animés et animation,easy,Open Trivia DB
"Quel est le pays, hors Japon, qui compte le plus de personnes d'origine japonaise ?",Brésil,Chine,Corée du Sud,les états-unis d'Amérique,Connaissances générales,easy,Open Trivia DB
"Dans le jeu d'horreur et de survie « Cry of Fear », quel était le nom de l'ami proche/potentiel intérêt amoureux de Simon ?",Sophie,Olivia,Jessica,Alice,Divertissement : Jeux vidéo,easy,Open Trivia DB
Quelle société développe la série de jeux de rythme Rock Band ?,Harmonix,Activision,Konami,Arts électroniques,Divertissement : Jeux vidéo,easy,Open Trivia DB
"Dans ""Overwatch"", quel est le nom de l'entreprise qui a fabriqué le mécha de D.Va ?",MEKA,MI8,KPAMC,JSAMB,Divertissement : Jeux vidéo,easy,Open Trivia DB
Quelle est la planète la plus chaude du système solaire ?,Vénus,Mars,Mercure,Jupiter,Science et nature,easy,Open Trivia DB
L'Empire ottoman a été dissous après sa défaite dans quelle guerre ?,Première Guerre mondiale,Guerre de Crimée,Révolution serbe,Seconde Guerre balkanique,Histoire,easy,Open Trivia DB
"Lors du lancement de Gmail, quelle capacité de stockage offrait-il pour vos e-mails ?",1 Go,512 Mo,5 Go,Illimité,Sciences : Informatique,easy,Open Trivia DB
Le dieu grec Poséidon était le dieu de quoi ?,La mer,Guerre,Soleil,Feu,Mythologie,easy,Open Trivia DB
"Quel est le nom de la station de ski de l'Utah que Robert Redford a achetée en 1968, et qui tire son nom d'un personnage qu'il incarnait dans un film de 1969 ?",Sundance,Woodward,Tourneur,Booker,célébrités,easy,Open Trivia DB
Quel studio d'animation a produit « Gurren Lagann » ?,Gainax,Kyoto Animation,Pierrot,A-1 Photos,Divertissement : Anime et manga japonais,easy,Open Trivia DB
L'acronyme péjoratif « PIIGS » fait référence à lequel des pays européens suivants et à leur situation économique ?,"Portugal, Irlande, Italie, Grèce, Espagne","Pologne, Islande, Italie, Grèce, Serbie","Pologne, Islande, Italie, Groenland, Espagne","Portugal, Islande, Irlande, Grèce, Serbie",Géographie,easy,Open Trivia DB
Qui a joué dans le film « Opération Dragon » de 1973 ?,Bruce Lee,Jackie Chan,Jet Li,Yun-Fat Chow,Divertissement : Film,easy,Open Trivia DB
Que signifie GHz ?,Gigahertz,Gigahotz,Gigahetz,Gigahatz,Sciences : Informatique,easy,Open Trivia DB
Quel jeu vidéo a suscité la controverse à cause de son mini-jeu caché « Hot Coffee » ?,Grand Theft Auto : San Andreas,Grand Theft Auto : Vice City,Hitman : L'argent du sang,Maman Cuisinière,Divertissement : Jeux vidéo,easy,Open Trivia DB
"Au baseball, combien de fautes représentent un retrait ?",0,5,3,2,Sportif,easy,Open Trivia DB
Qui a chevauché pour avertir les Minutemen de l'arrivée des Britanniques pendant la guerre d'indépendance américaine ?,Paul Revere,Thomas Paine,Henry Longfellow,Nathan Hale,Histoire,easy,Open Trivia DB
Qui fut le premier Premier ministre du Canada ?,John Macdonald,John Abbott,Alexandre Mackenzie,Robert Borden,Histoire,easy,Open Trivia DB
Quelle est la langue la plus parlée en Suisse ?,Allemand,Français,italien,suisse,Connaissances générales,easy,Open Trivia DB
"Quelle fut la bataille la plus longue de la Première Guerre mondiale, durant environ 303 jours ?",Bataille de Verdun,Bataille de Passchendaele,Bataille d'Amiens,Bataille de Stalingrad,Histoire,easy,Open Trivia DB
Laquelle des nations suivantes n'a PAS participé à la Première Guerre mondiale ?,Danemark,Portugal,Grèce,Roumanie,Connaissances générales,easy,Open Trivia DB
"Quel tableau de Van Gogh représente la vue depuis son asile à Saint-Rémy-de-Provence, dans le sud de la France ?",La Nuit étoilée,Champs de blé avec des corbeaux,Le semeur au soleil couchant,L'église d'Auvers,Art,easy,Open Trivia DB
"Dans « Breaking Bad », Walter White est un professeur de lycée atteint de quel type de cancer ?",cancer du poumon,Cancer de la prostate,Cancer du cerveau,Cancer des testicules,Divertissement : Télévision,easy,Open Trivia DB
Quel jeu Animal Crossing est sorti sur Nintendo Wii ?,Animal Crossing : Les Gens de la Ville,Animal Crossing : New Leaf,Animal Crossing : Monde sauvage,Animal Crossing : La population augmente !,Divertissement : Jeux vidéo,easy,Open Trivia DB
Où se trouve l'escalier « Escalier espagnol » ?,"Rome, Italie","Barcelone, Espagne","Berlin, Allemagne","Londres, Angleterre",Géographie,easy,Open Trivia DB
Comment dirait-on au revoir en espagnol ?,Adiós,Bonjour,Au revoir,Salir,Connaissances générales,easy,Open Trivia DB
Combien de syllabes composent un haïku ?,17,15,10,21,Connaissances générales,easy,Open Trivia DB
Qui a prêté sa voix au Génie dans le film Disney « Aladdin » ?,Robin Williams,Billy Crystal,Adam Sandler,Jim Carrey,Divertissement : Dessins animés et animation,easy,Open Trivia DB
Laquelle des chansons suivantes n'a pas été initialement interprétée par Sir Elton John ?,Tu seras dans mon cœur,Rocher du Crocodile,Bougie dans le vent,Je ne veux pas continuer comme ça avec toi,Divertissement : Musique,easy,Open Trivia DB
Qui était le roi des dieux dans la mythologie grecque antique ?,Zeus,Apollon,Hermès,Poséidon,Mythologie,easy,Open Trivia DB
"Dans Rust, combien de charges explosives à retardement faut-il pour détruire une trappe d'échelle ?",1,3,2,5,Divertissement : Jeux vidéo,easy,Open Trivia DB
Quel était l'artiste le plus écouté sur Spotify en 2019 ?,Post Malone,Billie Eilish,Ariana Grande,Canard,Divertissement : Musique,easy,Open Trivia DB
En quelle année la série « L'Attaque des Titans » a-t-elle été diffusée pour la première fois ?,2013,2014,2012,2015,Divertissement : Anime et manga japonais,easy,Open Trivia DB
Qui a remporté le Championnat du monde des pilotes de Formule 1 2017 ?,Lewis Hamilton,Sebastian Vettel,Nico Rosberg,Max Verstappen,Sportif,easy,Open Trivia DB
Que signifie l'acronyme RAM ?,Mémoire vive,Mémoire d'assistance aléatoire,Mandat d'assistance Rand,Bélier,Connaissances générales,easy,Open Trivia DB
Qui est l'auteur du manga « Astro Boy » ?,Osamu Tezuka,Mitsuteri Yokoyama,Takao Saito,Yoshihiro Tatsumi,Divertissement : Anime et manga japonais,easy,Open Trivia DB
Dans quel pays se trouve la ville de Rio de Janeiro ?,Brésil,Pérou,Chili,Venezuela,Géographie,easy,Open Trivia DB
Laquelle de ces équipes de super-héros apparaît dans les comics Invincible ?,Gardiens du Globe,Avengers,Ligue des Justiciers,Les Tortues Ninja,Divertissement : Bandes dessinées,easy,Open Trivia DB
Quel est le livre le plus vendu au monde parmi les suivants ?,Le Seigneur des Anneaux,Le Petit Prince,Harry Potter à l'école des sorciers,Le Da Vinci Code,Divertissement : Livres,easy,Open Trivia DB
"Dans Avengers : Infinity War, qui était en sécurité avec la Pierre de la Réalité (alias l'Éther) ?",Le collectionneur,Docteur Strange,Le Grand Maître,Sorcière Rouge,Divertissement : Film,easy,Open Trivia DB
"Comment appelle-t-on ensemble les deux personnages principaux de ""No Game No Life"", Sora et Shiro ?",Vide,Immanité,Disque,Bêtes de guerre,Divertissement : Anime et manga japonais,easy,Open Trivia DB
Lequel des monuments suivants ne se trouve pas à New York ?,Mémorial Lincoln,Empire State Building,Times Square,Central Park,Connaissances générales,easy,Open Trivia DB
Combien de lunes possède la Terre ?,1,0,2,3,Science et nature,easy,Open Trivia DB
Avec quelle entreprise Valve a-t-elle collaboré pour la création du Vive ?,HTC,Oculus,Google,Razer,Connaissances générales,easy,Open Trivia DB
Qu'est-ce qui est exposé au musée Madame Tussauds de Londres ?,Sculptures en cire,Vêtements de créateurs,Bobines de film inédites,Voitures anciennes,Connaissances générales,easy,Open Trivia DB
Lequel des personnages suivants n'était PAS un personnage jouable dans le jeu Kingdom Hearts : Birth by Sleep ?,Ignis,Ventus,Terra,Aqua,Divertissement : Jeux vidéo,easy,Open Trivia DB
Gordon Freeman aurait brûlé et détruit quel aliment dans le micro-ondes de la salle de pause ?,Casserole,Sandwich sous-marin,Soupe de poulet,Pizza au pepperoni,Divertissement : Jeux vidéo,easy,Open Trivia DB
Quel film a été considéré par la critique comme le meilleur film de tous les temps ?,Citizen Kane,Avatar,Le Parrain 2,La Chambre,Divertissement : Film,easy,Open Trivia DB
Quelle est la planète la plus proche du soleil de notre système solaire ?,Mercure,Mars,Jupiter,Terre,Connaissances générales,easy,Open Trivia DB
Lequel de ces films ne se déroule PAS à Los Angeles ?,RoboCop,Blade Runner,Terminator,Predator 2,Divertissement : Film,easy,Open Trivia DB
Quel jeu a été utilisé pour faire la publicité de Steam ?,Counter-Strike 1.6,Demi-vie,Half-Life 2,Team Fortress,Divertissement : Jeux vidéo,easy,Open Trivia DB
Quel est le nom historique du Sri Lanka ?,Ceylan,Myanmar,Colombo,Badulla,Histoire,easy,Open Trivia DB
"Sur un clavier QWERTY américain standard, quel symbole allez-vous saisir si vous maintenez la touche Maj enfoncée et appuyez sur 1 ?",Point d'exclamation,Signe du dollar,Signe de pourcentage,Astérisque,Sciences : Informatique,easy,Open Trivia DB
Qui est le protagoniste du jeu « The Walking Dead : Saison 1 » ?,Lee Everett,Clémentine,Kenny,Rick Grimes,Divertissement : Jeux vidéo,easy,Open Trivia DB
Lequel des personnages suivants n'est pas un personnage des Pierrafeu ?,Lord Rockingham IX,Ardoise de Rockhead,Le Grand Gazoo,Barney Rubble,Divertissement : Dessins animés et animation,easy,Open Trivia DB
"Par définition, où vit un animal abyssopélagique ?",Au fond de l'océan,Dans le désert,Au sommet d'une montagne,À l'intérieur d'un arbre,Animaux,easy,Open Trivia DB
"Qu'est-ce qui a transformé Jibanyan, la mascotte principale de Yo-Kai Watch, en un yokai ?",Se faire renverser par un camion,J'ai mangé trop de barres chocolatées,Par un rituel magique,Quand il a enfilé le harmaki,Divertissement : Anime et manga japonais,easy,Open Trivia DB
Lequel de ces lieux n'a pas servi de plage de débarquement lors du débarquement de Normandie ?,Argent,Or,Junon,Épée,Histoire,easy,Open Trivia DB
Quel est le centre énergétique de la cellule ?,Mitochondries,Ribosome,Red Bull,Noyau,Science et nature,easy,Open Trivia DB
Quel a été le dernier rôle au cinéma de James Coburn avant sa mort ?,Arme à feu américaine,Monstres et Cie,Texas Rangers,Chiens des neiges,célébrités,easy,Open Trivia DB
En quelle année Nelson Mandela a-t-il été libéré de prison ?,1990,1994,1992,1980,Histoire,easy,Open Trivia DB
Quel est le nom collectif désignant un groupe de corbeaux ?,Meurtre,Paquet,Troupeau,Troupeau,Animaux,easy,Open Trivia DB
Quel était le nom de la suite annulée de Team Fortress ?,Team Fortress 2 : Brotherhood of Arms,Team Fortress 2 : Mercenaires du désert,Team Fortress 2 : Opération Broyeur d'engrenages,Team Fortress 2 : Retour au Classique,Divertissement : Jeux vidéo,easy,Open Trivia DB
"Pour reprendre les paroles de sa chanson de 1973, Bob Dylan « frappe, frappe, frappe » à quelle porte ?",Le paradis,Opportunités,Angie's,Eileen,Divertissement : Musique,easy,Open Trivia DB
"Quel super-héros a été incarné au cinéma par les acteurs Michael Keaton, Val Kilmer, George Clooney et Christian Bale ?",Batman,Superman,Iron Man,Spiderman,Divertissement : Film,easy,Open Trivia DB
"Si le soccer s'appelle football en Angleterre, comment appelle-t-on le football américain en Angleterre ?",football américain,Combball,Handball,Atterrissage,Géographie,easy,Open Trivia DB
Neil Hamburger est interprété par quel humoriste ?,Gregg Turkington,Nathan Fielder,Tim Heidecker,Todd Glass,célébrités,easy,Open Trivia DB
"Dans « Call Of Duty : Zombies », quel est le nom de la machine qui améliore les armes ?",Pack-A-Punch,Wunderfizz,Dispositif Gersch,Coup de pied de mule,Divertissement : Jeux vidéo,easy,Open Trivia DB
Combien de couleurs y a-t-il dans un arc-en-ciel ?,7,8,9,10,Connaissances générales,easy,Open Trivia DB
"Quel dieu grec et romain était connu comme le dieu de la musique, de la vérité et de la prophétie, de la guérison, du soleil et de la lumière, de la peste, de la poésie, et bien plus encore ?",Apollon,Aphrodite,Artémis,Athéna,Mythologie,easy,Open Trivia DB
Combien d'étoiles figurent sur le drapeau de la Nouvelle-Zélande ?,4,5,2,0,Géographie,easy,Open Trivia DB
"Quand quelqu'un est inexpérimenté, on dit qu'il est de quelle couleur ?",Vert,Rouge,Bleu,Jaune,Connaissances générales,easy,Open Trivia DB
Laquelle des langues suivantes n'utilise PAS l'alphabet latin ?,géorgien,turc,Swahili,vietnamien,Géographie,easy,Open Trivia DB
Dans quelle ville du futur dystopique alternatif de Half-Life 2 commence-t-on l'aventure ?,Ville 17,Ville 18,Ville 6,Ville 45,Divertissement : Jeux vidéo,easy,Open Trivia DB
Quelle est la langue officielle et la plus parlée à Cuba ?,Espagnol,portugais,Français,italien,Connaissances générales,easy,Open Trivia DB
"Quel dirigeant mondial célèbre est connu pour avoir prononcé la phrase « Qu'ils mangent de la brioche », alors que la rumeur court qu'il/elle ne l'aurait jamais dite ?",Marie-Antoinette,Le tsar Nicolas II,Élisabeth Ire,Henri VIII,Histoire,easy,Open Trivia DB
Qui est le personnage principal de « La parabole de Stanley » ?,Stanley,La ligne d'aventure,Le narrateur,Le patron,Divertissement : Jeux vidéo,easy,Open Trivia DB
Quand le FC Schalke 04 a-t-il été fondé ?,1904,1909,2008,1999,Sportif,easy,Open Trivia DB
"Dans le film de 1951 « Le Jour où la Terre s'arrêta », dans quelle ville américaine le vaisseau spatial extraterrestre a-t-il atterri ?",Washington D.C.,Los Angeles,New York,Philadelphie,Divertissement : Film,easy,Open Trivia DB
"Si vous êtes pris en flagrant délit de « Goldbricking », que faites-vous de mal ?",Flâner,Fumeur,Vol,Tricherie,Connaissances générales,easy,Open Trivia DB
La série de jeux « Day of Defeat » se déroule durant quelle guerre ?,La Seconde Guerre mondiale,Première Guerre mondiale,Guerre du Vietnam,Guerre d'Irak,Divertissement : Jeux vidéo,easy,Open Trivia DB
Quel est le nom du développeur du jeu « Call Of Duty : Zombies » ?,Treyarch,Jeux de marteau de chantier,Infinity Ward,Chien coquin,Divertissement : Jeux vidéo,easy,Open Trivia DB
Combien de kilo-octets y a-t-il dans un gigaoctet (en décimal) ?,1 000 000,1024,1000,1048576,Sciences : Informatique,easy,Open Trivia DB
"Dans « Xenoblade Chronicles 2 », quel membre du groupe ne peut pas utiliser de lames normales ?",Tora,Rex,Zeke,Nia,Divertissement : Jeux vidéo,easy,Open Trivia DB
En quelle année est sorti Super Mario Bros. ?,1985,1983,1987,1986,Divertissement : Jeux vidéo,easy,Open Trivia DB
Quelle planète ne porte pas le nom d'un dieu grec ou romain ?,Terre,Jupiter,Mars,Mercure,Connaissances générales,easy,Open Trivia DB
Quel est un exemple de pathogène bactérien ?,Choléra,Rougeole,sida,Teigne,Science et nature,easy,Open Trivia DB
Quel est le groupe des années 80 dont le chanteur/guitariste est Robert Smith ?,The Cure,Les Smiths,Echo et les lapins,Nouvel Ordre,Divertissement : Musique,easy,Open Trivia DB
"Quel artiste a sorti le single « Harlem Shake » en 2012, qui a été utilisé dans de nombreuses vidéos YouTube en 2013 ?",Baauer,RL Grime,NGHTMRE,Flosstradamus,Divertissement : Musique,easy,Open Trivia DB
Combien de cases comporte un plateau de Monopoly standard ?,40,28,55,36,Divertissement : Jeux de société,easy,Open Trivia DB
Qui est le protagoniste principal de Danganronpa 2 : Goodbye Despair ?,Hajime Hinata,Nagito Komaeda,Makoto Naegi,Junko Enoshima,Divertissement : Jeux vidéo,easy,Open Trivia DB
"Dans Five Nights at Freddy's 1, comment faire disparaître Golden Freddy ?",Activer les caméras,Allumer la lumière,Fermez la porte,Ne rien faire,Divertissement : Jeux vidéo,easy,Open Trivia DB
Quel est le nom de l'imposteur de Junko Enoshima au début de Danganronpa : Trigger Happy Havoc ?,Mukuro Ikusaba,Ryota Mitarai,L'imposteur ultime,Komaru Naegi,Divertissement : Anime et manga japonais,easy,Open Trivia DB
Quel type de roche est créé par une chaleur et une pression intenses ?,Métamorphique,Sédimentaire,Igné,Diamant,Science et nature,easy,Open Trivia DB
"Dans l'anime « My Hero Academia », quel personnage possède la capacité de manipuler la gravité ?",Uraraka,Bakougo,Deku,Asui,Divertissement : Anime et manga japonais,easy,Open Trivia DB
"Parmi les mois suivants, lequel compte le plus grand nombre de jours ?",Décembre,Avril,Septembre,Novembre,Connaissances générales,easy,Open Trivia DB
Lequel de ces acteurs n'a PAS incarné Spiderman au cinéma ?,Michael Cera,Tobey Maguire,Andrew Garfield,Tom Holland,Divertissement : Film,easy,Open Trivia DB
Qui est considéré comme le « père de la philosophie moderne » ?,René Descartes,Platon,Albert Einstein,Antoine Lavoiser,Connaissances générales,easy,Open Trivia DB
"Quel pays a eu des premiers ministres nommés Eden, Major, Peel, Law, Brown et Heath ?",Royaume-Uni,Australie,Nouvelle-Zélande,Canada,Connaissances générales,easy,Open Trivia DB
Quelle est la plus grande planète du système solaire ?,Jupiter,Saturne,Terre,Mars,Science et nature,easy,Open Trivia DB
Quelle est l'unité SI de la résistance ?,Ohms,Amphéres,Siemens,Volts,Science : Gadgets,easy,Open Trivia DB
"Quel est le nom de la Sorcière du Chaos à 4 bras du jeu vidéo ""Battleborn"" sorti en 2016 ?",Orendi,Orendoo,Oranda,Excité,Divertissement : Jeux vidéo,easy,Open Trivia DB
Qui a incarné le shérif adjoint Samuel Gerard dans le film « Le Fugitif » de 1993 ?,Tommy Lee Jones,Harrison Ford,Harvey Keitel,Martin Landau,Divertissement : Film,easy,Open Trivia DB
"Quel groupe comprenait Sting, Stewart Copeland et Andy Summers ?",La police,Def Leppard,The Cure,Bon Jovi,Divertissement : Musique,easy,Open Trivia DB
Quelle est la relation entre Rick et Morty dans la série « Rick et Morty » ?,Grand-père et petit-fils,Père et fils,Meilleurs amis,Partenaires de lutte contre la criminalité,Divertissement : Dessins animés et animation,easy,Open Trivia DB
"Qui a peint « Cygnes reflétant des éléphants », « Le sommeil » et « La persistance de la mémoire » ?",Salvador Dali,Jackson Pollock,Vincent van Gogh,Edgar Degas,Art,easy,Open Trivia DB
Quel acteur interprète Obi-Wan Kenobi dans les épisodes I à III de Star Wars ?,Ewan McGregor,Alec Guinness,Hayden Christensen,Liam Neeson,Divertissement : Film,easy,Open Trivia DB
Laquelle des options suivantes correspond à une classe dans le jeu « Hearthstone » ?,Prêtre,Sage,Clerc,Moine,Divertissement : Jeux vidéo,easy,Open Trivia DB
Lequel des pays insulaires du Pacifique suivants est gouverné par une monarchie constitutionnelle ?,Tonga,Palau,Fidji,Kiribati,Politique,easy,Open Trivia DB
"Dans « Shrek », quel acteur comique prête sa voix à l'Âne ?",Eddie Murphy,Chris Rock,Richard Pryor,Bernie Mac,Connaissances générales,easy,Open Trivia DB
Qui est le chanteur du groupe 30 Seconds to Mars ?,Jared Leto,Gerard Way,Matthew Bellamy,Mike Shinoda,Divertissement : Musique,easy,Open Trivia DB
Quel est le nom du stade de Manchester United ?,Old Trafford,Anfield,Stade de la ville de Manchester,Parc St James,Sportif,easy,Open Trivia DB
"Lanky, Funky et Chunky sont des personnages de quelle série appartenant à Nintendo ?",Donkey Kong,Mario,Kirby,Zelda,Divertissement : Jeux vidéo,easy,Open Trivia DB
Lequel des systèmes anticollision suivants aide les avions à éviter d'entrer en collision entre eux ?,TCAS,GPWS,OCAS,TAWS,Véhicules,easy,Open Trivia DB
Quelle fut la toute première ligne du métro londonien à être construite ?,Ligne métropolitaine,Ligne circulaire,Ligne Bakerloo,Ligne Victoria,Connaissances générales,easy,Open Trivia DB
"Dans Danganronpa : Trigger Happy Havoc, quel est le nom du protagoniste ?",Makoto Naegi,Hajime Hinata,Nagito Komaeda,Komaru Naegi,Divertissement : Jeux vidéo,easy,Open Trivia DB
Combien de points y a-t-il sur un seul dé ?,21,24,15,18,Divertissement : Jeux de société,easy,Open Trivia DB
Le type « fée » a fait ses débuts dans quelle génération des jeux de la série principale Pokémon ?,6ème,2ème,7e,4ème,Divertissement : Jeux vidéo,easy,Open Trivia DB
"Le DJ suédois Tim Bergling, qui a produit des chansons comme « Levels » et « Wake Me Up », est plus connu sous quel pseudonyme ?",Avicii,deadmau5,Alesso,Skrillex,Divertissement : Musique,easy,Open Trivia DB
Qui interprète le personnage de Po dans les films Kung Fu Panda ?,Jack Black,Mirana Jonnes,McConahey Ramsès,Jim Petersson,Divertissement : Film,easy,Open Trivia DB
"Si l'on en croit leur surnom de longue date, quel genre de « duo » forment Batman et Robin ?",Dynamique,Dangereux,Dynastique,Délirant,Divertissement : Bandes dessinées,easy,Open Trivia DB
Qui a réalisé « E.T. l'extraterrestre » (1982) ?,Steven Spielberg,Stanley Kubrick,James Cameron,Tim Burton,Divertissement : Film,easy,Open Trivia DB
Red Vines est une marque de quel type de bonbons ?,Réglisse,Sucette,Chocolat,chewing-gum,Connaissances générales,easy,Open Trivia DB
Sur quelle guerre Call of Duty : Black Ops est-il basé ?,Guerre froide,Troisième Guerre mondiale,Vietnam,Première Guerre mondiale,Divertissement : Jeux vidéo,easy,Open Trivia DB
Qui est le titan cuirassé dans « L'Attaque des Titans » ?,Reiner Braun,Armin Arlelt,Mikasa Ackermann,Eren Jaeger,Divertissement : Anime et manga japonais,easy,Open Trivia DB
Lequel des peuples anciens suivants n'a PAS été classé comme hellénique (grec) ?,Illyriens,Doriens,Achéens,Ioniens,Histoire,easy,Open Trivia DB
"Que signifie le D dans D-pad, que l'on trouve sur la plupart des manettes de jeux vidéo ?",Directionnel,Dynamique,Connexion par ligne commutée,Conception,Divertissement : Jeux vidéo,easy,Open Trivia DB
"Dans « Jurassic World », quel est le nom du dinosaure qui est un hybride génétique ?",Indominus Rex,Mosasaure,Ptéranodon,Tyrannosaure Rex,Divertissement : Film,easy,Open Trivia DB
Quelle console de jeux est développée par Sony ?,PlayStation,Xbox,Atari,Nintendo Switch,Science : Gadgets,easy,Open Trivia DB
Quelle ville italienne abrite le constructeur automobile Fiat ?,Turin,Maranello,Modène,Rome,Véhicules,easy,Open Trivia DB
Lequel de ces moteurs de jeux vidéo a été créé par la société Epic Games ?,Irréel,Unité,Créateur de jeux : Studio,Moteur Cry,Divertissement : Jeux vidéo,easy,Open Trivia DB
Quel artiste a peint la fresque de la fin du XVe siècle intitulée « La Cène » ?,Léonard de Vinci,Piero della Francesca,Paolo Uccello,Luca Pacioli,Art,easy,Open Trivia DB
Quel élément mécanique se trouve au centre des fidget spinners ?,Roulements,Essieux,Engrenages,Ceintures,Connaissances générales,easy,Open Trivia DB
Qui a peint la fresque biblique La Création d'Adam ?,Michel-Ange,Léonard de Vinci,Caravaggio,Rembrandt,Art,easy,Open Trivia DB
Quel groupe de rap a sorti l'album « Straight Outta Compton » ?,N.W.A,Wu-Tang Clan,Run-D.M.C.,Beastie Boys,Divertissement : Musique,easy,Open Trivia DB
Quelle Tortue Ninja porte traditionnellement un bandana orange ?,Michel-Ange,Léonard de Vinci,Donatello,Raphaël,Divertissement : Dessins animés et animation,easy,Open Trivia DB
"Combien de fois affronte-t-on Gilgamesh dans ""Final Fantasy 5"" ?",6,4,5,3,Divertissement : Jeux vidéo,easy,Open Trivia DB
En quelle année est sorti League of Legends ?,2009,2010,2003,2001,Divertissement : Jeux vidéo,easy,Open Trivia DB
Le « K » dans « K-Pop » signifie quoi ?,coréen,Kenyan,Kazakhstan,koweïtien,Divertissement : Musique,easy,Open Trivia DB
"Dans la série « Hitman », quel est le nom du personnage principal ?",Agent 47,Agent 27,Agent Smith,Agent 67,Divertissement : Jeux vidéo,easy,Open Trivia DB
Quel célèbre auteur de romans d'espionnage a écrit le livre pour enfants « Chitty-Chitty-Bang-Bang » ?,Ian Fleming,Joseph Conrad,John Buchan,Graham Greene,Divertissement : Livres,easy,Open Trivia DB
Lequel des éléments suivants ne fait pas partie des groupes du tableau périodique ?,Fluor,Métaux alcalins,halogènes,Gaz nobles,Science et nature,easy,Open Trivia DB
Combien de pièces y a-t-il sur l'échiquier au début d'une partie d'échecs ?,32,16,20,36,Divertissement : Jeux de société,easy,Open Trivia DB
"Dans l'anime Noragami, qui est l'un des protagonistes principaux ?",Yukine,Karuha,Mineha,Mayu,Divertissement : Anime et manga japonais,easy,Open Trivia DB
Quel est le prénom du mathématicien Euler ?,Léonhard,Lionel,Andrin,Ajan,Sciences : Mathématiques,easy,Open Trivia DB
Quelle est la vitesse de la lumière dans le vide ?,299 792 458 m/s,50 461 m/s,308 215 043 m/s,751 665 014 151 m/s,Science et nature,easy,Open Trivia DB
Quel nom portait historiquement la ville turque aujourd'hui connue sous le nom d'Istanbul ?,Constantinople,Hüdavendigar,Söğüt,Andrinople,Géographie,easy,Open Trivia DB
Quel est le nom de l'album sorti en 2014 par le groupe américain Maroon 5 ?,V,X,III,IV,Divertissement : Musique,easy,Open Trivia DB
"Dans une partie de Monopoly classique, de quelle couleur sont les deux propriétés les moins chères ?",Brun,Vert,Jaune,Bleu,Divertissement : Jeux de société,easy,Open Trivia DB
Quelle ville européenne est surnommée la « Ville Lumière » ?,Paris,Rome,Londres,Madrid,Géographie,easy,Open Trivia DB
Lequel des jeux de rythme suivants a été créé par Harmonix ?,Groupe de rock,Manie du rythme de la viande,Guitar Hero Live,Dance Dance Revolution,Connaissances générales,easy,Open Trivia DB
Quelle est la première console Sony PlayStation fonctionnant sur CD ?,PS,PS2,PS3,PS4,Divertissement : Jeux vidéo,easy,Open Trivia DB
Combien de bits correspondent généralement à un octet ?,8,1,2,64,Sciences : Informatique,easy,Open Trivia DB
Quel organe du corps produit la bile ?,Foie,Vésicule biliaire,Pancréas,Estomac,Connaissances générales,easy,Open Trivia DB
En quelle année le jeu « Overwatch » a-t-il été révélé ?,2014,2015,2011,2008,Divertissement : Jeux vidéo,easy,Open Trivia DB
Quel est le nom du protagoniste principal de la franchise « Legend of Zelda » ?,Lien,Mario,Zelda,Fosse,Divertissement : Jeux vidéo,easy,Open Trivia DB
"Dans le film d'animation de 2012 « Les Enfants Loups », quels sont les noms des enfants loups ?",Ame et Yuki,Hana et Yuki,Ame et Hana,Chuck et Anna,Divertissement : Anime et manga japonais,easy,Open Trivia DB
Combien d'albums King Gizzard & the Lizard Wizard a-t-il sortis en 2017 ?,5,3,6,2,Divertissement : Musique,easy,Open Trivia DB
"Satella dans ""Re:Zero"" est la sorcière de quoi ?",Envie,Fierté,Paresseux,Colère,Divertissement : Anime et manga japonais,easy,Open Trivia DB
"Ce film contient la citation : « Houston, nous avons un problème. »",Apollo 13,Les bonnes choses,Capricorne Un,Naufragé,Divertissement : Film,easy,Open Trivia DB
« Grande Valse » est une expression tirée de la chanson « Gran Vals ». Comment s'appelle ce passage de la chanson ?,Nokia Tune,Bonjour Moto [Sonnerie Motorola],Sonnerie Droid,Sonnerie Microsoft,Divertissement : Musique,easy,Open Trivia DB
"Dans ""Undertale"", combien y a-t-il de fins principales ?",3,2,5,13,Divertissement : Jeux vidéo,easy,Open Trivia DB
La pièce de 1 dollar canadien est familièrement appelée comment ?,Loonie,Boolie,Fou,Moodie,Connaissances générales,easy,Open Trivia DB
Quelle était la race du chien de Marley dans le film « Marley & Moi » (2008) ?,Labrador Retriever,Golden Retriever,dalmatien,Shiba Inu,Divertissement : Film,easy,Open Trivia DB
Quelle est la langue officielle du Brésil ?,portugais,brésilien,Espagnol,Anglais,Connaissances générales,easy,Open Trivia DB
Quel est le titre de la chanson du menu principal de Halo ?,Halo,Suite d'ouverture,Ombres,Suite Automne,Divertissement : Jeux vidéo,easy,Open Trivia DB
"Dans le jeu Half-Life, quel ennemi est présenté comme le boss final ?",Le Nihilanth,Dr Wallace Breen,G-Man,Le Gonarch,Divertissement : Jeux vidéo,easy,Open Trivia DB
Qu'est-ce que le Laos ?,Pays,Région,Rivière,Ville,Géographie,easy,Open Trivia DB
"Qui jouait le rôle de la serveuse dans le sketch du spam de ""Monty Python's Flying Circus"" ?",Terry Jones,Éric Idle,Graham Chapman,John Cleese,Divertissement : Télévision,easy,Open Trivia DB
Que signifient les lettres du fuseau horaire GMT ?,Heure de Greenwich,Heure du méridien global,Temps médian général,Glasgow Man Time,Connaissances générales,easy,Open Trivia DB
"Dans « Yo! Noid 2 », quel coup spécial le Noid peut-il effectuer ?",Touche,Lancer de pizza,Esquive en roulade,Spin Dash,Divertissement : Jeux vidéo,easy,Open Trivia DB
Qui était l'ange gardien de Donkey Kong lorsqu'il est mort dans l'épisode « La vie est belle » de la série « Donkey Kong Country » ?,Eddie le méchant vieux yéti,Kiddy Kong,Diddy Kong,Roi K. Rool,Divertissement : Télévision,easy,Open Trivia DB
Dans quelle ville se trouve l'université Harvard ?,Cambridge,Providence,New York,Washington D.C.,Géographie,easy,Open Trivia DB
En quelle année le jeu Team Fortress 2 est-il sorti ?,2007,2009,2005,2010,Divertissement : Jeux vidéo,easy,Open Trivia DB
Qu'est-ce que la Tasmanie ?,Un État australien,Une saveur de glace Ben & Jerry's,Un trouble psychologique,Le nom d'un personnage de dessin animé Warner Bros.,Connaissances générales,easy,Open Trivia DB
Quel pays a accueilli les Jeux olympiques d'été de 2020 ?,Japon,Chine,Australie,Allemagne,Sportif,easy,Open Trivia DB
Lequel de ces personnages n'est PAS un combattant jouable dans Super Smash Bros. Ultimate ?,Kumatora,Roi K. Rool,Incinéroar,Corrin,Divertissement : Jeux vidéo,easy,Open Trivia DB
De quelle mythologie est issu le dieu « Apollon » ?,Grec et romain,Romain et espagnol,Grec et chinois,"Grec, romain et nordique",Mythologie,easy,Open Trivia DB
Comment les marins appellent-ils l'avant d'un bateau ?,Arc,Arrière,Port,Tribord,Connaissances générales,easy,Open Trivia DB
Quel restaurant a pour mascotte un clown ?,McDonald's,Whataburger,Burger King,Sonique,Connaissances générales,easy,Open Trivia DB
Quelle est la formule de l'aire d'une sphère ?,(4/3)πr^3,4πr^2,(1/3)πhr^2,πr^4,Sciences : Mathématiques,easy,Open Trivia DB
Dans quel sport utilise-t-on un « volant » ?,Badminton,Tennis de table,Rugby,Cricket,Sportif,easy,Open Trivia DB
Que signifie le F dans FBI ?,Fédéral,Étranger,Officiel,D'abord,Connaissances générales,easy,Open Trivia DB
Quel est le vrai nom de Grumpy Cat ?,Sauce Tardar,Sauce,Minnie,Brocoli,Animaux,easy,Open Trivia DB
Quand est sorti Pong ?,29 novembre 1972,29 mars 2017,29 novembre 1970,14 décembre 1974,Connaissances générales,easy,Open Trivia DB
"Dans le film « Une nuit dans les bois », où travaille Gregg ?",Snack Falcon,Vieille pioche,Avant-poste vidéo « Aussi »,Nourriture pour âne,Divertissement : Jeux vidéo,easy,Open Trivia DB
"Dans Black Hammer, quelle ville les héros ont-ils sauvée de l'Anti-Dieu ?",Cité en spirale,Méga-Cité Un,Bois de Rocher,Star City,Divertissement : Bandes dessinées,easy,Open Trivia DB
Qui a connu un succès dans le top 5 en 1969 avec la chanson « A Boy Named Sue » ?,Johnny Cash,Bob Dylan,Willie Nelson,Kris Kristofferson,Divertissement : Musique,easy,Open Trivia DB
Quand le DVD a-t-il été inventé ?,1995,2000,1990,1980,Science : Gadgets,easy,Open Trivia DB
Quelle carte de « Call of Duty : Zombies » a introduit les « Bâtons des Anciens » ?,Origines,Shangri-La,Révélations,Nuketown,Divertissement : Jeux vidéo,easy,Open Trivia DB
Quel est le nombre minimal de côtés d'un polygone ?,3,1,2,7,Sciences : Mathématiques,easy,Open Trivia DB
"Aux échecs, quelle est une caractéristique du Gambit du Roi ?",Sacrifier un pion,Sacrifier le roi pour une reine,Roque côté roi,Déplacer le roi au 2ème coup,Divertissement : Jeux de société,easy,Open Trivia DB
Quel pays revendique la souveraineté sur l'Antarctique ?,"Personne, mais il y a des allégations.",les états-unis d'Amérique,Les Nations Unies,Australie,Géographie,easy,Open Trivia DB
Quelle est la planète la plus chaude du système solaire ?,Vénus,Jupiter,Mercure,Mars,Science et nature,easy,Open Trivia DB
Les wombats sont originaires de quel pays ?,Australie,Nouvelle-Zélande,Papouasie-Nouvelle-Guinée,Palau,Animaux,easy,Open Trivia DB
Qui a créé Garry's Mod ?,Garry Newman,Randy Newman,Studios Facepunch,Gabe Newell,Divertissement : Jeux vidéo,easy,Open Trivia DB
"Dans le jeu « Overwatch », quels sont les noms des deux criminels australiens de la faction des Junkers ?",Junkrat et Roadhog,Roadrat et Junkhog,Ana et Pharah,McCree et Deadeye,Divertissement : Jeux vidéo,easy,Open Trivia DB
Lequel des pays africains suivants a le mieux réussi à résister à la colonisation ?,Ethiopie,Côte d’Ivoire,Congo,Namibie,Histoire,easy,Open Trivia DB
"League of Legends, DOTA 2, Smite et Heroes of the Storm appartiennent à quel genre de jeu ?",Arène de bataille en ligne multijoueur (MOBA),Stratégie en temps réel (STR),Jeu de tir à la première personne (FPS),Jeu de rôle (RPG),Divertissement : Jeux vidéo,easy,Open Trivia DB
Quel animal représente le logo du constructeur automobile italien Lamborghini ?,Taureau,Batte,Cheval,Serpent,Véhicules,easy,Open Trivia DB
Combien de bits contient généralement un seul octet ?,Huit bits,Six bits,Douze morceaux,Quinze bits,Sciences : Informatique,easy,Open Trivia DB
"Dans Kingdom Hearts, combien de membres compte l'Organisation XIII au total ?",14,10,13,12,Divertissement : Jeux vidéo,easy,Open Trivia DB
Qui a réalisé les films Kill Bill ?,Quentin Tarantino,Arnold Schwarzenegger,David Lean,Stanley Kubrick,Divertissement : Film,easy,Open Trivia DB
Qui interprète Alice dans les films Resident Evil ?,Milla Jovovich,Madison Derpe,Milla Johnson,Kim Demp,Divertissement : Film,easy,Open Trivia DB
La principale différence entre une cellule eucaryote et une cellule procaryote est :,La présence ou l'absence d'un noyau,La taille globale,La présence ou l'absence de certains organites,Le mode de reproduction,Science et nature,easy,Open Trivia DB
Les restes enfouis de quel explorateur anglais de l'Australie ont été découverts à Londres en janvier 2019 ?,Matthieu Flinders,William Bourke,Abel Tasman,Dirk Hartog,Connaissances générales,easy,Open Trivia DB
Quelles créatures mythologiques ont un visage de femme et un corps de vautour ?,Harpies,sirènes,Nymphe,Lilith,Mythologie,easy,Open Trivia DB
Que signifie l'inscription IWHBYD sur le crâne dans la série Halo ?,J'aurais été ton papa,"Je veux avoir des bébés, tu es là ?",Je détesterais être votre chauffeur,J'aurais acheté votre chien,Divertissement : Jeux vidéo,easy,Open Trivia DB
Comment appelle-t-on un bébé chauve-souris ?,Chiot,Petit,Poussin,Enfant,Animaux,easy,Open Trivia DB
La trypophobie est la peur de,groupes de trous,nager en eau profonde,art oratoire,manger trop,Connaissances générales,easy,Open Trivia DB
"Quand on est « envieux », on dit qu'on est de quelle couleur ?",Vert,Rouge,Bleu,Jaune,Connaissances générales,easy,Open Trivia DB
Quel a été l'album le plus vendu en 2015 ?,"Adèle, 25 ans","Fetty Wap, Fetty Wap","Taylor Swift, 1989","Justin Bieber, Objectif",Divertissement : Musique,easy,Open Trivia DB
Quel pays moderne est surnommé « le cimetière des empires » ?,Afghanistan,Chine,Irak,Russie,Histoire,easy,Open Trivia DB
Quand ont lieu les Ides de Mars ?,15 mars,14 mars,31 mars,1er mars,Histoire,easy,Open Trivia DB
"Dans la série « Rick et Morty », dans l'épisode « Total Rickall », qui était un parasite ?",Pencilvester,Beth Smith,Summer Smith,Monsieur Trou du cul caca,Divertissement : Télévision,easy,Open Trivia DB
Dans quel livre de Harry Potter apparaît-on pour la première fois un Horcruxe ?,La Chambre des Secrets,Le Prince de Sang-Mêlé,La Coupe de Feu,Les Reliques de la Mort,Divertissement : Livres,easy,Open Trivia DB
"Dans le jeu Warframe, comment s'appelle le robot bipède de la faction Corpus ?",MOA,Corpus Tech,Membre d'équipage,Marcheur du corps,Divertissement : Jeux vidéo,easy,Open Trivia DB
Qui est la star de la série Breaking Bad diffusée sur AMC ?,Walter White,Saul Goodman,Jesse Pinkman,Skyler White,Divertissement : Télévision,easy,Open Trivia DB
"Dans le dessin animé « Bob l'éponge », que signifiait l'acronyme E.V.I.L. ?",Chaque méchant est un citron,Chaque méchant est une limonade,Chaque méchant est un citron vert,Chaque méchant est une limonade,Divertissement : Télévision,easy,Open Trivia DB
En quelle année Hearthstone est-il sorti ?,2014,2011,2013,2012,Divertissement : Jeux vidéo,easy,Open Trivia DB
La « Piste des Larmes » est une conséquence de la politique de déplacement forcé des Indiens menée par quel président des États-Unis ?,Andrew Jackson,Harry S. Truman,Martin Van Buren,John Quincy Adams,Histoire,easy,Open Trivia DB
Quel est le nom de famille d'un des professeurs de la série de la BBC « Postman Pat » ?,Pringles,Marcheur,Dorito,Lays,Divertissement : Dessins animés et animation,easy,Open Trivia DB
Quelle équipe de la NFL joue pour la Nouvelle-Angleterre ?,Patriotes,Chefs,Dauphins,49ers,Sportif,easy,Open Trivia DB
"Sting, le chanteur principal du groupe The Police, joue principalement de quel instrument ?",Basse,Batterie,Guitare,Claviers,Divertissement : Musique,easy,Open Trivia DB
Combien de planètes compte notre système solaire ?,Huit,Neuf,Sept,Dix,Science et nature,easy,Open Trivia DB
"Quel pays a produit des footballeurs tels que Cafu, Roberto Carlos et Pelé ?",Brésil,Argentine,Portugal,Espagne,Sportif,easy,Open Trivia DB
Dans quelle ville indienne se trouve le Taj Mahal ?,Agra,Mumbai,Faridabad,Thane,Géographie,easy,Open Trivia DB
Quelle équipe a remporté la Coupe du Monde de la FIFA 2014 au Brésil ?,Allemagne,Argentine,Brésil,Pays-Bas,Sportif,easy,Open Trivia DB
"Dans World of Warcraft, quel était le nom du sort qui a provoqué une épidémie ayant tristement tué des millions de joueurs en 2005 ?",Sang corrompu,peste nécrotique,Infestation débridée,Infection mutée,Divertissement : Jeux vidéo,easy,Open Trivia DB
"En chiffres romains, à quoi correspond XL ?",40,60,15,90,Sciences : Mathématiques,easy,Open Trivia DB
Quels albums contenaient les titres « Back in Black » et « Ballbreaker » ?,CA/CC,Iron Maiden,Sabbat noir,Metallica,Divertissement : Musique,easy,Open Trivia DB
Le préfixe métrique « atto- » rend une mesure combien plus petite que l'unité de base ?,Un quintillionième,Un milliardième,Un quadrillionième,Un septillionième,Sciences : Mathématiques,easy,Open Trivia DB
Lequel des instruments de musique suivants ne fait PAS partie de la section des bois ?,Trompette,Clarinette,Hautbois,Saxophone alto,Divertissement : Musique,easy,Open Trivia DB
À qui appartenait le slogan de campagne présidentielle de 2016 : « Rendre sa grandeur à l’Amérique » ?,Donald Trump,Ted Cruz,Marco Rubio,Bernie Sanders,Politique,easy,Open Trivia DB
Laquelle de ces régions africaines n'est *pas* directement limitrophe de la République démocratique du Congo ?,Soudan,République centrafricaine,Tanzanie,Zambie,Géographie,easy,Open Trivia DB
Dans quel jeu dérivé de Mario Waluigi a-t-il fait ses débuts ?,Mario Tennis,Mario Party 3,Mario Kart : Double Dash !!,Mario Golf : Tournée Toadstool,Divertissement : Jeux vidéo,easy,Open Trivia DB
"En matière de réseaux, que signifie OSPF ?",Ouvrir d'abord le chemin le plus court,Commandez d'abord l'état de la partie,Trouver un ping de sens de l'ordre,Ouvrir le chercheur de chemin de signal,Sciences : Informatique,easy,Open Trivia DB
Qui a reçu le titre de « Full Metal » dans la série animée « Full Metal Alchemist » ?,Edward Elric,Alphonse Elric,Van Hohenheim,Izumi Curtis,Divertissement : Anime et manga japonais,easy,Open Trivia DB
Quel personnage de la mythologie grecque s'est rendu aux enfers pour ramener son épouse Eurydice au monde des vivants ?,Orphée,Hercule,Persée,Dédale,Mythologie,easy,Open Trivia DB
"Dans la franchise de jeux vidéo « Halo », quel est le nom de la principale faction opposée à l'UNSC ?",L'Alliance,Le règlement de comptes,Les peuples,Les abatteurs,Divertissement : Jeux vidéo,easy,Open Trivia DB
Quel est le nom de la ville où se déroule l'histoire des Pierrafeu ?,Base,Stoneville,Rockhampton,Boulder City,Divertissement : Dessins animés et animation,easy,Open Trivia DB
Le terme « batterie » pour décrire un dispositif de stockage d'énergie électrique a été inventé par qui ?,Benjamin Franklin,Nikola Tesla,Luigi Galvani,Alessandro Volta,Science : Gadgets,easy,Open Trivia DB
En quelle année le pistolet M1911 a-t-il été conçu ?,1911,1907,1899,1917,Histoire,easy,Open Trivia DB
En quelle année le jeu Dishonored est-il sorti ?,2012,2011,2008,2013,Divertissement : Jeux vidéo,easy,Open Trivia DB
Combien de livres Harry Potter existe-t-il ?,7,8,5,6,Divertissement : Livres,easy,Open Trivia DB
Quelle équipe a remporté le championnat d'Angleterre de Premier League 2015-2016 ?,Leicester City,Liverpool,Chelsea,Manchester United,Sportif,easy,Open Trivia DB
Quelle est la capitale de l'Espagne ?,Madrid,Paris,Barcelone,Lisbonne,Connaissances générales,easy,Open Trivia DB
"Dans My Little Pony, quel est le nom de la petite sœur d'Applejack ?",Apple Bloom,Red Delicious,Bonbons aux pommes,Beignet aux pommes,Divertissement : Dessins animés et animation,easy,Open Trivia DB
Quand la PlayStation 3 est-elle sortie ?,11 novembre 2006,8 janvier 2007,25 décembre 2007,16 juillet 2006,Connaissances générales,easy,Open Trivia DB
Quelle race de Guild Wars 2 croit en l'Alchimie Éternelle ?,Asura,Humains,Norn,Charr,Divertissement : Jeux vidéo,easy,Open Trivia DB
Lequel des jeux de cartes suivants est basé sur les nombres et les mathématiques de base ?,Uno,Go Fish,Tornade,Munchkin,Connaissances générales,easy,Open Trivia DB
Quel langage utilise Node.js ?,JavaScript,Java,Source Java,Code source de Joomla,Sciences : Informatique,easy,Open Trivia DB
Quel est le plus grand pays du monde ?,Russie,Canada,Chine,États-Unis,Géographie,easy,Open Trivia DB
"Dans le film « Seul au monde », le meilleur ami du protagoniste principal sur l'île s'appelle",Wilson,Carson,Jackson,Willy,Divertissement : Film,easy,Open Trivia DB
Qui est la véritable princesse de la lune dans Sailor Moon ?,Sailor Moon,Sailor Venus,Sailor Mars,Sailor Jupiter,Divertissement : Anime et manga japonais,easy,Open Trivia DB
De quelle couleur est la moitié de la lame-ciseaux de Ryūko Matoi dans l'anime Kill la Kill ?,Rouge,Vert,Bleu,Violet,Divertissement : Anime et manga japonais,easy,Open Trivia DB
Laquelle des propositions suivantes ne correspond pas au nom d'une « James Bond Girl » ?,Vanessa Kensington,Pam Bouvier,Marie Bonne nuit,Wai Lin,Divertissement : Film,easy,Open Trivia DB
Quand la série télévisée Rick et Morty a-t-elle été diffusée pour la première fois sur Adult Swim ?,2013,2014,2016,2015,Divertissement : Télévision,easy,Open Trivia DB
Quel pays a développé le fusil d'assaut AK-47 ?,Union soviétique,L'Iran,Israël,Pologne,Connaissances générales,easy,Open Trivia DB
Quel maréchal allemand était surnommé le « Renard du désert » ?,Erwin Rommel,Ernst Busch,Wolfram Freiherr von Richthofen,Liste de Guillaume,Histoire,easy,Open Trivia DB
Qui a incarné Thanos dans Avengers : Infinity War et Avengers : Endgame ?,Josh Brolin,Tom Hiddleston,Adam Sandler,Sean Gunn,Divertissement : Film,easy,Open Trivia DB
Combien de côtés possède un heptagone ?,7,5,4,9,Sciences : Mathématiques,easy,Open Trivia DB
Laquelle des îles japonaises suivantes est la plus grande ?,Honshū,Hokkaidō,Shikoku,Kyūshū,Géographie,easy,Open Trivia DB
Quel acteur interprète « Walter White » dans la série « Breaking Bad » ?,Bryan Cranston,André Lincoln,Aaron Paul,RJ Mitte,Divertissement : Télévision,easy,Open Trivia DB
"Dans « One Piece », de quelle couleur est le nez de Tony Tony Chopper ?",Bleu,Noir,Gris,Rouge,Divertissement : Anime et manga japonais,easy,Open Trivia DB
"Dans la série animée Disney de 1993 « Bonkers », quel est le nom du deuxième partenaire de Bonkers ?",Miranda Wright,Dick Tracy,Eddie Valiant,Dr Ludwig von Drake,Divertissement : Dessins animés et animation,easy,Open Trivia DB
La marque de vêtements et de chaussures Nike tire son nom de la déesse grecque de quoi ?,Victoire,Courage,Force,Honneur,Mythologie,easy,Open Trivia DB
Qui est le chef de la Team Instinct dans Pokémon Go ?,Étincelle,Candela,Blanche,Saule,Divertissement : Jeux vidéo,easy,Open Trivia DB
Qui est l'auteur de Jurassic Park ?,Michael Crichton,Peter Benchley,Chuck Paluhniuk,Irvine Gallois,Connaissances générales,easy,Open Trivia DB
Quel fabricant de pneus est célèbre pour sa gamme « P Zero » ?,Pirelli,Goodyear,Bridgestone,Michelin,Véhicules,easy,Open Trivia DB
Quel est l'os le plus long du corps humain ?,Fémur,Omoplate,Fibule,Cubitus,Science et nature,easy,Open Trivia DB
Quel est le titre du premier livre de Sherlock Holmes écrit par Arthur Conan Doyle ?,Une étude en rouge,Le Signe des Quatre,Une affaire d'identité,Les agissements de Raffles Haw,Divertissement : Livres,easy,Open Trivia DB
Quel est le nom du personnage principal de la série télévisée « The Flash » ?,Barry Allen,Oliver Queen,Bart Allen,Bruce Wayne,Divertissement : Télévision,easy,Open Trivia DB
"Que vient-il après un million, un milliard et un billion ?",Quadrillion,Sextillions,Quintillion,Septillion,Sciences : Mathématiques,easy,Open Trivia DB
Quel est le nom de la planète d'où vient le Docteur de la série télévisée « Doctor Who » ?,Gallifrey,Sontar,Skaro,Mondas,Divertissement : Télévision,easy,Open Trivia DB
"Dans la série Stranger Things, quel est le petit-déjeuner préféré d'Eleven ?",Gaufres Eggo,Griller,Capitaine Crunch,Bacon et œufs,Divertissement : Télévision,easy,Open Trivia DB
Qui a créé le jeu vidéo « Minecraft » sorti en 2011 ?,Markus Persson,Jens Bergensten,Daniel Rosenfeld,Carl Manneh,Divertissement : Jeux vidéo,easy,Open Trivia DB
Hippocampus est le nom latin de quelle créature marine ?,Hippocampe,Dauphin,Baleine,Pieuvre,Animaux,easy,Open Trivia DB
"David Tennant, la star de ""Doctor Who"", a joué dans quelle adaptation d'une pièce de Shakespeare ?",Hamlet,La Tempête,Othello,La Mégère apprivoisée,Divertissement : Comédies musicales et théâtres,easy,Open Trivia DB
Combien d'albums studio le duo Daft Punk a-t-il sortis ?,4,1,5,2,Divertissement : Musique,easy,Open Trivia DB
Comment s'appelle un polygone à neuf côtés ?,Nonagone,Hexagone,Octogone,Heptagone,Sciences : Mathématiques,easy,Open Trivia DB
Quel âge avait Adolf Hitler à sa mort ?,56,43,65,47,Histoire,easy,Open Trivia DB
Qui joue Toad dans le film Super Mario Bros. (2023) ?,Clé Keegan-Michael,Seth Rogan,Charlie Day,Jack Black,Divertissement : Film,easy,Open Trivia DB
Que signifie LTS sur le marché des logiciels ?,Soutien à long terme,Service de tacos longs,Vitesse de transfert absurde,Vitesse turbo absurde,Sciences : Informatique,easy,Open Trivia DB
Quelle est la capitale des États-Unis ?,"Washington, D.C.","Los Angeles, Californie","New York, NY","Houston, Texas",Géographie,easy,Open Trivia DB
"Dans l'univers de la série PAYDAY, quel criminel a été arrêté puis secouru par le gang PAYDAY ?",Hoxton,Dallas,Loup,Chaînes,Divertissement : Jeux vidéo,easy,Open Trivia DB
Dans quel pays la Trabant 601 a-t-elle été fabriquée ?,Allemagne de l'Est,Union soviétique,Hongrie,France,Véhicules,easy,Open Trivia DB
"Dans « Phoenix Wright : Ace Attorney », quel personnage est le chef de la police du district ?",Damon Gant,Miles Edgeworth,Lana Skye,Mike Meekins,Divertissement : Jeux vidéo,easy,Open Trivia DB
"Quel était le nom de la jeune sorcière interprétée par Melisa Joan Hart, qui vit avec ses tantes sorcières Hilda et Zelda ?",Sabrina,Hermione,Dorothy,Dahlia,Divertissement : Télévision,easy,Open Trivia DB
Le Guyana se trouve sur quel continent ?,Amérique du Sud,Afrique,Amérique du Nord,Asie,Géographie,easy,Open Trivia DB
"Dans « ALF », quel était le vrai nom d'ALF ?",Gordon Shumway,Gordon Milipp,Gordon Foster,Gordon von Gam,Divertissement : Film,easy,Open Trivia DB
Quel est le symbole astrologique des Gémeaux ?,Jumeaux,Poisson,Balance,Jeune fille,Connaissances générales,easy,Open Trivia DB
Quand Google a-t-il été fondé ?,4 septembre 1998,9 octobre 1997,12 décembre 1989,7 février 2000,Histoire,easy,Open Trivia DB
"Dans le jeu « DELTARUNE », quel est le pouvoir spécial de Ralsei ?",Pacifier,Persuader,Éliminer,Câlin,Divertissement : Jeux vidéo,easy,Open Trivia DB
Le terme médical désignant le nombril est lequel des suivants ?,Ombilic,nævus,Nares,Paxille,Science et nature,easy,Open Trivia DB
Quel boxeur a été suspendu pour avoir mordu l'oreille d'Evander Holyfield en 1997 ?,Mike Tyson,Roy Jones Jr.,Evander Holyfield,Lennox Lewis,Sportif,easy,Open Trivia DB
À quelle classe d'animaux appartiennent les tritons ?,Amphibie,Poisson,Reptiles,Mammifères,Animaux,easy,Open Trivia DB
"Dans la franchise de jeux vidéo Kingdom Hearts, le protagoniste principal porte une arme de quelle forme ?",Clé,Épée,Stylo,téléphone portable,Connaissances générales,easy,Open Trivia DB
« Certains m'appellent le cowboy de l'espace » est le premier vers de quelle chanson ?,Le Joker,Fandango,Prenez l'argent et fuyez,Vole comme un aigle,Divertissement : Musique,easy,Open Trivia DB
"Dans le film de 1986 « The Wraith », quel concept-car est utilisé pour la Turbo Interceptor ?",Dodge M4S,Pontiac Banshee,General Motors Firebird,Dodge Copperhead,Divertissement : Film,easy,Open Trivia DB
Quel est le nom du frère de Chris dans « Tout le monde déteste Chris » ?,Drew,Jérôme,Greg,Joe,Divertissement : Télévision,easy,Open Trivia DB
Qui était le général confédéré pendant la guerre de Sécession américaine ?,Robert E. Lee,George A. Custer,Ulysses S. Grant,George B. McClellan,Histoire,easy,Open Trivia DB
Qui est le chanteur principal de Green Day ?,Billie Joe Armstrong,Mike Dirnt,Sean Hughes,Tré Cool,Divertissement : Musique,easy,Open Trivia DB
Combien de joueurs de football doivent se trouver sur le terrain en même temps ?,22,20,24,26,Sportif,easy,Open Trivia DB
Combien de côtés possède un trapèze ?,4,3,5,6,Sciences : Mathématiques,easy,Open Trivia DB
Quel est le premier élément du tableau périodique ?,Hydrogène,Hélium,Oxygène,Lithium,Science et nature,easy,Open Trivia DB
Jaguar Cars appartenait auparavant à quel constructeur automobile ?,Gué,Chrysler,General Motors,Décret,Véhicules,easy,Open Trivia DB
Qui a écrit le roman « Las Vegas Parano » ?,Hunter S. Thompson,F. Scott Fitzgerald,Henry Miller,William S. Burroughs,Divertissement : Livres,easy,Open Trivia DB
Combien de lunes possède Pluton ?,Cinq,Deux,Trois,Un,Science et nature,easy,Open Trivia DB
Lequel de ces niveaux n'apparaît PAS dans les versions console/PC du jeu « Sonic Generations » ?,Colline aux champignons,Évasion urbaine,Planète Wisp,Sanctuaire céleste,Divertissement : Jeux vidéo,easy,Open Trivia DB
Que signifie la lettre « S » dans « NASA » ?,Espace,Science,Société,Étoile,Science et nature,easy,Open Trivia DB
Lequel de ces pays ne faisait PAS partie des Puissances centrales pendant la Première Guerre mondiale ?,Espagne,Autriche-Hongrie,Turquie,Allemagne,Histoire,easy,Open Trivia DB
Lesquels de ces animaux ne sont pas réels ?,Lion de Némée,Dragon des mers,Diable de Tasmanie,Calmar géant,Animaux,easy,Open Trivia DB
La chanson « Give It Away » des Red Hot Chili Peppers est extraite de quel album ?,Magie sexuelle de la glycémie,Une minute chaude,D'ailleurs,Stade Arcadium,Divertissement : Musique,easy,Open Trivia DB
"Dans Star Trek : La Nouvelle Génération, quel est le nom du chat de Data ?",Place,Moufles,Tom,Minou,Divertissement : Télévision,easy,Open Trivia DB
« Hallelujah » est une chanson écrite par quel artiste canadien ?,Leonard Cohen,Kory Lefkowits,Ryan Letourneau,Justin Bieber,Divertissement : Musique,easy,Open Trivia DB
Quelle a été la cause du suicide de Marilyn Monroe ?,Surdose de drogue,Attaque au couteau,Incendie de maison,Coup de feu,célébrités,easy,Open Trivia DB
Quand est sorti le jeu « Portal 2 » ?,2011,2014,2009,2007,Divertissement : Jeux vidéo,easy,Open Trivia DB
Quel est le symbole élémentaire du mercure ?,Hg,Moi,Mc,Hy,Science et nature,easy,Open Trivia DB
Quel a été le premier film de James Bond ?,Docteur Non,Goldfinger,De Russie avec amour,Opération Tonnerre,Divertissement : Film,easy,Open Trivia DB
Ce film contient la citation : « J'ai besoin… besoin de vitesse ! »,Top Gun,Jours de tonnerre,La couleur de l'argent,Cocktail,Divertissement : Film,easy,Open Trivia DB
"En 1720, l'Angleterre était criblée de dettes et impliquée dans la bulle de la Compagnie des mers du Sud. Qui en était le principal instigateur ?",John Blunt,Daniel Defoe,Robert Harley,John Churchill,Histoire,easy,Open Trivia DB
Qui a écrit la comédie musicale primée « In The Heights » ?,Lin-Manuel Miranda,Steven Sondheim,Francis Scott Key,John Phillips Sousa,Divertissement : Comédies musicales et théâtres,easy,Open Trivia DB
"Dans « Lolita malgré moi », qui a des seins qui indiquent quand il pleut ?",Karen Smith,Gretchen Weiners,Janice Ian,Cady Heron,Divertissement : Film,easy,Open Trivia DB
Quand Marvel Comics a-t-elle été fondée ?,1939,1932,1951,1936,Divertissement : Bandes dessinées,easy,Open Trivia DB
Qui a réalisé le film « The Revenant » sorti en 2015 ?,Alejandro G. Iñárritu,Christopher Nolan,David Fincher,Wes Anderson,Divertissement : Film,easy,Open Trivia DB
"Dans quelle génération de Pokémon la « méthode Masuda », comme l'ont surnommée les fans, est-elle apparue pour la première fois ?",Diamant/Perle,Rubis/Saphir,Noir/Blanc,X/Y,Divertissement : Jeux vidéo,easy,Open Trivia DB
Combien de cordes y a-t-il sur un violoncelle ?,4,5,6,8,Divertissement : Musique,easy,Open Trivia DB
Qui est le principal antagoniste de la franchise Portal ?,GLaDOS,Chell,Wheatley,Meule,Divertissement : Jeux vidéo,easy,Open Trivia DB
"Dans « Call Of Duty : Zombies », quel est le nom de l'arbalète Pack-A-Punched ?",Affreux Lawton,Longinus,V-R11,Prédateur,Divertissement : Jeux vidéo,easy,Open Trivia DB
Quelle est la forme du jouet inventé par le professeur hongrois Ernő Rubik ?,Cube,Sphère,Cylindre,Pyramide,Connaissances générales,easy,Open Trivia DB
Quelle couleur obtient-on en mélangeant du noir et du blanc ?,Gris,Noir,Brun,Blanc,Art,easy,Open Trivia DB
Quelle est la capitale des États-Unis d'Amérique ?,Washington D.C,Seattle,Albany,Los Angeles,Géographie,easy,Open Trivia DB
"Dans un orchestre, quel est le membre le plus grave de la famille des cuivres ?",Tuba,Trombone,Contrebasse,Basson,Divertissement : Musique,easy,Open Trivia DB
Sous lequel des régimes suivants le Brésil était-il une ancienne colonie ?,Portugal,Espagne,Les Pays-Bas,France,Histoire,easy,Open Trivia DB
Laquelle de ces armes ou équipements existe dans Counter Strike mais pas dans Counter Strike : Source ?,Bouclier tactique,Cocktail Molotov,MP5 Marine,TMP,Divertissement : Jeux vidéo,easy,Open Trivia DB
Qui est le personnage principal du jeu Half-Life : Opposing Force ?,Adrian Shephard,Gordon Freeman,Alyx Vance,Barney Calhoun,Divertissement : Jeux vidéo,easy,Open Trivia DB
Qui est le chanteur principal du groupe pop rock britannique Coldplay ?,Chris Martin,Jonny Buckland,Guy Berryman,Will Champion,Divertissement : Musique,easy,Open Trivia DB
Combien de cartes contient un jeu de cartes standard ?,52,32,40,64,Connaissances générales,easy,Open Trivia DB
Quels jeux Grand Theft Auto (GTA) ont le même univers ?,GTA V et GTA San Andreas,GTA V et GTA Vice City,GTA IV et GTA San Andreas,GTA IV et GTA Vice City,Divertissement : Jeux vidéo,easy,Open Trivia DB
Qui est le premier méchant dans le jeu Spyro original ?,Gnasty Gnorc,Ripto,Sorcière,Cynder,Divertissement : Jeux vidéo,easy,Open Trivia DB
En quelle année le jeu de rôle sur table « Deadlands » est-il sorti ?,1996,2003,1999,1993,Divertissement : Jeux de société,easy,Open Trivia DB
"Où a vu le jour la première organisation connue de défense des droits des lesbiennes aux États-Unis, les Filles de Bilitis ?",San Francisco,New York,Chicago,Los Angeles,Histoire,easy,Open Trivia DB
Comment s'appelle la race extraterrestre du jeu « Lego Racers 2 » ?,Ramas,Slizers,Roboriders,Turagas,Divertissement : Jeux vidéo,easy,Open Trivia DB
Quel train britannique ne dépasse PAS les 200 km/h ?,Sprinter,Classe 43,Javelot,Pendolino,Véhicules,easy,Open Trivia DB
Laquelle des factions suivantes n'est pas présente dans le jeu The Division de Tom Clancy ?,CDC,Nettoyeurs,Bataillon du dernier homme,Rikers,Divertissement : Jeux vidéo,easy,Open Trivia DB
Quel est le nom du chanteur du groupe de metal Megadeth ?,Dave Mustaine,Rob Halford,Vince Neil,James Hetfield,Divertissement : Musique,easy,Open Trivia DB
"George Orwell a écrit ce livre, souvent considéré comme une critique du contrôle gouvernemental.",1984,Le Vieil Homme et la Mer,L'Attrape-cœurs,Ne tirez pas sur l'oiseau moqueur,Divertissement : Livres,easy,Open Trivia DB
Combien de saisons a compté la série télévisée de science-fiction « Stargate Universe » ?,2,10,5,3,Divertissement : Télévision,easy,Open Trivia DB
Quel super-héros est connu pour sa super vitesse ?,Éclair,Superman,Batman,Spiderman,Divertissement : Bandes dessinées,easy,Open Trivia DB
Combien de Länder compte l'Allemagne ?,16,13,32,25,Géographie,easy,Open Trivia DB
Qui a succédé à Joseph Staline à la tête de l'Union soviétique ?,Nikita Khrouchtchev,Lavrentiy Beria,Viatcheslav Molotov,Georgy Malenkov,Histoire,easy,Open Trivia DB
"Le kakapo est un grand perroquet nocturne incapable de voler, originaire de quel pays ?",Nouvelle-Zélande,Afrique du Sud,Australie,Madagascar,Animaux,easy,Open Trivia DB
Au cours de quelle guerre les bombardements atomiques d'Hiroshima et de Nagasaki ont-ils eu lieu ?,La Seconde Guerre mondiale,Première Guerre mondiale,Guerre russo-japonaise,Première guerre sino-japonaise,Histoire,easy,Open Trivia DB
"Dans le premier jeu de la franchise Sly Cooper, quel héritage familial Sly Cooper voulait-il récupérer ?",Raton laveur voleur,Formation des ratons laveurs 101,L'art de la furtivité,Raton laveur Teachus,Divertissement : Jeux vidéo,easy,Open Trivia DB
Que signifie GPS ?,Système de positionnement global,Système personnel global,Système de positionnement général,Satellite personnel général,Science : Gadgets,easy,Open Trivia DB
"Quelle série télévisée mettait en scène des femmes âgées nommées Blanche, Rose, Dorothy et Sophia ?",Les Golden Girls,Acclamations,Les Années Merveilleuses,Liens familiaux,Divertissement : Télévision,easy,Open Trivia DB
Qu'est-ce qui donne leur couleur verte à la plupart des feuilles des plantes ?,Chlorophylle,réfraction de la lumière,pigments naturels,rayonnement UV,Science et nature,easy,Open Trivia DB
Quel pays a remporté la Coupe du Monde de la FIFA 2018 organisée en Russie ?,France,Croatie,Belgique,Angleterre,Sportif,easy,Open Trivia DB
Dans quel pays Joseph Staline est-il né ?,Géorgie,Russie,Allemagne,Pologne,Histoire,easy,Open Trivia DB
"Dans le film Pixar « Toy Story », quel était le nom de l'enfant qui possédait les jouets ?",Andy,Édouard,Danny,Mat,Divertissement : Dessins animés et animation,easy,Open Trivia DB
À quel moment de la saga se situe « Rogue One : A Star Wars Story » ?,Entre l'épisode 3 et 4,Après l'épisode 6,Avant l'épisode 1,Entre l'épisode 4 et l'épisode 5,Divertissement : Film,easy,Open Trivia DB
Quelle est la nationalité de D.Va d'Overwatch ?,coréen,japonais,Chinois,vietnamien,Divertissement : Jeux vidéo,easy,Open Trivia DB
Quel pays arbore une feuille d'érable sur son drapeau ?,Canada,Mexique,Brésil,Inde,Géographie,easy,Open Trivia DB
Quels sont les noms des Ice Climbers dans le jeu vidéo Ice Climber ?,Popo et Nana,Popo et Nina,Papi et Nana,Papi et Nina,Divertissement : Jeux vidéo,medium,Open Trivia DB
Lequel des quatre premiers titres de la franchise « Grand Theft Auto » a inauguré la série de couvertures iconiques ornées d'une grille d'images ?,Grand Theft Auto III,Grand Theft Auto,Grand Theft Auto II,Grand Theft Auto Vice City,Divertissement : Jeux vidéo,medium,Open Trivia DB
Qui est le cofondateur du service de streaming musical Spotify ?,Daniel Ek,Sean Parker,Felix Miller,Michael Breidenbruecker,Connaissances générales,medium,Open Trivia DB
Quel est l'animal le plus rapide ?,Faucon pèlerin,Aigle royal,Guépard,Taon,Animaux,medium,Open Trivia DB
Qui était Premier ministre du Royaume-Uni pendant la majeure partie de la Seconde Guerre mondiale ?,Winston Churchill,Neville Chamberlain,Harold Macmillan,Edward Heath,Histoire,medium,Open Trivia DB
"Dans Overwatch, quel est le nom complet de Lúcio ?",Lúcio Correia Dos Santos,Lúcio Luiz Lós Guilherme,Lúcio João Lucas,Lúcio Chupar Prima,Divertissement : Jeux vidéo,medium,Open Trivia DB
Combien de dents de lait un enfant humain possède-t-il au total ?,20,10,15,25,Science et nature,medium,Open Trivia DB
Quand est sorti le premier Star Wars : Battlefront II ?,31 octobre 2005,18 décembre 2004,21 novembre 2006,9 septembre 2007,Divertissement : Jeux vidéo,medium,Open Trivia DB
Quel pays produit environ 40 % de la vanille mondiale ?,Madagascar,Indonésie,Chine,Mexique,Connaissances générales,medium,Open Trivia DB
Quel devait être le nom original du personnage Kirby ?,Popopo,Dedede,Waddle Dee,Prince Puff,Divertissement : Jeux vidéo,medium,Open Trivia DB
En quelle année McDonald's a-t-il été fondé ?,1955,1964,1951,1947,Connaissances générales,medium,Open Trivia DB
Que représentent les 4 anneaux du logo Audi ?,constructeurs automobiles auparavant indépendants,États dans lesquels Audi réalise le plus de ventes,Principales villes vitales pour Audi,Pays dans lesquels Audi réalise le plus de ventes,Véhicules,medium,Open Trivia DB
Quelle société a développé le MMO Spiral Knights (2011) ?,Modèle à trois anneaux,Sega,Arts électroniques,Double amende,Divertissement : Jeux vidéo,medium,Open Trivia DB
Laquelle de ces chansons ne figure PAS sur l'album des Beatles « Sgt. Pepper's Lonely Hearts Club Band » ?,Des champs de fraises pour toujours,Ça va mieux,Réparer un trou,Lucy dans le ciel avec des diamants,Divertissement : Musique,medium,Open Trivia DB
Quelle est la capitale de l'État du Dakota du Sud ?,Pierre,Sioux Falls,Rapid City,Watertown,Géographie,medium,Open Trivia DB
"La chanson des Beatles de 2023, « Now and Then », est tirée d'une démo inachevée enregistrée par quel Beatle ?",John Lennon,Paul McCartney,George Harrison,Ringo Starr,Divertissement : Musique,medium,Open Trivia DB
"Dans quelle université travaillent les personnages de « The Big Bang Theory », M. Wolowitz et les docteurs Cooper, Hofstadter et Koothrappali ?",Caltech,UCLA,MIT,UC Berkeley,Divertissement : Télévision,medium,Open Trivia DB
De quelle ville est originaire le producteur de rap américain DJ Khaled ?,Miami,New York,Détroit,Atlanta,Divertissement : Musique,medium,Open Trivia DB
Quelle est la demi-vie de l'uranium 235 ?,703 800 000 ans,4 300 400 000 ans,1 260 900 000 ans,L'uranium-235 est un isotope stable.,Science et nature,medium,Open Trivia DB
"Dans « World of Warcraft », quel dragon apparaît sous les traits humains de Lord Victor Nefarius ?",Néfarian,Néfarius,Neltharion,Néfaran,Divertissement : Jeux vidéo,medium,Open Trivia DB
Marvel vs Capcom 2 : New Age of Heroes est sorti en quelle année ?,2000,2001,2003,1998,Divertissement : Jeux vidéo,medium,Open Trivia DB
Que sont les ready-mades de Marcel Duchamp ?,objets utilitaires élevés au rang d'art,une série axée sur la couleur et la lumière plutôt que sur la ligne et la forme,tableaux avec un carré aux contours à peine visibles,un groupe de boîtes en acier identiques qui font saillie du mur,Art,medium,Open Trivia DB
Quel dieu ou déesse grec(que) a jeté une pomme d'or portant l'inscription « à la plus belle » au milieu du festin des dieux ?,Éris,Enfers,Arès,Artémis,Mythologie,medium,Open Trivia DB
Quel studio a produit Cowboy Bebop ?,Lever du soleil,Os,Maison de fous,Pierriot,Divertissement : Anime et manga japonais,medium,Open Trivia DB
"Qui a remporté le Grand Prix de Saint-Marin 1994, la course au cours de laquelle Ayrton Senna a trouvé la mort ?",Michael Schumacher,Nicola Larini,Gerhard Berger,Mika Häkkinen,Sportif,medium,Open Trivia DB
"Saul Hudson (Slash), du groupe Guns N' Roses, est connu pour jouer de quel type de guitare ?",Les Paul Standard,Fender Stratocaster,LsL Bâtard,Gretsch Falcon,Divertissement : Musique,medium,Open Trivia DB
Combien de consoles Wii ont été vendues dans le monde ?,101 630 000,67 000 000,148 000 000,80 000 000,Divertissement : Jeux vidéo,medium,Open Trivia DB
Dans quel pays se sont déroulés les Jeux olympiques d'été de 1992 ?,Espagne,Russie,Corée,USA,Connaissances générales,medium,Open Trivia DB
Lequel des pays suivants est une île ?,Chypre,Azerbaïdjan,Le Salvador,Djibouti,Géographie,medium,Open Trivia DB
Quel a été le premier jeu Call of Duty à inclure le mode de jeu Zombies ?,Call of Duty : Guerre mondiale,Call of Duty Black Ops,Call of Duty : Modern Warfare 2,Call of Duty : Black Ops III,Divertissement : Jeux vidéo,medium,Open Trivia DB
Laquelle de ces chansons ne figure pas sur l'album « sans titre » de Led Zeppelin ?,Journée de célébration,Escalier vers le ciel,Chien noir,Rock and Roll,Divertissement : Musique,medium,Open Trivia DB
Quelle est la langue nationale officielle du Pakistan ?,ourdou,indien,Punjabi,Pachtoune,Géographie,medium,Open Trivia DB
En quelles années s'est déroulée la bataille de Gallipoli ?,1915 - 1916,1914 - 1918,1914 - 1915,1915 - 1918,Histoire,medium,Open Trivia DB
"Dans la franchise « Halo », dans quel pays se situe New Mombasa ?",Kenya,Inde,Turquie,Slovaquie,Divertissement : Jeux vidéo,medium,Open Trivia DB
Quel pays était dirigé par le dictateur Augusto Pinochet entre 1973 et 1990 ?,Chili,Ethiopie,Indonésie,Nicaragua,Politique,medium,Open Trivia DB
"Dans Overwatch, quel âge a Reinhardt Wilhelm ?",61,59,65,62,Divertissement : Jeux vidéo,medium,Open Trivia DB
"Quelle est la fameuse réplique de Vaas dans ""Far Cry 3"" ?",Vous ai-je déjà donné la définition de la folie ?,Ai-je échoué à vous divertir ?,Tu es ma pute !,Peut-être que la meilleure solution serait d'y aller doucement.,Divertissement : Jeux vidéo,medium,Open Trivia DB
"Dans le MMORPG « Realm of the Mad God », quelle classe est réputée pour avoir la défense la plus élevée possible ?",Le Chevalier,Le Magicien,L'archer,Le Guerrier,Divertissement : Jeux vidéo,medium,Open Trivia DB
Dans quel film de 1973 Yul Brynner joue-t-il un cow-boy robotique qui dysfonctionne et se lance dans une tuerie ?,Westworld,Fuyez,Androïde,Les Terminators,Divertissement : Film,medium,Open Trivia DB
"Dans Terraria, que ne laisse pas tomber le Mur de Chair lorsqu'il est vaincu ?",Pioche,Marteau-pilon,Lame briseuse,Fusil laser,Divertissement : Jeux vidéo,medium,Open Trivia DB
De combien de notes différentes est composée la mélodie « Song of Healing » dans « The Legend of Zelda : Majora's Mask » ?,3,4,1,6,Divertissement : Jeux vidéo,medium,Open Trivia DB
"Combien d'Esprits des Étoiles sauvez-vous dans le jeu vidéo ""Paper Mario"" sur Nintendo 64 ?",7,5,10,12,Divertissement : Jeux vidéo,medium,Open Trivia DB
Qui a inventé le pastafarisme ?,Bobby Henderson,Éric Tignor,Bill Nye,Zach Soldi,Connaissances générales,medium,Open Trivia DB
Laquelle de ces factions n'est PAS une faction terroriste dans Counter-Strike (2000) ?,Milice du Midwest,Phoenix Connection,Équipe d'élite,Guérilla,Divertissement : Jeux vidéo,medium,Open Trivia DB
Quelle navette spatiale de la NASA s'est désintégrée lors de sa rentrée atmosphérique le 1er février 2003 ?,Colombie,Challenger,Découverte,Effort,Science et nature,medium,Open Trivia DB
"Le docteur John R. Brinkley, un escroc, a acquis une grande renommée et une immense fortune au début des années 1900 en proposant quel service ?",greffe de testicules de chèvre,transfusion de sang de porc,transplantation hépatique bovine,implants mammaires de Turquie,Histoire,medium,Open Trivia DB
La comédie musicale « Dirty Rotten Scoundrels » se déroule dans quel pays ?,France,USA,Allemagne,Suède,Divertissement : Comédies musicales et théâtres,medium,Open Trivia DB
En quelle année la série « L'Agence tous risques » a-t-elle été diffusée pour la première fois aux États-Unis et au Royaume-Uni ?,1983,1981,1985,1987,Divertissement : Télévision,medium,Open Trivia DB
Laquelle de ces installations n'était pas présente à bord du Titanic ?,salle de malaise,bain turc,Chenil,court de squash,Histoire,medium,Open Trivia DB
Laquelle de ces chansons n'est PAS sortie dans les années 90 ?,« Je veux tout » de Queen,« Vogue » de Madonna,"""On ne peut pas arrêter ce qu'on a commencé"" de Bryan Adams",« Le roi des vœux pieux » par Go West,Divertissement : Musique,medium,Open Trivia DB
Quel est le plus grand pays musulman du monde ?,Indonésie,Pakistan,Arabie Saoudite,L'Iran,Géographie,medium,Open Trivia DB
"Sur la pochette d'« Abbey Road », lequel des Beatles ne porte pas de chaussures ?",Paul McCartney,Ringo Starr,John Lennon,George Harrison,Divertissement : Musique,medium,Open Trivia DB
Qui a écrit le livre « Fahrenheit 451 » ?,Ray Bradbury,R. L. Stine,Wolfgang Amadeus Mozart,Stephen King,Divertissement : Livres,medium,Open Trivia DB
Quel est l'avantage introduit dans la carte « Mob Of The Dead » de « Call Of Duty : Zombies » ?,Cerise électrique,Réanimation rapide,Vulture Aid,Pierre tombale,Divertissement : Jeux vidéo,medium,Open Trivia DB
Dans quel jeu Mario le Méga Champignon a-t-il fait sa première apparition ?,Mario Party 4,Nouveau Super Mario Bros.,Mario Kart Wii,Monde 3D de Super Mario,Divertissement : Jeux vidéo,medium,Open Trivia DB
Combien de dents possède en moyenne une bouche adulte (sans compter les dents de sagesse) ?,32,36,20,28,Science et nature,medium,Open Trivia DB
"La bataille de la Somme, pendant la Première Guerre mondiale, a eu lieu dans quel pays ?",France,Allemagne,Italie,Autriche,Histoire,medium,Open Trivia DB
En quelle année le Texas a-t-il fait sécession du Mexique ?,1836,1838,1845,1844,Histoire,medium,Open Trivia DB
Quels ont été les deux premiers jeux Pokémon sortis ?,Rouge et vert,Rouge et bleu,Vert et bleu,Rouge et jaune,Divertissement : Jeux vidéo,medium,Open Trivia DB
Montréal se trouve dans quelle province canadienne ?,Québec,Ontario,Nouvelle-Écosse,Alberta,Géographie,medium,Open Trivia DB
Quel est le plus petit pays d'Amérique du Sud en superficie ?,Suriname,Brésil,Uruguay,Chili,Géographie,medium,Open Trivia DB
Quand la pièce « Macbeth » a-t-elle été écrite ?,1606,1605,1723,1628,Divertissement : Comédies musicales et théâtres,medium,Open Trivia DB
En quelle année le célèbre panneau Hollywood de 45 pieds de haut a-t-il été érigé pour la première fois ?,1923,1903,1913,1933,Histoire,medium,Open Trivia DB
Quel groupe a connu le succès en 1975 avec les chansons « One Of These Nights » et « Lyin Eyes » ?,Les Aigles,L'or des fous,Les Doobie Brothers,Fleetwood Mac,Divertissement : Musique,medium,Open Trivia DB
La chanson « Hung Up » de Madonna reprend un extrait de quelle chanson populaire des années 70 ?,Donne-moi ! Donne-moi ! Donne-moi ! (Un homme après minuit),Rester en vie,Fièvre nocturne,La chaîne,Divertissement : Musique,medium,Open Trivia DB
Quel est le nom scientifique de l'ours polaire ?,Ursus Maritimus,Ours blanc,Ursus Spelaeus,Ursus Arctos,Animaux,medium,Open Trivia DB
Qui est considéré comme le meilleur footballeur roumain de tous les temps ?,Gheorghe Hagi,Cristian Chivu,Nicolae Dobrin,Gheorghe Popescu,Sportif,medium,Open Trivia DB
Avec lequel des super-héros suivants Wonder Woman n'a-t-elle PAS eu de relation amoureuse ?,Flèche verte,Superman,Batman,Steve Trevor,Divertissement : Bandes dessinées,medium,Open Trivia DB
Qui a remporté le championnat national de football universitaire (CFP) de 2015 ?,Les Buckeyes de l'Ohio State,Marée cramoisie de l'Alabama,Les Tigres de Clemson,Les blaireaux du Wisconsin,Sportif,medium,Open Trivia DB
Quel groupe de rock a sorti l'album « The Bends » en mars 1995 ?,Radiohead,Nirvana,Coldplay,U2,Divertissement : Musique,medium,Open Trivia DB
"Quel est le nom du premier boss que le joueur rencontre dans le jeu de 2017, « Little Nightmares » ?",Le concierge,Le gardien,Le gardien,Le surveillant,Divertissement : Jeux vidéo,medium,Open Trivia DB
Quelle suite de film a réalisé de meilleurs résultats au box-office que le film original ?,Toy Story 2,Sin City : Une femme à tuer pour,Vitesse 2 : Régulateur de vitesse,Fils du Masque,Divertissement : Film,medium,Open Trivia DB
"Dans les jeux Mario Kart et Smash Bros., à quelle catégorie de poids appartient la princesse Rosalina ?",Lourd,Moyen,Lumière,Léger-moyen,Divertissement : Jeux vidéo,medium,Open Trivia DB
Quel survivant de Left 4 Dead s'est sacrifié pour sauver les autres survivants ?,Facture,Louis,François,Zoé,Divertissement : Jeux vidéo,medium,Open Trivia DB
Broome est une ville située dans quel État d'Australie ?,Australie-Occidentale,Territoire du Nord,Australie du Sud,Tasmanie,Géographie,medium,Open Trivia DB
"Lequel de ces noms correspond à un ennemi supprimé de ""Half-Life 2"" ?",Hydre,Cthulhu,Pointe,Tremblement,Divertissement : Jeux vidéo,medium,Open Trivia DB
Lequel de ces noms n'est pas un nom de développement officiel pour une version d'Ubuntu ?,Manoir mystique,Tahr fidèle,Licorne utopique,Loup-garou rusé,Sciences : Informatique,medium,Open Trivia DB
Dans quelle ville se déroule le film Disney « Un amour de Coccinelle » (1968) ?,San Francisco,Los Angeles,Sacramento,San José,Divertissement : Film,medium,Open Trivia DB
"Dans la série Pokémon, quel est le type de Sudowoodo, le Pokémon Imitation ?",Rocher,Herbe,Bogue,Sol,Divertissement : Jeux vidéo,medium,Open Trivia DB
Quel mode de jeu n'est pas un mode par défaut dans Counter-Strike (2000) ?,Course aux armements,Sauvetage d'otages,Désamorçage de bombe,Assassinat,Divertissement : Jeux vidéo,medium,Open Trivia DB
"Au début du jeu « Sonic Adventure », de quelle couleur est l'Émeraude du Chaos que possède Tails ?",Violet,Rouge,Vert,Bleu,Divertissement : Jeux vidéo,medium,Open Trivia DB
Qui sont les deux protagonistes du jeu Yakuza 0 ?,Kazuma Kiryu et Goro Majima,Shintaro Kazama et Kazuma Kiryu,Keiji Shibusawa et Daisaku Kuze,Akira Nishikiyama et Tetsu Tachibana,Divertissement : Jeux vidéo,medium,Open Trivia DB
Que signifie AD en lien avec les systèmes d'exploitation Windows ?,Active Directory,Conduite alternative,Base de données automatisée,Département actif,Sciences : Informatique,medium,Open Trivia DB
Lequel des engins spatiaux suivants n'a jamais touché la Lune ?,Mariner 4,Apollo 11,Luna 2,SMART-1,Science et nature,medium,Open Trivia DB
Qui était Hannibal ?,général carthaginois,tueur en série britannique,explorateur français,philosophe grec,Histoire,medium,Open Trivia DB
Dans quel pays est née Eliza « Ash » Cohen de « Tom Clancy's Rainbow Six Siege » ?,Israël,les états-unis d'Amérique,Mexique,Canada,Divertissement : Jeux vidéo,medium,Open Trivia DB
"Dans Minecraft vanilla, vous pouvez fabriquer une armure avec tous les matériaux suivants, sauf un : lequel ?",Émeraudes,Diamants,Fer,Cuir,Divertissement : Jeux vidéo,medium,Open Trivia DB
Tom DeLonge ne fait pas partie de lequel des groupes suivants ?,+44,Course de voitures de marchandises,Blink-182,Anges et ondes aériennes,Divertissement : Musique,medium,Open Trivia DB
Quelle est l'orthographe correcte du nom du protagoniste du livre L'Histoire sans fin (1984) ?,Atreyu,Atrayu,Atraiyu,Atraeyu,Divertissement : Film,medium,Open Trivia DB
Quel constructeur automobile a remporté les 24 Heures du Mans 2017 ?,Porsche,Toyota,Audi,Chevrolet,Sportif,medium,Open Trivia DB
"Parmi ces quatre bâtiments, lequel est le plus haut, avec une hauteur de 1 483 pieds (451,9 m) ?","Tours jumelles Petronas, Malaisie","Tour Zifeng, Chine","Hôtel et tour Trump International, États-Unis","Tour Al Hamra, Koweït",Connaissances générales,medium,Open Trivia DB
Lequel des peuples anciens du Proche-Orient suivants existe encore aujourd'hui en tant que groupe ethnique moderne ?,Assyriens,Babyloniens,Hittites,Élamites,Histoire,medium,Open Trivia DB
Lequel des créateurs et réalisateurs suivants a réalisé la série Katamari Damacy ?,Keïta Takahashi,Hideki Kamiya,Shu Takumi,Shinji Mikami,Divertissement : Jeux vidéo,medium,Open Trivia DB
"Lequel de ces titres n'est pas un single du guitariste de Pink Floyd, David Gilmour ?",Sunset Strip,Faites tinter ce verrou,Lumière bleue,Arnold Layne,Divertissement : Musique,medium,Open Trivia DB
Quel nom donnait-on aux dictateurs militaires japonais qui ont gouverné le pays du XIIe au XIXe siècle ?,Shogun,Ninja,Samouraï,Shinobi,Connaissances générales,medium,Open Trivia DB
La ville de Rockport apparaît dans lequel des jeux vidéo suivants ?,Besoin de vitesse : Most Wanted (2005),Infamous 2,Saints Row : Le Troisième,La vengeance du burn-out,Divertissement : Jeux vidéo,medium,Open Trivia DB
"Dans « To Love-Ru : Darkness », laquelle des filles tente de constituer un harem pour Rito Yuuki ?",Momo Deviluke,Yami (Ténèbres dorées),Haruna Sairenji,Mea Kurosaki,Divertissement : Anime et manga japonais,medium,Open Trivia DB
"Quel groupe familial américain a connu un succès retentissant en 1986 avec la chanson « Crush On You », qui s'est classée dans le top 10 ?",Les Jets,DeBarge,Les Jackson,Les filles de couverture,Divertissement : Musique,medium,Open Trivia DB
"De quelle planète la sonde spatiale « Viking 1 » a-t-elle envoyé des images de surface, à partir de 1976 ?",Mars,Saturne,Jupiter,Vénus,Science et nature,medium,Open Trivia DB
"Dans le mode Zombies de ""Call of Duty : Black Ops III"", quelle récompense obtient-on en terminant tous les easter eggs principaux ?",1 000 000 XP,Juggernog au début de chaque match,50 Diviniums Liquides,Les trois options.,Divertissement : Jeux vidéo,medium,Open Trivia DB
Lequel de ces albums est un album du Wu-Tang Clan ?,Drapeau de fer,Cheveux parfaits,La théorie du bas de gamme,Autorisé à Ill,Divertissement : Musique,medium,Open Trivia DB
Lequel de ces pays est «doublement enclavé» (entièrement entouré par un ou plusieurs pays enclavés) ?,Ouzbékistan,Suisse,Bolivie,Ethiopie,Géographie,medium,Open Trivia DB
"Dans « Le Seigneur des Anneaux », à qui appartient Asfaloth, le cheval qui amène Frodon à Fondcombe ?",Glorfindel,Arwen,Aragorn,Haldir,Divertissement : Livres,medium,Open Trivia DB
Quel personnage de Touhou est capable de contrôler les poupées ?,Alice Margatroid,Marisa Kirisame,Clownpiece,Flandre Écarlate,Divertissement : Anime et manga japonais,medium,Open Trivia DB
Quel est le terme scientifique pour désigner le « goût » ?,Perception gustative,Olfaction,Sensation somatosensorielle,Perception auditive,Science et nature,medium,Open Trivia DB
Quelle est la durée de vie moyenne d'un lapin domestique ?,8-12 ans,1 à 2 ans,4 à 7 ans,14-20 ans,Animaux,medium,Open Trivia DB
En quelle année est sorti le jeu mobile « Jetpack Joyride » ?,2011,2012,2009,2014,Divertissement : Jeux vidéo,medium,Open Trivia DB
"Dans la série animée « Fullmetal Alchemist », quel est le plus grand tabou pour les alchimistes ?",Transmutation humaine,Transmuter le plomb en or,L'alchimie au service du crime,Se produire sans permis,Divertissement : Anime et manga japonais,medium,Open Trivia DB
Dans quelle version nationale de Half-Life les Marines HECU sont-ils remplacés par des robots ?,Allemagne,Japon,Chine,France,Divertissement : Jeux vidéo,medium,Open Trivia DB
Quand le langage de programmation « C# » a-t-il été lancé ?,2000,1998,1999,2001,Sciences : Informatique,medium,Open Trivia DB
Quand le jeu « Roblox » est-il sorti ?,2006,2003,2002,2007,Divertissement : Jeux vidéo,medium,Open Trivia DB
Laquelle de ces chansons de Queen a été samplée pour la ligne de basse de « Ice Ice Baby » de Vanilla ?,Sous pression,Ne m'arrêtez pas maintenant,Rocher de Brighton,Se prélasser un dimanche après-midi,Divertissement : Musique,medium,Open Trivia DB
Qui est le principal parolier du groupe de rock progressif canadien Rush ?,Neil Peart,Geddy Lee,Alex Lifeson,John Rutsey,Divertissement : Musique,medium,Open Trivia DB
Combien d'ensembles d'équipement de grand maître sorceleur sont inclus dans le DLC Blood and Wine de The Witcher 3 ?,5,3,6,4,Divertissement : Jeux vidéo,medium,Open Trivia DB
En quelle année Bob Ross est-il mort ?,1995,1986,1989,1997,célébrités,medium,Open Trivia DB
"Dans « The Big Bang Theory », quel est le surnom d'Howard Wolowitz dans World of Warcraft ?",Wolowizard,Sheldor,Rajesh,Priya,Divertissement : Télévision,medium,Open Trivia DB
Qui a écrit le conte pour enfants « La Petite Fille aux allumettes » ?,Hans Christian Andersen,Charles Dickens,Lewis Carroll,Oscar Wilde,Divertissement : Livres,medium,Open Trivia DB
"En moyenne, les Américains consomment 100 livres de quoi par seconde ?",Chocolat,Pommes de terre,Beignets,Cocaïne,Connaissances générales,medium,Open Trivia DB
Quel constructeur a fabriqué la voiture utilisée dans Retour vers le futur ?,DeLorean,Gué,Toyota,Daihatsu,Véhicules,medium,Open Trivia DB
Quel jeu vidéo Sims sur console mettait en scène les Black Eyed Peas ?,Urbz : Les Sims en ville,Les Sims 2,Les Sims,Les Sims : Débarquement,Divertissement : Jeux vidéo,medium,Open Trivia DB
Lequel des pays suivants fait partie de la zone euro mais n'appartient pas à l'espace Schengen ?,Chypre,Malte,Grèce,Portugal,Géographie,medium,Open Trivia DB
Quel est le nom d'utilisateur de Doug Walker sur YouTube ?,Le critique de la nostalgie,Le geek des jeux vidéo en colère,AngryJoeShow,Le cinéphile snob,célébrités,medium,Open Trivia DB
"Quelle est l'aire d'un cercle de diamètre 20 pouces si π = 3,1415 ?","314,15 pouces","380,1215 pouces","3141,5 pouces","1256,6 pouces",Sciences : Mathématiques,medium,Open Trivia DB
Quel est le vrai nom de Scooby-Doo ?,Scoobert,Scooter,Décousu,Shooby,Divertissement : Dessins animés et animation,medium,Open Trivia DB
Combien d'objets uniques le jeu « Borderlands 2 » prétend-il posséder ?,87 milliards,87 millions,87 billions,87 milliards,Divertissement : Jeux vidéo,medium,Open Trivia DB
Quelle est la couleur du sang non oxydé ?,Rouge,Bleu,Violet,Vert,Science et nature,medium,Open Trivia DB
Combien d'argent a coûté à Tommy Wiseau la réalisation de son chef-d'œuvre « The Room » (2003) ?,6 millions de dollars,20 000 $,1 million de dollars,10 millions de dollars,Divertissement : Film,medium,Open Trivia DB
Lequel des pays suivants a officiellement interdit l'utilisation civile de caméras embarquées dans les voitures ?,Autriche,États-Unis,Tchéquie,Corée du Sud,Véhicules,medium,Open Trivia DB
Joseph Smith était le fondateur de quelle religion ?,le mormonisme,bouddhisme,christianisme,hindouisme,Histoire,medium,Open Trivia DB
La ville historique de Tombouctou est située dans quel pays d'Afrique de l'Ouest ?,Mali,Sénégal,Niger,Burkina Faso,Géographie,medium,Open Trivia DB
Quel était le véritable nom de famille de David Bowie ?,Jones,Johnson,Edwards,Charretier,Divertissement : Musique,medium,Open Trivia DB
"Dans la série Halo, de quelle flotte Thel 'Vadam était-il le commandant suprême avant d'être nommé Arbiter ?",Flotte de la justice particulière,Flotte de la Consécration Sacrée,La flotte de la rédemption furieuse,Flotte de la Juste Vigilance,Divertissement : Jeux vidéo,medium,Open Trivia DB
Quel était le nom de l'organisation secrète dans la série Hotline Miami ?,50 Bénédictions,Bénédictions américaines,50 Saints,Les bénédictions de l'URSS,Divertissement : Jeux vidéo,medium,Open Trivia DB
"Une constante mathématique, connue sous le nom de « Nombre d'or », est le plus souvent représentée par quelle lettre grecque ?",Φ (phi),π (pi),Ψ (psi),T (tau),Sciences : Mathématiques,medium,Open Trivia DB
"Qui prête sa voix au personnage principal, Blu, dans le film d'animation « Rio » de 2011 ?",Jesse Eisenberg,Michael Cera,Jonah Hill,Zach Galifianakis,Divertissement : Film,medium,Open Trivia DB
"Dans « One Piece », lequel des éléments suivants n'est PAS une arme antique ?",Jupiter,Uranus,Poséidon,Pluton,Divertissement : Anime et manga japonais,medium,Open Trivia DB
Quel est le nom scientifique du chimpanzé commun ?,Pan troglodytes,Gorille gorille,Pan paniscus,Panthera leo,Animaux,medium,Open Trivia DB
En quelle année la société de jeux vidéo Electronic Arts a-t-elle été fondée ?,1982,1999,1981,2005,Histoire,medium,Open Trivia DB
"Quel personnage de ""Toy Story"" était doublé par Don Rickles ?",Monsieur Patate,Chien Slinky,Hamm,Rex,Divertissement : Dessins animés et animation,medium,Open Trivia DB
Qui est l'artiste du récent album « Uncanny Valley » ?,Perturbateur,Charpentier Brut,GOST,Dan Terminus,Divertissement : Musique,medium,Open Trivia DB
Lequel de ces os ne fait PAS partie du bras humain ?,Tibia,Humérus,Cubitus,Rayon,Science et nature,medium,Open Trivia DB
Quel est le plus ancien État américain ?,Delaware,Rhode Island,Maine,Virginie,Histoire,medium,Open Trivia DB
Lequel des groupes de musique suivants n'est pas finlandais ?,Sabaton,Apocalyptique,Waltari,Seigneur,Divertissement : Musique,medium,Open Trivia DB
"Quelle est la langue officielle à Barcelone, outre l'espagnol ?",catalan,Galicien,Français,Basque,Connaissances générales,medium,Open Trivia DB
Lequel des jeux suivants de la série Anno a introduit la mécanique de jeu « Équilibre écologique » ?,Année 2070,Anno 1404,Année 2205,Anno 1701,Divertissement : Jeux vidéo,medium,Open Trivia DB
Quand est sorti Final Fantasy XV ?,29 novembre 2016,25 octobre 2016,31 décembre 2016,30 novembre 2016,Divertissement : Jeux vidéo,medium,Open Trivia DB
"Gibraltar, situé juste au sud de la péninsule ibérique, est un territoire de quel pays d'Europe occidentale ?",Royaume-Uni,Espagne,Portugal,France,Géographie,medium,Open Trivia DB
Qui a peint « Le Cri » ?,Edvard Munch,Vincent Van Gogh,Picasso,Henri Matisse,Art,medium,Open Trivia DB
Laquelle de ces villes américaines compte moins d'un million d'habitants ?,"San Francisco, Californie","Phoenix, Arizona","San Antonio, Texas","Philadelphie, Pennsylvanie",Géographie,medium,Open Trivia DB
"Tous les programmes suivants sont classés comme éditeurs d'images raster, SAUF :",Inkscape,Paint.NET,GIMP,Adobe Photoshop,Sciences : Informatique,medium,Open Trivia DB
"Dans les comics, quel personnage de Sonic a pris le commandement de la Légion Noire après l'assassinat de Luger ?",Lien-Da,Kragok,Dimitri,Remington,Divertissement : Bandes dessinées,medium,Open Trivia DB
Quel terme de cricket désigne l'élimination d'un batteur avec un score de zéro ?,Canard,Au revoir,Beamer,Porter,Sportif,medium,Open Trivia DB
"Quand est sorti le troisième album du groupe « Hollywood Undead », intitulé « Notes from the Underground » ?",2013,2011,2014,2009,Divertissement : Musique,medium,Open Trivia DB
"Quelle chanson d'Elvis Presley, enregistrée précédemment, a été reprise par UB40 sur un rythme reggae ?",Impossible de s'empêcher de tomber amoureux,Jailhouse Rock,Dans le ghetto,Cœur en bois,Divertissement : Musique,medium,Open Trivia DB
Combien d'ordinateurs personnels Apple I ont été créés approximativement ?,200,100,500,1000,Sciences : Informatique,medium,Open Trivia DB
Combien de compagnons permanents y a-t-il dans la version de base du jeu Fallout : New Vegas ?,8,7,9,6,Divertissement : Jeux vidéo,medium,Open Trivia DB
En quelle année Taylor Swift est-elle née ?,1989,1988,1987,1990,Divertissement : Musique,medium,Open Trivia DB
Quel est le nom du célèbre chef apache décédé en 1909 à l'âge de 70 ans ?,Géronimo,Sitting Bull,Nuage rouge,Crazy Horse,Histoire,medium,Open Trivia DB
Le nom grec de Neptune était...,Poséidon,Arès,Zeus,Apollon,Mythologie,medium,Open Trivia DB
Quelle franchise a organisé un événement spécial dans le MMORPG populaire Final Fantasy XIV : A Realm Reborn ?,Yo-kai Watch,Pokémon,Yu-Gi-Oh!,Combat entre copains,Divertissement : Jeux vidéo,medium,Open Trivia DB
Quel est le montant minimum de points de vie maximum dans Team Fortress 2 ?,70,100,50,95,Divertissement : Jeux vidéo,medium,Open Trivia DB
Quelle est la marque et le modèle des véhicules utilisés pour la visite dans « Jurassic Park » (1993) ?,Ford Explorer XLT de 1992,Toyota Land Cruiser de 1992,Jeep Wrangler YJ Sahar de 1992,Mercedes Classe M,Divertissement : Film,medium,Open Trivia DB
Quel est le nom du personnage principal de « Braid » ?,Tim,Boregard,Jacques,Jackson,Divertissement : Jeux vidéo,medium,Open Trivia DB
Quel est le nom de famille du personnage Daryl dans la série The Walking Dead diffusée sur AMC ?,Dixon,Grimes,Dickinson,Dicketson,Divertissement : Télévision,medium,Open Trivia DB
Quel personnage de dessin animé Hanna-Barbera voyageait avec un compagnon canin nommé Beegle Beagle ?,Singe raisin,Boss Gator,Wally Gator,Yogi l'ours,Divertissement : Dessins animés et animation,medium,Open Trivia DB
Quelle race de chien porte le nom d'une région de Croatie ?,dalmatien,pékinois,Chihuahua,poméranien,Animaux,medium,Open Trivia DB
Quelle a été la première version d'Android spécifiquement optimisée pour les tablettes ?,Rayon de miel,Éclair,Froyo,Guimauve,Sciences : Informatique,medium,Open Trivia DB
Quel est le taux de rafraîchissement standard pour l'animation ?,24 FPS,12 FPS,30 FPS,60 FPS,Divertissement : Dessins animés et animation,medium,Open Trivia DB
En quelle année l'Australie est-elle devenue une fédération ?,1901,1910,1899,1911,Histoire,medium,Open Trivia DB
"Dans la franchise Mad Max, quel type de voiture est la Pursuit Special conduite par Max ?",Ford Falcon,Holden Monaro,Chrysler Valiant Charger,Pontiac Firebird,Divertissement : Film,medium,Open Trivia DB
"Dans le jeu « Brawlhalla », à quelle espèce appartient le personnage de Bödvar ?","Mi-humain, mi-ours",Un humain,"Mi-loup, mi-ours","Mi-tigre, mi-humain",Divertissement : Jeux vidéo,medium,Open Trivia DB
En quelle année a eu lieu la première compétition d'eSport ?,1972,1989,1990,2000,Divertissement : Jeux vidéo,medium,Open Trivia DB
La fameuse révélation de Dark Vador à Luke est iconique. Mais laquelle de ces versions est la bonne ?,«Non. Je suis ton père.»,"« Luc, je suis ton père. »",« Tu te trompes. Je suis ton père. »,"« La vérité, c'est que je suis ton père. »",Divertissement : Film,medium,Open Trivia DB
Avec quel moteur graphique Titanfall a-t-il été développé ?,Moteur source,Gelure 3,Unreal Engine,Cryengine,Divertissement : Jeux vidéo,medium,Open Trivia DB
Quelle chanson du musicien électronique suédois Avicii sample la chanson « Something's Got A Hold On Me » d'Etta James ?,Niveaux,Fondre dans les ténèbres,Silhouettes,Chercher une bromance,Divertissement : Musique,medium,Open Trivia DB
À quel stade de développement la majorité des cellules eucaryotes restent-elles pendant la plus grande partie de leur vie ?,Interphase,Prophase,Stase,Télophase,Science et nature,medium,Open Trivia DB
Quel réalisateur a réalisé le film « Le Labyrinthe de Pan » ?,Guillermo Del Toro,Alfonso Cuarón,Alejandro González Iñárritu,Alejandro Jodorowsky,Divertissement : Film,medium,Open Trivia DB
Laquelle des boissons gazeuses suivantes a été commercialisée en premier ?,Dr Pepper,Coca-Cola,Lutin,Whisky,Connaissances générales,medium,Open Trivia DB
Quel organite cellulaire est connu comme « la centrale énergétique de la cellule » ?,Mitochondries,Noyau,appareil de Golgi,Réticulum endoplasmique,Science et nature,medium,Open Trivia DB
En quelle année est sorti le film « Napoleon Dynamite » ?,2004,2002,2003,2005,Divertissement : Film,medium,Open Trivia DB
Comment les Néerlandais appellent-ils leur langue ?,Néerlandais,Dansk,Allemand,Hollandais,Connaissances générales,medium,Open Trivia DB
Lequel de ces rôles dans Town of Salem est lié à la mafia ?,Déguiseur,Escorte,Attention,Transporteur,Divertissement : Jeux vidéo,medium,Open Trivia DB
Le protagoniste principal de la cinquième partie de JoJo's Bizarre Adventure est lequel des personnages suivants ?,Giorno Giovanna,Guido Mista,Jonathan Joestar,Joey JoJo,Divertissement : Anime et manga japonais,medium,Open Trivia DB
"Selon la mythologie de Star Wars, quelle est la planète natale de Han Solo ?",Corellia,Tatooine,Naboo,Coruscant,Divertissement : Film,medium,Open Trivia DB
"La composition musicale 4'33"", composée en 1952 par le prolifique compositeur américain John Cage, est principalement composée de quel son ?",Silence,Pets,Des gens qui parlent,chants de grillons,Divertissement : Musique,medium,Open Trivia DB
Qui était le principal promoteur du canal de Suez ?,Ferdinand de Lesseps,Louis-Eugène Cavaignac,John Milton,Johann Lukas von Hildebrandt,Histoire,medium,Open Trivia DB
Quelle est la formule chimique de l'ammoniac ?,NH3,CO2,NO3,CH4,Science et nature,medium,Open Trivia DB
Lequel des éléments suivants n'est pas un vrai Pokémon ?,Luminid,Dragalge,Mandibuzz,Araquanidé,Divertissement : Jeux vidéo,medium,Open Trivia DB
Le musicien irlandais Hozier a sorti un morceau en 2013 intitulé « Take Me to ______ »,Église,Mosquée,Synagogue,Temple,Divertissement : Musique,medium,Open Trivia DB
Quel sophisme consiste à attaquer la personne de son adversaire plutôt que ses arguments ?,Ad hominem,Post hoc ergo propter hoc,Tu quoque,Argumentum ad populum,Connaissances générales,medium,Open Trivia DB
Qui est l'un des coprinces d'Andorre ?,Le président de la France,Le monarque du Royaume-Uni,Le Pape,Personne (le poste est vacant),Politique,medium,Open Trivia DB
"Dans Tron : L'Héritage, Kevin Flynn a écrit un programme pour créer le système parfait. Quel était le nom de ce programme ?",Clu,Tron,MCP,Quorra,Divertissement : Film,medium,Open Trivia DB
Lesquelles de ces franchises de jeux vidéo ont été créées par Namco ?,Tekken,Street Fighter,Mortal Kombat,Dragon Quest,Divertissement : Jeux vidéo,medium,Open Trivia DB
Quel animal a fait l'objet d'une expérience de domestication russe en 1959 ?,Renards,Pigeons,Ours,Alligators,Animaux,medium,Open Trivia DB
Quelle marque de supercars est suédoise ?,Koenigsegg,Bugatti,Lamborghini,McLaren,Véhicules,medium,Open Trivia DB
Quand le Vésuve a-t-il détruit la ville de Pompéi ?,79 ap. J.-C.,62 ap. J.-C.,31 av. J.-C.,54 av. J.-C.,Histoire,medium,Open Trivia DB
Macintosh a baptisé six de ses systèmes d'exploitation du nom de félins. Quel félin a inspiré la version 2007 de Macintosh ?,Léopard,Tigre,Panthère,Puma,Connaissances générales,medium,Open Trivia DB
Quel pilote de Formule 1 était surnommé « Le Professeur » ?,Alain Prost,Ayrton Senna,Niki Lauda,Emerson Fittipaldi,Sportif,medium,Open Trivia DB
Quelle est l'épice la plus chère au monde au poids ?,Safran,Cannelle,Cardamome,Vanille,Connaissances générales,medium,Open Trivia DB
"Dans l'anime « Mr. Osomatsu », combien de frères a Osomatsu-san ?",5,6,7,4,Divertissement : Anime et manga japonais,medium,Open Trivia DB
Quel était le numéro sur le maillot de Gerald dans « Hé Arnold ! » ?,33,88,38,83,Divertissement : Dessins animés et animation,medium,Open Trivia DB
Quelle société a développé et publié Game Dev Tycoon ?,Jeux Greenheart,Jeux du Groenland,Les magnats,MomCorp,Divertissement : Jeux vidéo,medium,Open Trivia DB
Lequel de ces scientifiques a mené l'expérience de la feuille d'or qui a conclu que les atomes sont principalement constitués de vide ?,Ernest Rutherford,Joseph John Thomson,Archimède,Niels Henrik David Bohr,Science et nature,medium,Open Trivia DB
Quel est l'objet nécessaire pour invoquer le boss Duke Fishron dans le jeu Terraria ?,Ver truffier,Poisson à l'aspect suspect,Criquet royal,Limace,Divertissement : Jeux vidéo,medium,Open Trivia DB
Laquelle de ces îles méditerranéennes est sous souveraineté française ?,Corse,Majorque,Sardaigne,Malte,Géographie,medium,Open Trivia DB
Laquelle des propositions suivantes décrit correctement l'ordre des mots en japonais ?,Sujet Objet Verbe,Sujet Verbe Complément,Verbe Sujet Objet,Verbe Objet Sujet,Connaissances générales,medium,Open Trivia DB
"Qui est le protagoniste principal d'""Ace Combat Zero : La Guerre de Belka"" ?",Chiffrer,Mobius 1,Flamber,Fée,Divertissement : Jeux vidéo,medium,Open Trivia DB
Lequel de ces personnages n'apparaît pas dans « Nier: Automata » ?,A1,A2,9S,2B,Divertissement : Jeux vidéo,medium,Open Trivia DB
Comment s'appellent les stations de base de suivi utilisées pour le HTC Vive ?,Phare,Mouvement,Constellation,Traqueurs,Science : Gadgets,medium,Open Trivia DB
"Lors de la saison 1988 de Formule 1, McLaren a remporté toutes les courses sauf une. Laquelle n'ont-ils pas gagnée ?",Grand Prix d'Italie,Grand Prix du Japon,Grand Prix de Monaco,Grand Prix du Brésil,Sportif,medium,Open Trivia DB
Quelle est la sanction encourue pour avoir joué à Postal 2 en Nouvelle-Zélande ?,10 ans de prison et une amende de 50 000 dollars,Amende de 5 000 $,Rien,15 ans de prison et une amende de 10 000 dollars,Divertissement : Jeux vidéo,medium,Open Trivia DB
Lequel des jeux suivants n'est PAS un jeu officiel de la série Super Smash Bros. de Nintendo ?,Croisade Super Smash Bros.,Super Smash Bros. Melee,Super Smash Bros. Brawl,Super Smash Bros. pour Nintendo 3DS et Wii U,Divertissement : Jeux vidéo,medium,Open Trivia DB
"Que s'est-il passé avec Half-Life 2 avant sa sortie, ce qui a conduit Valve à recommencer le développement du jeu depuis le début ?",Le code source a fuité.,Ils n'étaient pas satisfaits du résultat.,L'histoire n'était pas assez bonne.,Beaucoup trop de bugs à corriger,Divertissement : Jeux vidéo,medium,Open Trivia DB
"Dans ""Fallout 4"", quel est le nom du chien que l'on trouve à la station-service Red Rocket ?",Dogmeat,Sparky,Quazar,Hacher,Divertissement : Jeux vidéo,medium,Open Trivia DB
"Dans l'anime « Super Sonico », quel est le plat préféré de Super Sonico ?",Macroons,Glace,Pizza,Puces,Divertissement : Anime et manga japonais,medium,Open Trivia DB
Quel est le chiffre romain pour 500 ?,D,L,C,X,Sciences : Mathématiques,medium,Open Trivia DB
Le terme « scientifique » a été inventé en quelle année ?,1833,1933,1942,1796,Connaissances générales,medium,Open Trivia DB
En quelle année est sorti l'album « Californication » des Red Hot Chili Peppers ?,1999,1997,2000,1992,Divertissement : Musique,medium,Open Trivia DB
Quel est le nombre maximal d'étoiles Michelin qu'un restaurant peut recevoir ?,Trois,Quatre,Cinq,Six,Connaissances générales,medium,Open Trivia DB
« The Genius » est le nom original et secondaire de quel membre du Wu-Tang Clan ?,GZA,Ghostface Killah,Vieux salaud,Raekwon le chef,Divertissement : Musique,medium,Open Trivia DB
"Quel est le nom de la prison dans ""Half Life 2"" ?",Nova Prospekt,Grande Perspective,Nouvelle perspective,Lesser Prospekt,Divertissement : Jeux vidéo,medium,Open Trivia DB
Quelle était la catégorie de l'ouragan Katrina de 2005 sur l'échelle de Saffir-Simpson ?,Catégorie 5,Catégorie 1,Catégorie 4,Catégorie 2,Science et nature,medium,Open Trivia DB
"Quel pays a enregistré un record mondial de participation aux élections du 20 mai 1991, avec 315 millions d'électeurs ?",Inde,les états-unis d'Amérique,Union soviétique,Pologne,Politique,medium,Open Trivia DB
Qui est le protagoniste du livre « L'Attrape-cœurs » de J.D. Salinger ?,Holden Caulfield,Holden David,Jérôme Caulfield,Jérôme David,Divertissement : Livres,medium,Open Trivia DB
La Gambie est un pays situé sur quel continent ?,Afrique,Asie,Amérique du Sud,Europe,Géographie,medium,Open Trivia DB
Quel était le nom sous lequel la catcheuse professionnelle britannique Shirley Crabtree était plus connue ?,Grand Papa,Meules de foin géantes,Kendo Nagasaki,Masambula,Sportif,medium,Open Trivia DB
"Dans « Le Hobbit », qui tue Smaug ?",Barde,Bilbo Baggins,Gandalf le Gris,Frodon,Divertissement : Livres,medium,Open Trivia DB
Quelle est la capitale du Vietnam ?,Hanoï,Da Nang,Hai Phong,Hô Chi Minh-Ville,Géographie,medium,Open Trivia DB
Quelle ville a accueilli le CS:GO Dreamhack Open 2015 ?,Cluj-Napoca,Eau de Cologne,Atlanta,Londres,Divertissement : Jeux vidéo,medium,Open Trivia DB
Quel était le nom du premier MMORPG à populariser le genre ?,Ultima Online,Monde de Warcraft,Méridien 59,Guerres de guilde,Divertissement : Jeux vidéo,medium,Open Trivia DB
Quel mathématicien a refusé la médaille Fields ?,Grigori Perelman,Andrew Wiles,Terence Tao,Edward Witten,Sciences : Mathématiques,medium,Open Trivia DB
"« Je ne danserai plus jamais, mes pieds coupables n'ont plus de rythme », sont les paroles de quel tube de Wham! ?",Chuchotement négligent,Réveille-moi avant de partir,Noël dernier,Tout ce qu'elle veut,Divertissement : Musique,medium,Open Trivia DB
"Quel est le nom du premier niveau de ""Call of Duty : World at War"" ?",Semper Fi,Anneau d'acier,Vendetta,Expulsion,Divertissement : Jeux vidéo,medium,Open Trivia DB
Lequel de ces pays est frontalier de la Pologne ?,Lituanie,France,Norvège,Pays-Bas,Géographie,medium,Open Trivia DB
Quel rappeur a sorti un album double disque de platine sans aucun featuring ?,J. Cole,Kendrick Lamar,Canard,Big Sean,Divertissement : Musique,medium,Open Trivia DB
Quel est le seul Pokémon de la troisième génération dont le nom commence par la lettre I ?,Illumise,Infernape,Ivysaure,Igglybuff,Divertissement : Jeux vidéo,medium,Open Trivia DB
Quel est le meilleur score de golf de Tiger Woods en carrière ?,61,65,63,67,Sportif,medium,Open Trivia DB
"Dans Sid Meier's Civilization V, quelle merveille du monde ne peut être construite que dans des villes situées sur ou à proximité d'un désert ?",Petra,Les pyramides,Alhambra,Mausolée de Mausolée,Divertissement : Jeux vidéo,medium,Open Trivia DB
Qui jouait le rôle de Willy Wonka dans le film de 1971 « Willy Wonka et la chocolaterie » ?,Génie Wilder,Shia LaBeouf,Peter Ostrum,Johnny Depp,Divertissement : Film,medium,Open Trivia DB
"Quand est sorti le chapitre 1 du mod ""Underhell"" pour le moteur Source ?",1er septembre 2013,3 mars 2011,12 septembre 2013,2 octobre 2012,Divertissement : Jeux vidéo,medium,Open Trivia DB
"Dans l'univers de Half-Life 2, combien de temps a-t-il fallu au Cartel pour prendre le contrôle total de la Terre ?",7 heures,3 mois,24 heures,1 semaine,Divertissement : Jeux vidéo,medium,Open Trivia DB
Quelle nation n'avait PAS de colonie dans l'Amérique du Nord actuelle ?,Portugal,Espagne,Suède,Pays-Bas,Histoire,medium,Open Trivia DB
"Les lunes Miranda, Ariel, Umbriel, Titania et Oberon orbitent autour de quelle planète ?",Uranus,Jupiter,Vénus,Neptune,Science et nature,medium,Open Trivia DB
"Le cofondateur d'Apple, Steve Jobs, est décédé des suites de complications liées à quel type de cancer ?",pancréatique,Os,Foie,Estomac,Connaissances générales,medium,Open Trivia DB
Quel est le nom original de Final Fantasy XV ?,Final Fantasy Versus XIII,Final Fantasy : Reborn,Final Fantasy XVI,Final Fantasy XIII-3,Divertissement : Jeux vidéo,medium,Open Trivia DB
Combien de livres compte la série des Chroniques de Narnia ?,7,6,8,5,Divertissement : Livres,medium,Open Trivia DB
Laquelle de ces distributions de probabilité n'est PAS discrète ?,Normale,Binôme,Poisson,Hypergéométrique,Sciences : Mathématiques,medium,Open Trivia DB
Quelle est la capitale de la Nouvelle-Zélande ?,Wellington,Auckland,Christchurch,Melbourne,Géographie,medium,Open Trivia DB
"Dans « Halo 2 », quel est le nom du moniteur de l'Installation 05 ?",2401 Tangente pénitente,343 Coupable Étincelle,031 Témoin exubérant,252 Explosion Biodis,Divertissement : Jeux vidéo,medium,Open Trivia DB
Quelle proportion de leur poids corporel en nourriture les loutres de mer consomment-elles chaque jour ?,25%,10%,80%,45%,Animaux,medium,Open Trivia DB
"Dans ""Overwatch"", quel est le nom de la capacité ultime de Mercy ?",Valkyrie,Séisme,Barrage de roquettes,Noyau en fusion,Divertissement : Jeux vidéo,medium,Open Trivia DB
Quel est le nom du système d'intelligence artificielle dans le film « WarGames » de 1983 ?,Réponse au plan d'opération de guerre,Hélice de pensée auto-évolutive,Programme de contrôle principal,Ordinateur analogique du campus ouest,Divertissement : Film,medium,Open Trivia DB
Quel fut le premier mammifère à être envoyé avec succès en orbite terrestre ?,"Laïka, la chienne","Ham, le chimpanzé","Baker, le singe","Belka, la chienne",Histoire,medium,Open Trivia DB
Quel est le plus long serpent venimeux du monde ?,Cobra royal,Anaconda vert,Taïpan de l'intérieur,Serpent de mer à ventre jaune,Animaux,medium,Open Trivia DB
Quelle ville américaine figurait dans le jeu PC Midtown Madness de 1999 ?,Chicago,Washington D.C.,San Francisco,New York,Divertissement : Jeux vidéo,medium,Open Trivia DB
Lequel de ces pays a été le premier à envoyer un objet dans l'espace ?,Allemagne,USA,Russie,Chine,Histoire,medium,Open Trivia DB
Quelle est la première console de jeux vidéo au monde ?,Magnavox Odyssey,Coleco Telstar,Jeu de télévision Nintendo Color,Atari 2600,Divertissement : Jeux vidéo,medium,Open Trivia DB
Quel personnage interprétez-vous dans Yume Nikki ?,Madotsuki,Masada,Uboa,Poniko,Divertissement : Jeux vidéo,medium,Open Trivia DB
Qui a composé le générique des Simpson ?,Danny Elfman,John Williams,Hans Zimmer,Ennio Morricone,Divertissement : Télévision,medium,Open Trivia DB
Quelle boisson alcoolisée est principalement composée de baies de genièvre ?,Gin,Vodka,Rhum,Tequila,Connaissances générales,medium,Open Trivia DB
"Dans « Magic : The Gathering », lors de la conception de Planar Chaos, quelle couleur les développeurs ont-ils envisagé d'ajouter comme sixième couleur ?",Violet,Brun,Rose,Orange,Divertissement : Jeux de société,medium,Open Trivia DB
Quel était le titre du premier album du Velvet Underground ?,The Velvet Underground et Nico,Chargé,Le Velvet Underground,Lumière blanche / Chaleur blanche,Divertissement : Musique,medium,Open Trivia DB
Quel est l'oiseau national de Bahreïn ?,Bulbul,Colibri,Faucon,Moineau,Animaux,medium,Open Trivia DB
"Avant de se procurer le fusil, que voulait acheter le clochard éponyme de « Le clochard au fusil » ?",une tondeuse à gazon,un revolver,une guitare,un costume,Divertissement : Film,medium,Open Trivia DB
En quelle année le film de James Cameron « Titanic » est-il sorti en salles ?,1997,1996,1998,1999,Divertissement : Film,medium,Open Trivia DB
Qui a connu un succès numéro 1 aux États-Unis et au Royaume-Uni en 1962 avec le titre instrumental « Telstar » ?,Les tornades,Les Ventures,Les Spotnicks,Les Tremeloes,Divertissement : Musique,medium,Open Trivia DB
La tournée « In the Flesh » a servi à promouvoir quel album de Pink Floyd ?,Animaux,Le mur,J'aimerais que tu sois ici,Le montage final,Divertissement : Musique,medium,Open Trivia DB
Quel joueur de la NBA a remporté le titre de MVP (Most Valuable Player) lors de la saison 1999-2000 ?,Shaquille O'Neal,Allen Iverson,Kobe Bryant,Paul Pierce,Sportif,medium,Open Trivia DB
Quel est le nom de la bande dessinée qui raconte l'histoire d'un jeune garçon et d'un tigre qui est en réalité une peluche ?,Calvin et Hobbes,Winnie l'Ourson,Albert et Pogo,cacahuètes,Divertissement : Bandes dessinées,medium,Open Trivia DB
Lequel des films suivants n'a PAS été réalisé par Quentin Tarantino ?,Du crépuscule à l'aube,Jackie Brown,Pulp Fiction,Chiens du réservoir,Divertissement : Film,medium,Open Trivia DB
"Tous les éléments suivants sont des villes/villages de l'État insulaire du Pacifique, Kiribati, SAUF :",Urutora,Rungata,Londres,Washington,Géographie,medium,Open Trivia DB
"Dans JoJo's Bizarre Adventure, quel personnage est capable d'accélérer le temps ?",Enrico Pucci,Jotaro Kujo,Jolyne Cujoh,Kujo Jotaro,Divertissement : Anime et manga japonais,medium,Open Trivia DB
"Un minotaure est mi-humain, mi-quoi ?",Taureau,Vache,Cheval,Aigle,Mythologie,medium,Open Trivia DB
Quelle société a développé le jeu vidéo « Borderlands » ?,Logiciel Gearbox,Jeux 2K,Activision,Rockstar Games,Divertissement : Jeux vidéo,medium,Open Trivia DB
Un positron est une antiparticule de quoi ?,Électron,Neutron,Proton,Photon,Science et nature,medium,Open Trivia DB
"Dans Game of Thrones, quel est le nom de l'épée de Jon Snow ?",Longclaw,Gardien des serments,Cri de la veuve,Aiguille,Divertissement : Télévision,medium,Open Trivia DB
Sur quelle plateforme le jeu « Touhou : Highly Responsive to Prayers » est-il sorti ?,PC-98,OSX 10.9.5,Windows ME,Windows 98,Divertissement : Jeux vidéo,medium,Open Trivia DB
"En aéronautique, les volets et les becs de bord d'attaque servent à contrôler quoi sur un avion ?",Ascenseur,Poussée,Traîner,Poids,Science et nature,medium,Open Trivia DB
La chanson « Feel Good Inc. » du groupe britannique Gorillaz met en vedette quel groupe de hip-hop ?,De La Soul,Ennemi public,OutKast,Colline des Cyprès,Divertissement : Musique,medium,Open Trivia DB
Quel célèbre joueur de champ extérieur des Yankees de New York Marilyn Monroe a-t-elle épousé ?,Joe DiMaggio,Tino Martinez,Babe Ruth,Mason Williams,célébrités,medium,Open Trivia DB
Qui a écrit le roman d'horreur de 1967 « Rosemary's Baby » ?,Ira Levin,Stephen King,Robert Bloch,Marie Shelley,Divertissement : Livres,medium,Open Trivia DB
"Dans « La Cène » de Léonard de Vinci, de quelles deux couleurs étaient les robes portées par Jésus ?",Rouge et bleu,Rouge et blanc,Rouge et jaune,Rouge et noir,Art,medium,Open Trivia DB
Qui interprète le personnage de Dennis Reynolds dans la série « It's Always Sunny in Philadelphia » ?,Glenn Howerton,Rob McElhenney,Charlie Day,Danny DeVito,Divertissement : Télévision,medium,Open Trivia DB
Quel est le cinquième plus grand pays par superficie ?,Brésil,États-Unis,Australie,Inde,Géographie,medium,Open Trivia DB
Comment s'appelle la couche la plus basse de l'atmosphère terrestre ?,Troposphère,Stratosphère,Mésosphère,thermosphère,Science et nature,medium,Open Trivia DB
Quelle entreprise a fabriqué la mythique boîte à rythmes TR-808 ?,Roland,Technique,Korg,Casio,Science : Gadgets,medium,Open Trivia DB
Quand est sorti le premier épisode de Soul Eater ?,2008,2003,2005,2011,Divertissement : Anime et manga japonais,medium,Open Trivia DB
Quel est le nom de l'île introduite dans l'extension ARMA III : APEX ?,Tanoa,Altis,Stratis,Malden,Divertissement : Jeux vidéo,medium,Open Trivia DB
À qui attribue-t-on la mise par écrit du poème épique L'Odyssée ?,Homère,Aristote,Ulysse,Socrate,Histoire,medium,Open Trivia DB
Lequel des éléments suivants n'est PAS un composant électrique passif ?,Transistor,résistance,Condensateur,Inducteur,Science et nature,medium,Open Trivia DB
En quelle année est sorti le film Disney « Dingo et Max » ?,1995,1999,2001,1997,Divertissement : Dessins animés et animation,medium,Open Trivia DB
"La trilogie de films de Peter Jackson, « Le Seigneur des Anneaux », a été entièrement tournée dans quel pays ?",Nouvelle-Zélande,Écosse,Canada,Islande,Divertissement : Film,medium,Open Trivia DB
"Dans Need for Speed: Underground, quelle voiture conduit Eddie ?",Nissan Skyline GT-R (R34),Mazda RX-7 FD3S,Acura Integra Type R,Subaru Impreza 2.5 RS,Divertissement : Jeux vidéo,medium,Open Trivia DB
"Quel est le nom du bruiteur qui a conçu les sons célèbres de Star Wars, notamment le rugissement de Chewbacca et les bips et sifflements de R2-D2 ?",Ben Burtt,Ken Burns,Ralph McQuarrie,Miranda Keyes,Divertissement : Film,medium,Open Trivia DB
Quel terme psychologique désigne le stress lié au fait d'avoir des croyances contradictoires ?,Dissonance cognitive,Syndrome de l'inversion,Cerveau divisé,Vision aveugle,Science et nature,medium,Open Trivia DB
"Lequel de ces jeux se déroule dans la ville irlandaise de Doolin, avec la possibilité d'incarner l'un des personnages, Ellen ou Keats ?",Folklore,L'Ombre du Colosse,ICO,Au-delà du bien et du mal,Divertissement : Jeux vidéo,medium,Open Trivia DB
Lequel de ces pays n'est pas un État membre des Nations Unies ?,Niue,Tuvalu,Soudan du Sud,Monténégro,Géographie,medium,Open Trivia DB
"Dans « FTL : Plus rapide que la lumière », combien de races y a-t-il, y compris les Lanius ?",8,9,7,10,Divertissement : Jeux vidéo,medium,Open Trivia DB
Quel jeu Sonic the Hedgehog a introduit Knuckles l'échidné ?,Sonic le Hérisson 3,Sonic le Hérisson 2,Sonic et Knuckles,Sonic Adventure,Divertissement : Jeux vidéo,medium,Open Trivia DB
Qui a fait découvrir le cannabis aux Beatles en août 1964 ?,Bob Dylan,Jim Morrison,Brian Epstein,Jerry Garcia,Divertissement : Musique,medium,Open Trivia DB
Qui fut la première épouse du roi Henri VIII ?,Catherine d'Aragon,Jane Seymour,Anne Boleyn,Anne de Clèves,Histoire,medium,Open Trivia DB
Qui est le créateur du jeu de rythme gratuit et open source « osu! » ?,Dean « Peppy » Herbert,Daisuke « Pixel » Amaya,Eric « Singe Inquiet » Barone,Toby « FwugRadiation » Fox,Divertissement : Jeux vidéo,medium,Open Trivia DB
Quel slogan la chaîne de restauration rapide McDonald's utilisait-elle avant son slogan « I'm Lovin' It » ?,Nous adorons vous voir sourire,Pourquoi payer plus cher ?!,Faites-le à votre façon,Rendre les gens heureux grâce à la nourriture,Connaissances générales,medium,Open Trivia DB
Qui était le membre le plus âgé des Beatles ?,Ringo Starr,John Lennon,Paul McCartney,George Harrison,Divertissement : Musique,medium,Open Trivia DB
Le baron Silas Greenback est l'ennemi juré de quel héros de dessin animé ?,Souris dangereuse,Bananaman,SuperTed,Capitaine Star,Divertissement : Télévision,medium,Open Trivia DB
Quel personnage de JoJo's Bizarre Adventure possède le Stand nommé Silver Chariot ?,Jean-Pierre Polnareff,Noriaki Kakyoin,Cheval Hol,Hermès Costello,Divertissement : Anime et manga japonais,medium,Open Trivia DB
Gannymède est la plus grande lune de quelle planète ?,Jupiter,Uranus,Neptune,Mars,Science et nature,medium,Open Trivia DB
Quel fut le premier être vivant dans l'espace ?,Mouches des fruits,Singe,Chien,Souris,Science et nature,medium,Open Trivia DB
Où la grande tempête de 1987 a-t-elle touché terre en premier ?,Cornouailles,Surrey,Pays de Galles,Les Midlands,Science et nature,medium,Open Trivia DB
"Dans l'univers de World of Warcraft, combien de frères et sœurs Sylvanas Coursevent a-t-elle ?",3,2,4,1,Divertissement : Jeux vidéo,medium,Open Trivia DB
Dans laquelle de ces villes la Grande Puanteur de 1858 a-t-elle eu lieu ?,Londres,Berlin,New York,Moscou,Histoire,medium,Open Trivia DB
Lequel des personnages suivants n'est PAS jouable dans « Resident Evil 6 » ?,Jill Valentine,Chris Redfield,Sherry Birkin,Helena Harper,Divertissement : Jeux vidéo,medium,Open Trivia DB
Le scandale du Watergate a eu lieu en quelle année ?,1972,1973,1974,1971,Politique,medium,Open Trivia DB
"Dans le jeu « Dead By Daylight », quel personnage commence avec l'atout « Lien » ?",Dwight Fairfield,Claudette Morell,Meg Thomas,Jake Park,Divertissement : Jeux vidéo,medium,Open Trivia DB
Dans quel sport Fanny Chmelar concourt-elle pour l'Allemagne ?,Ski,Natation,saut d'obstacles,Gymnastique,Sportif,medium,Open Trivia DB
Quel groupe a sorti l'album « Sonic Highways » en 2014 ?,Foo Fighters,Coldplay,Nickelback,Les lèvres flamboyantes,Divertissement : Musique,medium,Open Trivia DB
Quel constructeur automobile italien a pris le contrôle majoritaire du constructeur automobile américain Chrysler en 2011 ?,Décret,Maserati,Alfa Romeo,Ferrari,Connaissances générales,medium,Open Trivia DB
Quel sport est pratiqué dans l'anime Eyeshield 21 ?,Football américain,Base-ball,Football,Basket-ball,Divertissement : Anime et manga japonais,medium,Open Trivia DB
"Dans la série « Neptunia », quelle nation Neptune gouverne-t-il ?",Planeptune,Lastation,Leanbox,Lowee,Divertissement : Jeux vidéo,medium,Open Trivia DB
Lequel des rappeurs suivants n'a PAS fait partie du groupe de hip-hop Odd Future ?,Vince Staples,"Tyler, le créateur",Frank Ocean,Mike G,Divertissement : Musique,medium,Open Trivia DB
Laquelle des langues suivantes n'est PAS classée comme langue sémitique ?,Sumérien,maltais,Akkadien,Mandaic,Histoire,medium,Open Trivia DB
Quelle est la dernière lettre de l'alphabet grec ?,Oméga,Mu,Epsilon,Kappa,Connaissances générales,medium,Open Trivia DB
Lequel de ces tireurs d'élite possède le plus grand nombre de victimes confirmées ?,Simo Häyhä,Chris Kyle,Vassili Zaytsev,Craig Harrison,Histoire,medium,Open Trivia DB
Combien de comtés compte la République d'Irlande ?,26,32,28,30,Géographie,medium,Open Trivia DB
Quel chanteur figurait sur le titre « Wake Me Up » du producteur suédois Avicii ?,Aloe Black,John Legend,CeeLo Green,Pharrell Williams,Divertissement : Musique,medium,Open Trivia DB
"Les provinces espagnoles suivantes sont situées dans la partie nord de l'Espagne, à l'exception de :",Murcie,Asturies,Navarre,Léon,Géographie,medium,Open Trivia DB
"Quel président américain a été, selon la légende, « attaqué » par un lapin nageur ?",Jimmy Carter,Ronald Reagan,Lydon B. Johnson,Gerald Ford,Histoire,medium,Open Trivia DB
Quel est le surnom du club de rugby à XV de Northampton Town ?,Saints,Arlequins,Sarrasins,Guêpes,Sportif,medium,Open Trivia DB
Quelle série de Cartoon Network a diffusé son premier épisode le 4 novembre 2013 ?,Steven Universe,Regular Show,Le temps de l'aventure,Le Monde Incroyable de Gumball,Divertissement : Dessins animés et animation,medium,Open Trivia DB
"Tous les noms suivants font partie des Sept Royaumes combattants, SAUF :",Zhai (翟),Zhao (趙),Qin (秦),Qi (齊),Histoire,medium,Open Trivia DB
Où est né Kanye West ?,"Atlanta, Géorgie","Chicago, Illinois","Los Angeles, Californie","Détroit, Michigan",célébrités,medium,Open Trivia DB
"Lequel de ces blocs dans ""Minecraft"" possède la plus faible résistance aux explosions ?",Sable,Pierre terminale,Eau,Planches de bois,Divertissement : Jeux vidéo,medium,Open Trivia DB
Le protagoniste du jeu « Cave Story » s'appelle,Citation,Kazuma,Bouclé,Arthur,Divertissement : Jeux vidéo,medium,Open Trivia DB
Laquelle des batailles suivantes est souvent considérée comme marquant le début du déclin de l'Empire romain d'Occident ?,Bataille d'Andrinople,Bataille de Thessalonique,Bataille de Pollentia,Bataille de Constantinople,Histoire,medium,Open Trivia DB
"Quel architecte de renom, décédé en 2019 à l'âge de 102 ans, a conçu la pyramide de verre du musée du Louvre à Paris ?",I. M. Pei,Pascale Guédot,Frank Gehry,Wang Shu,Connaissances générales,medium,Open Trivia DB
"Dans le secteur de l'hébergement de serveurs, IaaS signifie...",Infrastructure en tant que service,Internet en tant que service,Internet et un serveur,Infrastructure en tant que serveur,Sciences : Informatique,medium,Open Trivia DB
Combien de trophées de Premier League Sir Alex Ferguson a-t-il remportés durant son passage à Manchester United ?,13,11,20,22,Sportif,medium,Open Trivia DB
"Dans la mythologie nordique, Baldr a été tué par Loki avec une lance magique faite de quelle plante ?",Gui,Fléau des loups,Nerprun,Ciguë,Mythologie,medium,Open Trivia DB
En quelle année le premier jeu Sonic the Hedgehog est-il sorti ?,1991,1989,1993,1995,Divertissement : Jeux vidéo,medium,Open Trivia DB
Lequel de ces langages de programmation est un langage de bas niveau ?,Assemblée,Python,C#,Pascal,Sciences : Informatique,medium,Open Trivia DB
Quand la Norvège a-t-elle adopté sa constitution ?,1814,1932,1905,1854,Histoire,medium,Open Trivia DB
"Qui est le père d'Icare, qui a volé trop près du soleil ?",Dédale,Minos,Persée,Zeus,Mythologie,medium,Open Trivia DB
Quel est le nom du dragon d'Eragon dans « Eragon » ?,Saphira,Glaedr,Épine,Arya,Divertissement : Livres,medium,Open Trivia DB
Quand le site web « Facebook » a-t-il été lancé ?,2004,2005,2003,2006,Connaissances générales,medium,Open Trivia DB
À quel genre le projet Touhou est-il associé ?,Tirs à tout va (enfer de balles) et combats,Stratégie au tour par tour,MMORPG,Bâtiment,Divertissement : Jeux vidéo,medium,Open Trivia DB
"Sans enchantements, quelle pioche dans Minecraft extrait les blocs le plus rapidement ?",Doré,Diamant,Fer,Obsidienne,Divertissement : Jeux vidéo,medium,Open Trivia DB
"Qui est le personnage principal de ""Metal Gear Solid 3"" ?",Serpent nu,Solid Snake,Serpent liquide,Serpent venimeux,Divertissement : Jeux vidéo,medium,Open Trivia DB
Quelle était la limite de taille des blocs Bitcoin en 2010 ?,1 Mo,1 Go,1 Ko,1 To,Sciences : Informatique,medium,Open Trivia DB
Quel est le nom du jeu de réalité augmentée géolocalisé développé par Niantic avant Pokémon GO ?,Entrée,Agression,Régresser,Digress,Divertissement : Jeux vidéo,medium,Open Trivia DB
L'espèce aujourd'hui disparue « Thylacine » était originaire de quel endroit ?,"Tasmanie, Australie","Baloutchistan, Pakistan","Valachie, Roumanie","Oregon, États-Unis",Animaux,medium,Open Trivia DB
Quel est le mot de cinq lettres qui constitue la devise de la société IBM Computer ?,Pense,Cliquez,Logique,Pixel,Sciences : Informatique,medium,Open Trivia DB
Quelle est la durée approximative d'une année sur Uranus ?,84 années terrestres,47 années terrestres,62 années terrestres,109 années terrestres,Science et nature,medium,Open Trivia DB
Quel est le type de carte « Drain Magique » dans le jeu de cartes à collectionner Yu-Gi-Oh! ?,Contre-piège,Piège normal,Sort à jeu rapide,Carte Magie de Terrain,Divertissement : Jeux de société,medium,Open Trivia DB
"Dans Touhou 12 : Undefined Fantastic Object, lequel de ces personnages n'était pas jouable ?",Izayoi Sakuya,Hakurei Reimu,Kirisame Marisa,Kochiya Sanae,Divertissement : Jeux vidéo,medium,Open Trivia DB
Quel a été le premier footballeur à marquer 200 buts en Premier League anglaise ?,Alan Shearer,Wayne Rooney,Robbie Fowler,Thierry Henry,Sportif,medium,Open Trivia DB
Quel objet spécial les créateurs de Cards Against Humanity ont-ils inclus dans leur pack du Black Friday ?,excréments de taureau,Extension de cartes,Un jouet raciste,Urine de chat,Divertissement : Jeux de société,medium,Open Trivia DB
Quelle équipe nationale a remporté l'édition 2016 du Championnat d'Europe de l'UEFA ?,Portugal,France,Allemagne,Angleterre,Sportif,medium,Open Trivia DB
"Dans un jeu de cartes standard, quel est le seul roi sans moustache ?",Cœurs,Piques,Diamants,Clubs,Connaissances générales,medium,Open Trivia DB
Quelle est la première arme principale que le joueur obtient dans « PAYDAY : Le Braquage » ?,AMCAR-4,Brenner 21,Reinbeck,M308,Divertissement : Jeux vidéo,medium,Open Trivia DB
Quel pays revendique la souveraineté sur l'État contesté du Kosovo ?,Serbie,Croatie,Albanie,Macédoine,Géographie,medium,Open Trivia DB
"Dans le tableau périodique, Au désigne quel élément ?",Or,Argent,Oxygène,Nickel,Science et nature,medium,Open Trivia DB
Quel film d'horreur a eu une suite sous forme de jeu vidéo sorti le 20 août 2002 ?,La Chose,Les morts-vivants,Scie,Étranger,Divertissement : Jeux vidéo,medium,Open Trivia DB
"La maison Fallingwater, située en Pennsylvanie, a été conçue par quel architecte ?",Frank Lloyd Wright,Antoni Gaudí,Frank Gehry,Le Corbusier,Histoire,medium,Open Trivia DB
Lequel de ces personnages n'est PAS un personnage du jeu vidéo Overwatch ?,Garen,Moissonneuse,Chanson Hana,Traceur,Divertissement : Jeux vidéo,medium,Open Trivia DB
"Dans « Le Monde incroyable de Gumball », qui est le principal du collège d'Elmore ?",Principal Brown,Principal Petit,Principal Brawn,Principal Siméon,Divertissement : Dessins animés et animation,medium,Open Trivia DB
Quels sont les deux pays actuels qui étaient connus sous le nom de Rhodésie entre les années 1890 et 1980 ?,Zambie et Zimbabwe,Togo et Bénin,Lesotho et Swaziland,Rwanda et Burundi,Géographie,medium,Open Trivia DB
"En 1818, la romancière Mary Shelley est créditée d'avoir écrit un roman de fiction et d'avoir créé ce personnage tristement célèbre.",Le monstre de Frankenstein,Dracula,La Chose,L'homme invisible,Divertissement : Livres,medium,Open Trivia DB
"Qui a incarné le baron Victor Frankenstein dans le film d'horreur Hammer de 1957, « La Malédiction de Frankenstein » ?",Peter Cushing,Boris Karloff,Vincent Price,Lon Chaney Jr.,Divertissement : Film,medium,Open Trivia DB
Quel acteur n'a pas joué un rôle important dans la série télévisée Freaks and Geeks ?,Jonah Hill,Jason Segel,Seth Rogen,James Franco,Divertissement : Télévision,medium,Open Trivia DB
"Parmi les 3 Tots de Tots TV, lequel parle français dans la version britannique et espagnol dans la version américaine ?",Tilly,Tom,Minuscule,Aucune des réponses ci-dessus,Divertissement : Télévision,medium,Open Trivia DB
"Dans la série Kingdom Hearts, qui prête sa voix à Maître Eraqus en anglais ?",Mark Hamill,Jason Dohring,Jesse McCartney,Haley Joel Osment,Divertissement : Jeux vidéo,medium,Open Trivia DB
Qui a mis au point le premier vaccin efficace contre la polio dans les années 1950 ?,Jonas Salk,John F. Enders,Thomas Weller,Frédéric Robbins,Science et nature,medium,Open Trivia DB
Quelle mission Apollo fut la dernière du programme Apollo de la NASA ?,Apollo 17,Apollo 13,Apollo 11,Apollo 15,Histoire,medium,Open Trivia DB
Combien d'années a duré la guerre de Cent Ans ?,116,100,90,101,Histoire,medium,Open Trivia DB
"Lorsque Christophe Colomb a navigué vers l'Amérique, quelle fut la première région où il a accosté ?",L'archipel des Bahamas,Floride,Isthme de Panama,Nicaragua,Histoire,medium,Open Trivia DB
Quelle attraction emblématique de Disneyland a fermé ses portes en 2017 pour être transformée en attraction sur le thème des « Gardiens de la Galaxie » ?,La Tour de la Terreur de la Quatrième Dimension,Le Manoir Hanté,Pirates des Caraïbes,Le vol de Peter Pan,Connaissances générales,medium,Open Trivia DB
"Lequel des Stands de ""JoJo's Bizarre Adventure"" imite l'apparence d'une tomate ?",Pearl Jam,Piment rouge fort,Crème de démarrage,Appel du roi des noix,Divertissement : Anime et manga japonais,medium,Open Trivia DB
Lequel de ces jeux Mario Kart a été conçu pour la Game Boy Advance ?,Mario Kart : Super Circuit,Mario Kart : Double Dash,Mario Kart 64,Super Mario Kart,Divertissement : Jeux vidéo,medium,Open Trivia DB
"Quand les États-Unis ont-ils officiellement déclaré la guerre au Japon, entrant ainsi dans la Seconde Guerre mondiale ?",8 décembre 1941,6 juin 1944,22 juin 1941,1er septembre 1939,Histoire,medium,Open Trivia DB
Quel est le surnom d'Ikki Kurogane au début de « Chivalry of a Failed Knight » ?,Le pire,Encore un,Blazer,Princesse,Divertissement : Anime et manga japonais,medium,Open Trivia DB
Quel acteur américain a réalisé et joué aux côtés d'Emily Blunt dans le film d'horreur de 2018 « Sans un bruit » ?,John Krasinski,Keanu Reeves,Willem Dafoe,Josh Brolin,Divertissement : Film,medium,Open Trivia DB
Quel est le nom linnéen du pommier domestique ?,Malus pumila,Malus americana,Pomus domestica,Appelus delectica,Science et nature,medium,Open Trivia DB
"Dans WarioWare : Smooth Moves, lequel de ces éléments n'est PAS une forme ?",Le Hotshot,Le Rejet,L'éléphant,Le Mohawk,Divertissement : Jeux vidéo,medium,Open Trivia DB
"Dans la série JoJo's Bizarre Adventure, quel personnage principal apparaît le plus souvent de manière récurrente ?",Jotaro Kujo,Giorno Giovanna,Joseph Joestar,Josuke Higashikata,Divertissement : Anime et manga japonais,medium,Open Trivia DB
Laquelle des unités terranes suivantes du jeu de stratégie en temps réel Starcraft a été introduite pour la première fois dans l'extension Brood War ?,Médical,Spectre,Navire scientifique,SCV,Divertissement : Jeux vidéo,medium,Open Trivia DB
"La mascotte originale du célèbre jeu Nintendo, « Splatoon », devait être…",Mario,Inklings,Octalings,Zelda,Divertissement : Jeux vidéo,medium,Open Trivia DB
"Dans le film « Retour vers le futur », à quelle vitesse la DeLorean de Doc Brown doit-elle atteindre pour voyager dans le temps ?",88 mph,124 km/h,160 km/h,113 km/h,Divertissement : Film,medium,Open Trivia DB
Quand la Grande Guerre patriotique en URSS s'est-elle terminée ?,9 mai 1945,2 septembre 1945,9 août 1945,11 décembre 1945,Histoire,medium,Open Trivia DB
Dans quel épisode de « Mr. Bean » le voit-on essayer d'empêcher les gens de le voir nu ?,M. Bean dans la chambre 426,Mr. Bean va en ville,Le problème avec Mr. Bean,"Retour à l'école, M. Bean",Divertissement : Télévision,medium,Open Trivia DB
En quelle année le dernier cas naturel de variole a-t-il été documenté ?,1977,1982,1980,1990,Histoire,medium,Open Trivia DB
Laquelle de ces races n'est PAS une race de personnage jouable dans le jeu vidéo « Starbound » ?,Fenerox,Floran,Novakid,Hylotl,Divertissement : Jeux vidéo,medium,Open Trivia DB
Lequel des langages suivants est utilisé comme langage de script dans le moteur de jeu Unity 3D ?,C#,Java,C++,Objectif-C,Sciences : Informatique,medium,Open Trivia DB
"Dans Team Fortress 2, quelle classe manie un fusil à pompe ?",Tout le monde est listé,Lourd,Soldat,Ingénieur,Divertissement : Jeux vidéo,medium,Open Trivia DB
Quel type de fonction représente x²+2x+1 ?,Quadratique,Rationnel,Linéaire,Exponentiel,Sciences : Mathématiques,medium,Open Trivia DB
Le label de musique électronique Monstercat est basé dans quel pays ?,Canada,États-Unis,Australie,Royaume-Uni,Divertissement : Musique,medium,Open Trivia DB
Quel fleuve traverse la ville écossaise de Glasgow ?,Clyde,Tay,Dee,Tweed,Connaissances générales,medium,Open Trivia DB
Quel est le plus grand lac du continent africain ?,Lac Victoria,Lac Tanganyika,Lac Malawi,Lac Turkana,Géographie,medium,Open Trivia DB
"Dans Call of Duty : United Offensive, quels sont les deux soldats qui portent le même nom qu'un personnage de jeu vidéo ?",Gordon et Freeman,Sam et Fisher,Nathan et Drake,Creuser et déterré,Divertissement : Jeux vidéo,medium,Open Trivia DB
"Dans Retour vers le futur II, Marty et le Dr Emmett Brown se rendent à quelle date future ?",21 octobre 2015,28 août 2015,20 juillet 2015,25 janvier 2015,Divertissement : Film,medium,Open Trivia DB
Lequel des jeux suivants n'était pas un titre de lancement pour la Nintendo Gamecube ?,Super Mario Sunshine,Le Manoir de Luigi,Star Wars Rogue Squadron II,Tarzan indompté de Disney,Divertissement : Jeux vidéo,medium,Open Trivia DB
Lequel de ces artistes n'a PAS remixé la chanson « Faded » d'Alan Walker ?,Skrillex,Tiësto,Slushii,Dash Berlin,Divertissement : Musique,hard,Open Trivia DB
Comment appelle-t-on l'illusion auditive d'une note qui semble monter à l'infini ?,Shepard Ton,Illusion de Glissandro,Effet Fransen,Effet McGurck,Science et nature,hard,Open Trivia DB
"Quel est le numéro de modèle du fusil laser commun que l'on trouve dans Fallout 3, Fallout : New Vegas et Fallout 4 ?",AER9,AER10,AER12,AER14,Divertissement : Jeux vidéo,hard,Open Trivia DB
Quel a été le premier composé organique synthétisé à partir de composés inorganiques ?,Urée,Propane,Éthanol,Formaldéhyde,Science et nature,hard,Open Trivia DB
Nidhogg est une créature mythique issue de quelle mythologie ?,norrois,égyptien,grec,hindou,Mythologie,hard,Open Trivia DB
"Dans Terraria, à quel malus le charme ankh ne confère-t-il pas d'immunité ?",Venin,Maudit,Saignement,Lent,Divertissement : Jeux vidéo,hard,Open Trivia DB
En quelle année le premier film indien a-t-il été soumis aux Oscars ?,1957,1962,1938,1954,Divertissement : Film,hard,Open Trivia DB
"Dans le jeu de simulation agricole indépendant « Stardew Valley », quel PNJ déteste l'objet « éclat prismatique » lorsqu'il le reçoit en cadeau ?",Haley,Abigail,Elliott,Lewis,Divertissement : Jeux vidéo,hard,Open Trivia DB
Quelle chanson interprétée à l'origine par les Bee Gees en 1978 a été reprise par Steps 20 ans plus tard ?,Tragédie,Fièvre nocturne,Rester en vie,Tu devrais danser,Divertissement : Musique,hard,Open Trivia DB
Quel est le nom scientifique du pygargue à tête blanche ?,Haliaeetus Leucocephalus,Tyto Alba,Cyanocitta Cristata,Aquila Chrysaetos,Animaux,hard,Open Trivia DB
Où se situe Tombouctou ?,"Mali, Afrique","Azerbaïdjan, Asie","Bangladesh, Asie","Mauritanie, Afrique",Géographie,hard,Open Trivia DB
Quand la Révolution française a-t-elle commencé ?,5 mai 1789,12 avril 1789,5 avril 1789,6 mai 1799,Histoire,hard,Open Trivia DB
"Pour réduire les coûts, avec quoi ont été financés la plupart des bonus de Mad Max (1979) ?",Bière,Restauration rapide,bons alimentaires,Ils n'ont pas été payés,Divertissement : Film,hard,Open Trivia DB
"Dans le jeu « Toontown Online » de Disney, laquelle de ces espèces n'était pas disponible en tant que personnage Toon ?",Vache,Singe,Ours,Cochon,Divertissement : Jeux vidéo,hard,Open Trivia DB
Qu'est-ce qui est identique en Celsius et en Fahrenheit ?,-40,32,-39,-42,Science et nature,hard,Open Trivia DB
À qui est attribué en premier lieu l'argument ontologique en faveur de la preuve de l'existence de Dieu ?,Anselme de Cantorbéry,René Descartes,Emmanuel Kant,Aristote,Histoire,hard,Open Trivia DB
Comment s'appelle l'au-delà des Klingons ?,Sto-vo-kor,Valhalla,Karon'gahk,New Jersey,Divertissement : Télévision,hard,Open Trivia DB
Quel musicien a collaboré avec le producteur américain Porter Robinson et a sorti la chanson « Shelter » en 2016 ?,Madeon,Mat Zo,deadmau5,Zedd,Connaissances générales,hard,Open Trivia DB
Quelle classe de personnage de la 5e édition de Donjons et Dragons tire ses pouvoirs d'un pacte avec un être de puissance supérieure ?,Sorcier,Magicien,Sorcier,Clerc,Divertissement : Jeux de société,hard,Open Trivia DB
Quel est le premier album de Pink Floyd ?,Le joueur de flûte aux portes de l'aube,La face cachée de la Lune,J'aimerais que tu sois ici,Se mêler,Divertissement : Musique,hard,Open Trivia DB
"Dans l'univers de Team Fortress 2, qu'est-ce que Shakespearices n'a PAS inventé ?",Escaliers,Bâtiment à deux étages,lance-roquettes,Pièce de théâtre,Divertissement : Jeux vidéo,hard,Open Trivia DB
"Dans la bande dessinée en ligne Homestuck, quel est le nom du jeu auquel jouent les 4 enfants ?",Sburb,Nostalgique,Husslie,Échange de ruches,Divertissement : Dessins animés et animation,hard,Open Trivia DB
Lequel des bâtiments suivants est un château ?,Château d'Élisabeth,Château de Frank,Richard Castle,Château d'Olivia,Géographie,hard,Open Trivia DB
"Dans Stardew Valley, quelle est la récompense pour avoir complété tous les lots du tableau d'affichage ?",Points d'amitié supplémentaires,Rocher scintillant enlevé,Le bus est réparé.,Serre,Divertissement : Jeux vidéo,hard,Open Trivia DB
Quel est le nom de cette région rocheuse qui s'étend sur la majeure partie de l'est du Canada ?,Bouclier canadien,Montagnes Rocheuses,Montagnes des Appalaches,Himalaya,Géographie,hard,Open Trivia DB
"Lequel des niveaux Maître de « Super Monkey Ball » est également utilisé dans la version arcade du jeu, simplement intitulée « Monkey Ball » ?",MAÎTRE 9 - Maître de Bridge,MAÎTRE 3 - Maître de l'endurance,MAÎTRE 10 - Maître Singe,MAÎTRE 6 - Maître des rouleaux,Divertissement : Jeux vidéo,hard,Open Trivia DB
Qui a remporté le championnat international de tambours et clairons de 1989 ?,Santa Clara Vanguard,Diables bleus,L'Académie,Les Tuniques bleues,Divertissement : Musique,hard,Open Trivia DB
Dans quel jeu le personnage de « Mario » a-t-il fait sa première apparition ?,Donkey Kong,Super Mario Bros.,Super Mario Land,Mario Bros.,Divertissement : Jeux vidéo,hard,Open Trivia DB
"Bir Tawil, une bande de terre inhabitée revendiquée par aucun pays, est située le long de la frontière de quels deux pays ?",Égypte et Soudan,Israël et la Jordanie,Tchad et Libye,L'Irak et l'Arabie saoudite,Géographie,hard,Open Trivia DB
"Dans « Sonic the Hedgehog 3 » sur Sega Genesis, quelle est la couleur de la deuxième Émeraude du Chaos que l'on peut obtenir dans les niveaux spéciaux ?",Orange,Bleu,Vert,Magenta,Divertissement : Jeux vidéo,hard,Open Trivia DB
De quel manga est tirée la « fille 404 » de 4chan ?,Yotsuba&!,Azumanga Daioh,Étoile porte-bonheur,Trèfle,Divertissement : Anime et manga japonais,hard,Open Trivia DB
Chino Moreno est le chanteur principal de quel groupe de metal alternatif ?,Deftones,Outil,Korn,Type O négatif,Divertissement : Musique,hard,Open Trivia DB
Combien de membres compte le groupe d'idoles « µ's » ?,9,48,6,3,Divertissement : Musique,hard,Open Trivia DB
Que signifie le « D » dans le terme « D-Mail » du jeu « Steins;Gate » ?,DeLorean,Profond,Démo,Développeur,Divertissement : Jeux vidéo,hard,Open Trivia DB
Qui était le premier batteur des Beatles ?,Tommy Moore,Ringo Starr,Stuart Sutcliffe,Pete Best,Divertissement : Musique,hard,Open Trivia DB
En quelle année ont débuté les efforts visant à déployer les normes communes d'État (CCSS) aux États-Unis ?,2009,2012,2006,1997,Politique,hard,Open Trivia DB
"Pour lequel des films suivants Don Bluth a-t-il été à la fois scénariste, réalisateur et producteur ?",Tous les chiens vont au paradis,Titan A.E.,Anastasia,Le Petit Dinosaure,Divertissement : Dessins animés et animation,hard,Open Trivia DB
"D'après une interview du directeur du jeu « Super Mario Land 2 », Hiroji Kiyotake, quel est le plat préféré de Wario ?",Crêpes,Pizza,Ail,Fromage,Divertissement : Jeux vidéo,hard,Open Trivia DB
Les artistes électroniques Boys Noize et Skrillex ont collaboré et sorti des morceaux sous quel nom ?,Sang de chien,Jack Ü,Quoi de neuf ?,Noisia,Divertissement : Musique,hard,Open Trivia DB
"Combien de versions, à la peinture et au pastel, du « Cri » le peintre norvégien Edvard Munch aurait-il réalisées ?",4,1,3,2,Art,hard,Open Trivia DB
Quel est le nom de la monnaie utilisée en Éthiopie ?,Birr,Dirham,Dollar américain,Rand,Connaissances générales,hard,Open Trivia DB
Quel est le nom du comédien de doublage qui prête sa voix à un personnage de Portal 2 et qui n'était pas acteur de télévision ou de cinéma avant le jeu ?,GLaDOS,Cave Johnson,Wheatley,Atlas / P-Body,Divertissement : Jeux vidéo,hard,Open Trivia DB
« All the Boys » de Panic! At the Disco est sorti en tant que titre bonus sur quel album ?,"Trop bizarre pour vivre, trop rare pour mourir !",Une fièvre qu'on ne peut pas faire disparaître par la transpiration,Mort d'un célibataire,Vices et vertus,Divertissement : Musique,hard,Open Trivia DB
Lequel des véhicules utilitaires suivants de Grand Theft Auto IV n'est PAS réapparu dans Grand Theft Auto V ?,Coursier,Mule,Benson,Poney,Divertissement : Jeux vidéo,hard,Open Trivia DB
Quel est le premier album de Justin Bieber ?,Mon Monde 2.0,Tu souris,Bébé,But,Divertissement : Musique,hard,Open Trivia DB
Qui a remporté le Daytona 500 de 1998 ?,Dale Earnhardt,John Anderson,Jeff Gordon,Michael Walltrip,Sportif,hard,Open Trivia DB
Lequel de ces pays insulaires est situé dans les Caraïbes ?,Barbade,Fidji,Maldives,Seychelles,Géographie,hard,Open Trivia DB
"Quel footballeur italien a indiqué à Neuer où il plaçait son tir et le tirait à côté, lors du match Italie-Allemagne, UEFA EURO 2016 ?",Pelle,Insigne,Barzagli,Giaccherini,Sportif,hard,Open Trivia DB
Qui jouait le rôle du bébé soleil dans la série originale des Télétubbies ?,Jessica Smith,Pui Fan Lee,Sue Monroe,Lisa Brockwell,Divertissement : Télévision,hard,Open Trivia DB
Où se situe le muscle grand fessier ?,Bout,Bras,Tête,Torse,Science et nature,hard,Open Trivia DB
Qui a conçu la pochette de l'album True Romance d'Estelle ?,Rebecca Sugar,Matt Burnett,Ian Jones Quartey,Ben Leven,Divertissement : Musique,hard,Open Trivia DB
"Dans Monster Hunter Generations, quelles sont les techniques de chasse exclusives à l'épée longue ?",Esprit dérangé,Shoryugeki,Provoquer,Émeute démoniaque,Divertissement : Jeux vidéo,hard,Open Trivia DB
"Dans Les Misérables, qui est le détenu 24601 ?",Jean Valjean,Marius Pontmercy,Javert,Jean-Claude Van Damme,Divertissement : Comédies musicales et théâtres,hard,Open Trivia DB
Les îlots de Langerhans se trouvent dans quel organe humain ?,Pancréas,Rein,Foie,Cerveau,Science et nature,hard,Open Trivia DB
Laquelle des langues suivantes n'utilise PAS le genre comme élément de sa grammaire ?,turc,Allemand,danois,polonais,Connaissances générales,hard,Open Trivia DB
Quelle fut la première capitale du Canada ?,Kingston,Toronto,Ottawa,Montréal,Histoire,hard,Open Trivia DB
Quelle est la toxine la plus puissante connue ?,toxine botulique,ricine,Cyanure,Amiante,Science et nature,hard,Open Trivia DB
"D'après le roman de Bram Stoker, dans quelle ville côtière britannique Dracula a-t-il débarqué ?",Whitby,Scarborough,Brighton,Portsmouth,Divertissement : Livres,hard,Open Trivia DB
"Dans Halo 2, combien de balles contient le chargeur du M6C ?",12,6,36,18,Divertissement : Jeux vidéo,hard,Open Trivia DB
Quelle est la plus grande île du Canada ?,Île de Baffin,Île-du-Prince-Édouard,Île de Vancouver,Terre-Neuve,Géographie,hard,Open Trivia DB
"Le sixième album de Panic! At the Disco, « Pray For The Wicked », est sorti à quelle date ?",22 juin 2018,9 mai 2018,13 mars 2018,21 février 2018,Divertissement : Musique,hard,Open Trivia DB
Qui a remporté la saison 10 de « Big Brother » ?,Dan Gheesling,Bryce Kranyik,Ryan Sutfin,Chris Mundorf,Divertissement : Télévision,hard,Open Trivia DB
Quel est le nom complet de Scooby-Doo ?,Scoobert Doo,Scooter Doo,Scooby Dooby Doo,Scooby-Doo,Divertissement : Dessins animés et animation,hard,Open Trivia DB
Quel membre du Wu-Tang Clan n'a eu qu'un seul couplet sur leur premier album Enter the Wu-Tang (36 Chambers) ?,Masta Killa,Method Man,Inspecter le pont,GZA,Divertissement : Musique,hard,Open Trivia DB
Le Printemps arabe désigne une série de protestations et de rébellions qui ont débuté dans lequel de ces pays arabes ?,Tunisie,Maroc,Syrie,Egypte,Histoire,hard,Open Trivia DB
"Durant le triumvirat romain de 42 av. J.-C., quelle région de la République romaine fut attribuée à Lépide ?",Hispanie,Italie,Gallia,Asie,Histoire,hard,Open Trivia DB
Lequel de ces exemples est utilisé pour démontrer que la Terre tourne sur un axe ?,Pendule de Foucault,Polaris,Cadran solaire,Plaques tectoniques,Science et nature,hard,Open Trivia DB
"Quelle équipe a remporté le tournoi ""Tom Clancy's Rainbow Six Siege"" Invitational de février 2017 dans la catégorie PC ?",Continuum,GIFU,Dextérité de Santos,eRa Éternité,Divertissement : Jeux vidéo,hard,Open Trivia DB
"Dans « Hunter x Hunter », lequel des éléments suivants n'est PAS un type d'aura Nen ?",Restauration,Émission,Transmutation,Spécialisation,Divertissement : Anime et manga japonais,hard,Open Trivia DB
Quelle est la formule moléculaire de l'ozone ?,O3,C6H2O6,N2O,SO4,Science et nature,hard,Open Trivia DB
À quoi fait référence le terme « isolement » en microbiologie ?,La séparation d'une souche à partir d'une population naturelle et mixte de microbes vivants,Un manque de nutriments dans les micro-environnements,Le niveau d'azote dans le sol,"Tester les effets de certains micro-organismes dans des environnements isolés, tels que les grottes",Science et nature,hard,Open Trivia DB
"Dans l'univers de Magic: The Gathering, sur quel continent se déroulent les extensions Antiquities, Ice Age et Alliances ?",Terisiare,Aerona,Shiv,Jamuraa,Divertissement : Livres,hard,Open Trivia DB
"Dans « Resident Evil 3 », combien d'emplacements d'inventaire Jill possède-t-elle au début du jeu ?",8,6,10,12,Connaissances générales,hard,Open Trivia DB
Quelle était la religion du célèbre chanteur Freddie Mercury ?,Zoroastrisme,Paganisme,ashurisme,judaïsme,célébrités,hard,Open Trivia DB
Quel est le plan d'existence dans « Magic the Gathering » de MicroProse (1997) ?,Shandalar,Théros,Ravnica,Amonkhet,Divertissement : Jeux vidéo,hard,Open Trivia DB
"Dans quel pays s'est déroulée la rébellion d'Eureka, une bataille de 1856 contre le pouvoir colonial ?",Australie,Inde,Canada,Brésil,Histoire,hard,Open Trivia DB
Quel a été le premier jeu vidéo classé M (17+) développé par Squaresoft/Square Enix ?,Parasite Eve,Final Fantasy VIII,Mission du Front,Histoire de vagabond,Divertissement : Jeux vidéo,hard,Open Trivia DB
Quel était le nom de code donné à Sonic the Hedgehog 4 durant son développement ?,Projet Needlemouse,Projet Bluespike,Projet Roboegg,Projet Darksphere,Divertissement : Jeux vidéo,hard,Open Trivia DB
Quel est le nom de scène de la chanteuse néo-zélandaise Phillipa « Pip » Brown ?,Ladyhawke,Seigneur,Kesha,Anika Moa,Divertissement : Musique,hard,Open Trivia DB
Lequel de ces dispositifs est un amplificateur à semi-conducteurs ?,transistor,tube,diode,Jonction P-N,Science et nature,hard,Open Trivia DB
Quelles sont les typologies physiques suivantes utilisées avec les réseaux Ethernet ?,Étoile,Anneau,Engrener,Hex,Sciences : Informatique,hard,Open Trivia DB
"Dans la série PAYDAY, où Dallas a-t-il débuté sa carrière criminelle ?","Chicago, Illinois","Dallas, Texas","New York, New York","Boston, Massachusetts",Divertissement : Jeux vidéo,hard,Open Trivia DB
Où se situe Fort Marlborough ?,Bengkulu,Singapour,Londres,Douvres,Géographie,hard,Open Trivia DB
Quel État américain a été le premier à accorder le droit de vote aux femmes en 1869 ?,Wyoming,Californie,Delaware,Virginie,Politique,hard,Open Trivia DB
L'idée de « The Big Bang Theory » a été initialement formulée par un prêtre de quelle idéologie religieuse ?,catholique,chrétien,juif,islamique,Science et nature,hard,Open Trivia DB
À quelle structure de données FILO s'applique-t-il ?,Empiler,File d'attente,Tas,Arbre,Sciences : Informatique,hard,Open Trivia DB
Lequel des liquides suivants est le moins visqueux ? On suppose que la température est de 25 °C.,Acétone,Eau,Mercure,Benzène,Science et nature,hard,Open Trivia DB
"Dans Les Mensonges de Locke Lamora, que signifie « Lamora » dans Throne Therin ?",Ombre,Vol,Justice,Chaos,Divertissement : Livres,hard,Open Trivia DB
Comment le Système international de quantités désigne-t-il 1024 octets ?,Kibibyte,Kylobyte,Kilooctet,Kelobyte,Sciences : Informatique,hard,Open Trivia DB
Pourquoi le personnage de Trevor Philips a-t-il été renvoyé de l'armée de l'air ?,Problèmes de santé mentale,Blessures,Maladie,Danger pour les autres,Divertissement : Jeux vidéo,hard,Open Trivia DB
En quelle année le Canada a-t-il été fondé ?,1867,1798,1859,1668,Histoire,hard,Open Trivia DB
Qu'est-ce que le centralisme ?,Concentration du pouvoir et de l'autorité au sein d'une organisation centrale.,Se conformer à un programme politique commun unique.,Rester politiquement neutre.,La zone grise du spectre politique gauche-droite.,Politique,hard,Open Trivia DB
Dans quel pays se situe Tallinn ?,Estonie,Finlande,Suède,Pologne,Géographie,hard,Open Trivia DB
La cité antique de Chichén Itzá a été construite par quelle civilisation ?,Mayas,Aztèques,Incas,Toltèques,Histoire,hard,Open Trivia DB
Quelle est la capitale du Michigan ?,Lansing,Kalamazoo,Ann Arbor,Détroit,Géographie,hard,Open Trivia DB
Quel satellite Landsat n'a pas réussi à atteindre son orbite ?,Landsat 6,Landsat 5,Landsat 4,Landsat 3,Science et nature,hard,Open Trivia DB
Lequel de ces codes de châssis est utilisé par la BMW Série 3 ?,E46,E39,E85,F10,Véhicules,hard,Open Trivia DB
Quelle est la forme de daltonisme considérée comme la plus rare ?,Bleu,Rouge,Vert,Violet,Science et nature,hard,Open Trivia DB
Quel Premier ministre australien a disparu en 1967 et n'a jamais été retrouvé ?,Harold Holt,Paul Keating,Edmund Barton,Scott Morrison,Histoire,hard,Open Trivia DB
"Quel studio d'animation a produit l'adaptation animée de ""xxxHolic"" ?",Production I.G,Lever du soleil,Xébec,Kyoto Animation,Divertissement : Anime et manga japonais,hard,Open Trivia DB
"Long John Baldry, la voix du Dr Robotnik dans Les Aventures de Sonic le Hérisson, a fait partie d'un groupe avec quel artiste musical dans les années 1960 ?",Elton John,Freddie Mercury,Paul McCartney,Johnny Cash,Divertissement : Musique,hard,Open Trivia DB
"Lequel des plastiques suivants est couramment utilisé pour les cadres de fenêtres, les gouttières et les tuyaux de drainage ?",Polychlorure de vinyle (PVC),Polyéthylène (PE),Polypropylène (PP),Polystyrène (PS),Science et nature,hard,Open Trivia DB
Le canal de Suez est situé dans quel pays africain ?,Egypte,Libye,Ghana,Nigeria,Géographie,hard,Open Trivia DB
Qu'a utilisé Alfred Hitchcock comme faux sang dans le film « Psychose » ?,sirop de chocolat,Ketchup,colorant alimentaire rouge,sirop d'érable,Divertissement : Film,hard,Open Trivia DB
"En 2004, qui (ou qui) a (ont) créé « Roblox » ?",David Baszucki et Erik Cassel,Erik Cassel,Jonas Alto et Sarah Smith,James Kolein,Divertissement : Jeux vidéo,hard,Open Trivia DB
Quelle est l'espèce du « Predator » dans le film « Predator » de 1987 ?,Yautja,Xénomorphe,Prétorien,Phocrex,Divertissement : Film,hard,Open Trivia DB
Laquelle de ces cartes n'est PAS une carte officielle de Counter-Strike : Global Offensive ?,de_saison,de_sucrane,de_canaux,de_militia,Divertissement : Jeux vidéo,hard,Open Trivia DB
"Dans la légende de Diablo, ce mal mineur est né de l'une des sept têtes de Tathamet et était connu sous le nom de Vierge de l'Angoisse.",Andariel,Valla,Malthaël,Kashya,Divertissement : Jeux vidéo,hard,Open Trivia DB
Quel était le nom du loup d'Éthiopie avant que l'on sache qu'il était apparenté aux loups ?,Simien Jackel,Coyote d'Éthiopie,Renard amharique,Canis Simiensis,Animaux,hard,Open Trivia DB
"Dans la franchise « Devil May Cry », quel jeu est chronologiquement le premier ?",Devil May Cry 3 : L'Éveil de Dante,Devil May Cry 4,Devil May Cry,Devil May Cry 2,Divertissement : Jeux vidéo,hard,Open Trivia DB
"Dans la franchise « Dragon Ball », quel est le nom du frère de Goku ?",Raditz,Gohan,Végétarien,Bardock,Divertissement : Anime et manga japonais,hard,Open Trivia DB
"Lors des finales VGC Pokémon 2014, quel Pokémon s'est illustré en menant le vainqueur à la victoire ?",Pachirisu,Garchomp,Lapras,Groudon primordial,Divertissement : Jeux vidéo,hard,Open Trivia DB
"Quels sont les trois films, par ordre de sortie, qui composent la « Trilogie des Dollars » ?","« Pour une poignée de dollars », « Et pour quelques dollars de plus », « Le Bon, la Brute et le Truand »","« Le Bon, la Brute et le Truand », « Et pour quelques dollars de plus », « Pour une poignée de dollars »","« Et pour quelques dollars de plus », « Le Bon, la Brute et le Truand », « Pour une poignée de dollars »","« Et pour quelques dollars de plus », « Pour une poignée de dollars », « Le Bon, la Brute et le Truand »",Divertissement : Film,hard,Open Trivia DB
Que signifiait l'abréviation « RMS » pour désigner le RMS Titanic en 1912 ?,Navire Royal Mail,Service de Majesté Royale,Horaire maritime régulier,Capteur de maelström régulé,Histoire,hard,Open Trivia DB
Avec quel pays la France partage-t-elle sa plus grande frontière terrestre ?,Brésil,Allemagne,Espagne,Canada,Géographie,hard,Open Trivia DB
Où trouve-t-on le plus souvent les monstres de la terreur dans le jeu Nintendo Miitopia ?,Nouveaux Lumos,Particulière,Le gratte-ciel,Autre Monde,Divertissement : Jeux vidéo,hard,Open Trivia DB
Quels étaient les prénoms les plus populaires donnés aux bébés garçons et filles nés aux États-Unis en 1900 ?,Jean et Marie,Joseph et Catherine,Guillaume et Élisabeth,George et Anne,Histoire,hard,Open Trivia DB
Quelle actrice a incarné le Dr Grace Augustine dans le film « Avatar » de James Cameron ?,Sigourney Weaver,Jessica Chastain,Melissa Beckett,Alyssa Monroe,Divertissement : Film,hard,Open Trivia DB
Quel type de munition utilise un fusil M1 Garand de la Seconde Guerre mondiale ?,.30-06,.308,"7,62","7,62 x 51 mm",Science : Gadgets,hard,Open Trivia DB
Le tableau « La Nuit étoilée » de Vincent van Gogh appartenait à quel mouvement artistique ?,Post-impressionnisme,Romantisme,néoclassique,Impressionnisme,Art,hard,Open Trivia DB
Quand le Canada a-t-il quitté la Confédération pour devenir une nation indépendante ?,1er juillet 1867,1er juillet 1763,1er juillet 1832,1er juillet 1902,Histoire,hard,Open Trivia DB
Quelles classes d'armes n'apparaissent PAS dans le premier jeu Monster Hunter ?,Arc,Marteau,Arbalète lourde,Arbalète légère,Divertissement : Jeux vidéo,hard,Open Trivia DB
La différence entre les longueurs d'un Boeing 777-300ER et d'un Airbus A350-1000 est approximativement de :,"0,1 m",1 m,10 m,100 m,Véhicules,hard,Open Trivia DB
Quel était le nom du groupe de hip-hop dont Kanye West était membre à la fin des années 90 ?,Les fonceurs,Les sauteurs,Les Kickstarters,Les Beat-Busters,Divertissement : Musique,hard,Open Trivia DB
Le roman « Jane Eyre » a été écrit par quel auteur ?,Charlotte Brontë,Emily Brontë,Jane Austen,Louisa May Alcott,Divertissement : Livres,hard,Open Trivia DB
Quel type de créature est un bonobo ?,Singe,Lion,Perroquet,Chat sauvage,Animaux,hard,Open Trivia DB
Combien de pays partagent une frontière terrestre avec la Russie ? (Territoires contestés non compris),14,12,10,8,Géographie,hard,Open Trivia DB
Abel Magwitch est un personnage de quel roman de Charles Dickens ?,Grandes Espérances,Les Aventures de Pickwick,Nicolas Nickleby,Oliver Twist,Divertissement : Livres,hard,Open Trivia DB
Lequel des noms suivants est un synonyme de la tarentule « Poecilotheria Metallica » ?,Gooty,Trémie,Rayure argentée,Désolé,Animaux,hard,Open Trivia DB
La Caixa Malacacheta est quel type d'instrument de musique couramment utilisé dans la musique latino-américaine ?,Caisse claire,Cloche à vache,Grosse caisse,Maraca,Divertissement : Musique,hard,Open Trivia DB
Lequel de ces pays ne fait PAS partie du continent asiatique ?,Suriname,Géorgie,Russie,Singapour,Géographie,hard,Open Trivia DB
"Quelle est la sous-classe d'Akatsuki dans ""Log Horizon"" ?",Traqueur,Assassin,Scribe,Apprenti,Divertissement : Anime et manga japonais,hard,Open Trivia DB
"Lequel de ces personnages a été envisagé, mais finalement non inclus, dans Super Smash Bros. Melee ?",James Bond,Diddy Kong,Mega Man,Wave Racer,Divertissement : Jeux vidéo,hard,Open Trivia DB
Quel mode de conduite a été ajouté à Kingdom Hearts II Final Mix ?,Forme limitée,Forme de valeur,Forme de sagesse,Anti Form,Divertissement : Jeux vidéo,hard,Open Trivia DB
Le jeu de société « Monopoly » est une variante de quel jeu de société ?,Le jeu du propriétaire,Conflit territorial,Conflit foncier,Le jeu du monopoleur,Divertissement : Jeux de société,hard,Open Trivia DB
Lequel de ces nombres est le plus proche du nombre total d'états possibles pour une machine Enigma standard de l'armée ?,"1,58 x 10^20","1,58 x 10^22","1,58 x 10^18","1,58 x 10^24",Sciences : Mathématiques,hard,Open Trivia DB
Quelle immense structure est désignée dans la mythologie nordique sous le nom d'Yggdrasil ?,Arbre,Montagne,Temple,Château,Mythologie,hard,Open Trivia DB
"Dans « Gravity Falls », que fait Quentin Trembley lorsqu'il est chassé de la Maison Blanche ?",Mange une salamandre et saute par la fenêtre.,Partez en paix.,Sauter par la fenêtre.,Relâcher 1 000 salamandres captives à la Maison Blanche.,Divertissement : Dessins animés et animation,hard,Open Trivia DB
Quelle est l'unité d'inductance électrique ?,Henri,Weber,Coulomb,Mho,Science et nature,hard,Open Trivia DB
"Combien d'as peuvent être abattus durant toute la durée d'""Ace Combat Zero : La Guerre de Belka"" ?",169,100,132,245,Divertissement : Jeux vidéo,hard,Open Trivia DB
Quelle est la dernière phrase murmurée dans le film d'animation « The End of Evangelion » ?,«Quel dégoût.»,"« Idiot, je ne te laisserai pas me tuer ! »","""Rien.""","""Putain, Shinji.""",Divertissement : Anime et manga japonais,hard,Open Trivia DB
Quel nom de succès est commun à Team Fortress 2 et Left 4 Dead 2 ?,"Chevauché à fond, rangé mouillé",Les vifs et les morts,Récupération du cache,F en chimie,Divertissement : Jeux vidéo,hard,Open Trivia DB
"Avant son apparition dans Super Smash Bros. Ultimate, quelle était la dernière apparition de King K. Rool dans un jeu vidéo ?",Mario Super Sluggers,Donkey Kong 64,Donkey Kong Country 3,Donkey Kong : Roi du Swing,Divertissement : Jeux vidéo,hard,Open Trivia DB
"Durant la Première Guerre mondiale, quels monarques étaient apparentés par le sang ?","Angleterre, Allemagne, Russie","France, Russie, Allemagne","Serbie, Russie, Croatie","Allemagne, Espagne, Autriche",Histoire,hard,Open Trivia DB
Quand YouTube a-t-il été fondé ?,14 février 2005,22 mai 2004,12 septembre 2005,19 juillet 2009,Connaissances générales,hard,Open Trivia DB
Qu'est-ce qui rend le lac Titicaca si particulier ?,Lac navigable le plus haut,Le plus long lac du monde,Le lac le plus profond du monde,Reste congelé toute l'année,Géographie,hard,Open Trivia DB
Quel est le nom de la mixtape de 2016 sortie par le producteur de musique électronique vénézuélien Arca ?,Entrées,&&&&&&,Mouton,Xen,Divertissement : Musique,hard,Open Trivia DB
Quel protocole Internet a été documenté dans la RFC 1459 ?,IRC,HTTP,HTTPS,FTP,Sciences : Informatique,hard,Open Trivia DB
Le mot « aprosexie » signifie lequel des termes suivants ?,L'incapacité à se concentrer sur quoi que ce soit,L'incapacité à prendre des décisions,Un désir fiévreux d'arracher ses vêtements,L'incapacité de se tenir debout,Connaissances générales,hard,Open Trivia DB
Quel studio a animé Afro Samurai ?,Gonzo,Kyoto Animation,xébec,Production I.G,Divertissement : Anime et manga japonais,hard,Open Trivia DB
Lequel des pays enclavés suivants est entièrement contenu à l'intérieur d'un autre pays ?,Lesotho,Burkina Faso,Mongolie,Luxembourg,Géographie,hard,Open Trivia DB
Quand Minecraft 1.0 est-il sorti ?,18 novembre 2011,17 mai 2009,10 décembre 2014,13 septembre 2012,Divertissement : Jeux vidéo,hard,Open Trivia DB
Le fils de quel pape aurait organisé une fête lubrique impliquant 50 courtisanes au palais papal ?,Alexandre VI,Innocent V,Urbain II,Pie III,Histoire,hard,Open Trivia DB
"Talos, le géant de bronze mythique, était le protecteur de quelle île ?",Crète,Sardaigne,Sicile,Chypre,Mythologie,hard,Open Trivia DB
Quelle est la valeur maximale d'un entier binaire signé de 32 bits ?,2 147 483 647,255,2048,9 223 372 036 854 775 807,Sciences : Informatique,hard,Open Trivia DB
"Dans Geometry Dash, quel est le niveau 13 ?",Les aventures d'Electroman,Théorie du tout,Clubstep,Clutterfunk,Divertissement : Jeux vidéo,hard,Open Trivia DB
Quel pseudonyme utilise Batman lorsqu'il trolle les forums de discussion en ligne ?,JonDoe297,je suis Batman,BWayne13,BW1129,Divertissement : Bandes dessinées,hard,Open Trivia DB
"Quelle famille de dessin animé habite au 31, rue Spooner, à Quahog, dans l'État de Rhode Island, aux États-Unis ?",Les Griffons,Les Simpson,Les Jetsons,Les collines,Divertissement : Dessins animés et animation,hard,Open Trivia DB
"Dans le manga Naruto, quel est le nom de famille de Tsunade ?",Senju,Haruno,Uzumaki,Yamanaka,Divertissement : Anime et manga japonais,hard,Open Trivia DB
Combien de fois Martina Navratilova a-t-elle remporté le championnat de Wimbledon en simple ?,Neuf,Dix,Sept,Huit,Sportif,hard,Open Trivia DB
Lequel des jeux suivants de la franchise The Legend of Zelda est sorti en Amérique du Nord avant le Japon ?,La Légende de Zelda : Princesse du Crépuscule,Zelda II : L'aventure de Link,La Légende de Zelda : Four Swords Adventures,La Légende de Zelda : Le Masque de Majora,Divertissement : Jeux vidéo,hard,Open Trivia DB
"Quel jeu Kingdom Hearts mettait en scène les personnages de ""The World Ends With You"" ?",Distance de chute de rêve,Naissance par sommeil,365/2 jours,Re:Chaîne de souvenirs,Divertissement : Jeux vidéo,hard,Open Trivia DB
Quel est le nom de votre équipe dans Star Wars : Republic Commando ?,Escouade Delta,Les commandos,Bravo Six,Le poing de Vader,Divertissement : Jeux vidéo,hard,Open Trivia DB
La coulrophobie est la peur irrationnelle de quoi ?,Clowns,Cimetières,Aiguilles,Tunnels,Science et nature,hard,Open Trivia DB
"Quel est le titre anglais du morceau vaporwave ""リサフランク420 / 現代のコンピュー"" de Macintosh Plus (Vektroid) ?",Lisa Frank 420 / Informatique moderne,Fumer de l'herbe 420 / Tous les jours,Fais ton choix 420 / Mon esprit,Tout est dans ta tête 420 / Comprendre,Divertissement : Musique,hard,Open Trivia DB
"Dans le MMORPG « Realm of the Mad God », quel donjon est généralement considéré comme le plus difficile ?",Le Shatter,fosse aux serpents,Le Tombeau de l'Ancien,Le Théâtre du Maître des Marionnettes,Connaissances générales,hard,Open Trivia DB
Quel studio d'animation a animé « Hidamari Sketch » ?,Arbre,Déclenchement,Kyoto Animation,Production I.G,Divertissement : Anime et manga japonais,hard,Open Trivia DB
L'archipel du Svalbard est une dépendance de quel pays ?,Norvège,Danemark,Islande,Russie,Géographie,hard,Open Trivia DB
Combien de pattes un mille-pattes ne peut-il pas avoir biologiquement ?,100,26,50,74,Science et nature,hard,Open Trivia DB
"GoldenEye 007 sur Nintendo 64 devait permettre d'incarner tous les précédents acteurs de James Bond, à l'exception de qui ?",George Lazenby,Roger Moore,Sean Connery,Timothy Dalton,Divertissement : Jeux vidéo,hard,Open Trivia DB
"Quel est le thème musical principal de ""Sonic Adventure 2"" ?",Vivre et apprendre,Ouvre ton cœur,Ressens-tu le soleil ?,Son monde,Divertissement : Jeux vidéo,hard,Open Trivia DB
Lesquels des composés chimiques suivants sont présents dans les graines d'aubergine ?,Nicotine,Mescaline,Cyanure,Psilocybin,Connaissances générales,hard,Open Trivia DB
Quel est le nom scientifique du renard roux ?,Vulpes Vulpes,Vulpes Redus,Renard roux,Vulpes Vulpie,Science et nature,hard,Open Trivia DB
Quel est le nom du superordinateur situé dans la salle de contrôle du film « Jurassic Park » (1993) ?,Machines pensantes CM-5,Cray X-MP,Cray XK7,IBM Blue Gene/Q,Divertissement : Film,hard,Open Trivia DB
Quel est le mot chinois romanisé pour « avion » ?,Feiji,Qiché,Zongxian,Huojian,Connaissances générales,hard,Open Trivia DB
"Dans le film « Zulu » de 1964, quelle chanson chante la compagnie de l'armée britannique avant la bataille finale ?",Les hommes de Harlech,L'Écosse la Brave,Marche du colonel Bogey,Les grenadiers britanniques,Divertissement : Film,hard,Open Trivia DB
"Les îles Andaman et Nicobar, en Asie du Sud-Est, sont contrôlées par quel pays ?",Inde,Vietnam,Thaïlande,Indonésie,Géographie,hard,Open Trivia DB
Le tableau « Guernica » de Pablo Picasso exprimait des émotions de terreur en réaction à quelle guerre ?,Guerre civile espagnole,Première Guerre mondiale,La guerre de Crimée,Guerre hispano-américaine,Art,hard,Open Trivia DB
"Quel était le nom de code de développement de l'extension « Le Destin d'Urza » pour « Magic : The Gathering », sortie en 1999 ?",Chimichanga,Burrito,Taquito,Enchilada,Divertissement : Jeux de société,hard,Open Trivia DB
Quel jeu vidéo rétro est sorti en premier ?,Envahisseurs de l'espace,Galaga,Pac-Man,Astéroïdes,Divertissement : Jeux vidéo,hard,Open Trivia DB
Qui prête sa voix au diable dans le segment « Devil's Flight » de Destination Finale 3 ?,Tony Todd,Wendy Christensen,Ian McKinley,Kevin Fischer,Divertissement : Film,hard,Open Trivia DB
Quel satellite Landsat possède actuellement la plus longue durée de vie opérationnelle ?,Landsat 5,Landsat 8,Landsat 7,Landsat 6,Science et nature,hard,Open Trivia DB
Le mathématicien français Évariste Galois est principalement connu pour ses travaux sur lesquels ?,Théorie de Galois,Fractions continues de Galois,Méthode de Galois pour les EDP,Intégration abélienne,Sciences : Mathématiques,hard,Open Trivia DB
L'artiste Leon Ivey Jr. est plus connu sous quel nom de rappeur ?,Coolio,Dr Dre,Snoop Dogg,Ice T,Divertissement : Musique,hard,Open Trivia DB
Le mème Internet « All your base are belong to us » est basé sur la version anglaise mal traduite de quel jeu vidéo ?,Aile Zéro,F-Zéro,Commandant d'escadre,Star Wars : X-Wing,Divertissement : Jeux vidéo,hard,Open Trivia DB
"Lorsque Magic : The Gathering a été initialement présenté, quel était son titre d'origine ?",Conflit de mana,Magie,Choc magique,Duels de mana,Divertissement : Jeux de société,hard,Open Trivia DB
Quel pays a réussi pour la première fois à élever du thon rouge en captivité en 1979 ?,Japon,France,USA,Philippines,Science et nature,hard,Open Trivia DB
"Dans la version Gamecube de « Resident Evil », quel document texte est ouvert sur l'écran de l'ordinateur dans la salle de données visuelles ?",Un document GDC,Document texte sur les herbes,Rien,Document sur les B.O.W.,Divertissement : Jeux vidéo,hard,Open Trivia DB
"Dans l'univers de TF2, quels sont les noms des sœurs cadettes du Heavy ?",Yana et Bronislava,Gaba et Anna,Yanna et Gaba,Anna et Bronislava,Divertissement : Jeux vidéo,hard,Open Trivia DB
Le syndrome d'éruption hélio-ophtalmique autosomique dominant se caractérise par le besoin de faire quoi lorsqu'on voit le soleil ?,Éternuer,Toux,Bâillement,Hoquet,Science et nature,hard,Open Trivia DB
Quel était le nom de Napoléon Bonaparte avant qu'il ne le change ?,Napoléon de Bonaparte,Naapolion van Bonijpaart,Napoléon Boaparte,Napoléon de Bonoparte,Histoire,hard,Open Trivia DB
Quelle est la vitesse maximale possible dans Trackmania² : Stadium ?,1000 km/h,500 km/h,320 km/h,100 km/h,Divertissement : Jeux vidéo,hard,Open Trivia DB
Quel jeu de société est sorti pour la première fois le 6 février 1935 ?,Monopole,Risque,Indice,Le pays des bonbons,Divertissement : Jeux de société,hard,Open Trivia DB
Quelles sont les chances d'obtenir une quinte flush royale au poker/vidéo poker ?,1 sur 649 740,1 sur 763 302,1 sur 499 304,1 sur 311 875 200,Divertissement : Jeux vidéo,hard,Open Trivia DB
"Avant que Super Smash Bros. n'intègre les personnages de Nintendo, comment était-il connu en interne ?",Dragon King : Le Jeu de Combat,Concours des champions,Écraser et frapper,Combattant des Âges : Conquête,Divertissement : Jeux vidéo,hard,Open Trivia DB
"Dans le titre du jeu « Luigi's Mansion », quelle est la seule lettre qui ne comporte pas de paire d'yeux ?",s,n,je,m,Divertissement : Jeux vidéo,hard,Open Trivia DB
Lequel des muscles suivants est un muscle majeur du dos ?,Trapèze,Trapèze,Trapèze,Triquetrum,Science et nature,hard,Open Trivia DB
Lequel de ces pseudonymes n'a PAS été utilisé par le musicien électronique Aphex Twin ?,Enterrement,Fenêtre caustique,Bradley Strider,GAK,Divertissement : Musique,hard,Open Trivia DB
Quel tube d'Elton John commence par les paroles « When are you gonna come down » ?,Adieu la route de briques jaunes,Rocket Man,Bennie et les Jets,Rocher du Crocodile,Divertissement : Musique,hard,Open Trivia DB
"Qui est la victime mentionnée dans le deuxième incident KG-8, dans Ace Attorney Investigations, affaire 4 ?",Deid Mann,Frank Sahwit,Shey De Killer,Raymond Shields,Divertissement : Jeux vidéo,hard,Open Trivia DB
Les îles Moluques (communément appelées les îles aux épices) appartiennent à quel pays ?,Indonésie,Chili,Nouvelle-Zélande,Fidji,Géographie,hard,Open Trivia DB
« Exile » et « Revelations » étaient les troisième et quatrième opus de quelle série de jeux PC ?,Myst,Frisson,Perte,Tropique,Divertissement : Jeux vidéo,hard,Open Trivia DB
Dans quelle ville du Canada se trouve le Big Nickel ?,"Sudbury, Ontario","Calgary, Alberta","Halifax, Nouvelle-Écosse","Victoria, Colombie-Britannique",Géographie,hard,Open Trivia DB
Quelle attraction touristique nord-américaine est desservie par la compagnie de voyages « Maid of the Mist » ?,Chutes du Niagara,"Whistler, Colombie-Britannique",Disney World,Parc national de Yosemite,Géographie,hard,Open Trivia DB
Quel studio d'animation a produit « Sword Art Online » ?,A-1 Photos,Production I.G,Lien d'argent,Kyoto Animation,Divertissement : Anime et manga japonais,hard,Open Trivia DB
"Dans Magic : The Gathering, quelle carte a pour texte d'ambiance « Attrape ! » ?",Hache de lave,Diables lanceurs de pierres,Braise Shot,Couteau de lancer,Divertissement : Jeux de société,hard,Open Trivia DB
Quelle race déguste un verre de baghol chaud dans « Star Trek » ?,Klingon,Vulcain,Humain,Botha,Divertissement : Télévision,hard,Open Trivia DB
Quel est le premier album studio à être sorti sur Internet avec un prix « payez ce que vous voulez » ?,Dans les arcs-en-ciel,L'album The Help,Skrillex et Diplo présentent Jack Ü,Étoile noire,Divertissement : Musique,hard,Open Trivia DB
Quelle constellation abrite le centre de la Voie lactée ?,Sagittaire,Scorpion,Ophiuchus,Capricorne,Science et nature,hard,Open Trivia DB
Le mot « abulia » signifie lequel des éléments suivants ?,L'incapacité à prendre des décisions,L'incapacité de se tenir debout,L'incapacité à se concentrer sur quoi que ce soit,Un désir fiévreux d'arracher ses vêtements,Connaissances générales,hard,Open Trivia DB
Le pianiste Frédéric Chopin était un compositeur de quelle époque musicale ?,Romantique,Classique,Baroque,Renaissance,Histoire,hard,Open Trivia DB
Laquelle des voitures de rallye FIA ​​suivantes a été homologuée en premier pour la catégorie Groupe B ?,Porsche 911 Turbo,Audi Quattro A2,BMW M1,Lancia Rally 037,Véhicules,hard,Open Trivia DB
Énumérez les empires iraniens suivants par ordre chronologique :,"Mède, achéménide, parthe, sassanide","Mède, achéménide, sassanide, parthe","Achéménide, Mède, Parthe, Sassanide","Achéménide, Mède, Sassanide, Parthe",Histoire,hard,Open Trivia DB
"Dans l'anime « Hunter X Hunter », quel est le nom du protagoniste principal ?",Gon,Gin,Gan,Général,Divertissement : Anime et manga japonais,hard,Open Trivia DB
Lequel de ces personnages est tiré de « Legendz : Tale of the Dragon Kings » ?,Shiron,Jack,Axia,Tambour,Divertissement : Anime et manga japonais,hard,Open Trivia DB
Quelle version de la chanson « The Tide is High » est sortie en premier ?,Les Parangons,Blondie,Kardinal Offishall,Atomic Kitten,Divertissement : Musique,hard,Open Trivia DB
Quel était le modèle de la voiture de sport offerte à Youri Gagarine par le gouvernement français en 1965 ?,Matra Djet,Porsche 911,Alpine A110,AC Cobra,Véhicules,hard,Open Trivia DB
Certaines cartes « Empires déchus » de « Magic : The Gathering » ont été imprimées par erreur au dos de quel autre jeu de cartes ?,Wyvern,Pokémon,Domination,Yu-Gi-Oh,Divertissement : Jeux de société,hard,Open Trivia DB
Qui était le président des États-Unis lors de la signature de l'achat de Gadsden ?,Franklin Pierce,Andrew Johnson,Abraham Lincoln,James Polk,Histoire,hard,Open Trivia DB
Quel type de baie RAID est associé à la mise en miroir des données ?,RAID 1,RAID 0,RAID 10,RAID 5,Sciences : Informatique,hard,Open Trivia DB
Lequel des titres suivants de Valve n'est pas basé sur un mod communautaire ?,Ricochet,Jour de la défaite,Counter-Strike,Essaim extraterrestre,Divertissement : Jeux vidéo,hard,Open Trivia DB
"Dans la série « It's Always Sunny in Philadelphia », quel était le nom du personnage de catcheur de Frank ?",L'homme aux ordures,Oiseau de guerre,Day Man,Le Maniaque,Divertissement : Télévision,hard,Open Trivia DB
Quel album Kanye West a-t-il sorti en 2013 ?,Yeezus,Ma belle fantaisie sombre et tordue,La vie de Pablo,Surveillez le trône,Divertissement : Musique,hard,Open Trivia DB
Le mot « astasia » signifie lequel des éléments suivants ?,L'incapacité de se tenir debout,L'incapacité à prendre des décisions,L'incapacité à se concentrer sur quoi que ce soit,Un désir fiévreux d'arracher ses vêtements,Connaissances générales,hard,Open Trivia DB
"Dans le jeu Danganronpa : Happy Trigger Havoc, quelle est la capacité ultime du personnage Aoi Asahina ?",Nageur ultime,Détective Ultime,Le joueur ultime,Danseuse ultime,Divertissement : Jeux vidéo,hard,Open Trivia DB
Quel était le nom de la première petite amie humaine de Sonic le Hérisson ?,Madone,Céleste,Sierra,Nina,Divertissement : Jeux vidéo,hard,Open Trivia DB
Laquelle des entreprises de téléphonie mobile suivantes n'a PAS son siège social en Asie ?,Nokia,LG Electronics,Samsung,HTC,Science : Gadgets,hard,Open Trivia DB
Quel est le deuxième prénom de Ron Weasley ?,Bilius,Arthur,John,Dominique,Divertissement : Livres,hard,Open Trivia DB
"Si vous plantiez les graines de Quercus robur, que pousserait-il ?",Arbres,Fleurs,Légumes,Grains,Science et nature,hard,Open Trivia DB
Qui a écrit le roman « Moby-Dick » ?,Herman Melville,William Golding,William Shakespeare,J.R.R. Tolkien,Divertissement : Livres,hard,Open Trivia DB
Qui a prêté sa voix au personnage d'Harold dans le film « Dragons » ?,Jay Baruchel,Jack Brauchel,John Powell,Gérard Butler,Divertissement : Dessins animés et animation,hard,Open Trivia DB
Combien de notes comporte un piano à queue standard ?,88,98,108,78,Connaissances générales,hard,Open Trivia DB
Quel est le monstre le plus redoutable du Manuel des Monstres de la 5e édition de Donjons et Dragons ?,Tarrasque,Observateur,Bête déplaceuse,Liche,Divertissement : Jeux de société,hard,Open Trivia DB
"Dans le jeu Warframe, quel niveau de maîtrise faut-il atteindre pour construire le Tigris Prime ?",13,6,18,10,Divertissement : Jeux vidéo,hard,Open Trivia DB
Où est né Napoléon Bonaparte ?,Corse,Normandie,Bretagne,Paris,Histoire,hard,Open Trivia DB
"Dans ""Final Fantasy VI"", quel est le nom de l'attaque la plus faible de Gilgamesh (invoqué) ?",Excalipoor,Excalibore,Excalisnore,Excalisore,Divertissement : Jeux vidéo,hard,Open Trivia DB
"Avant le XIXe siècle, le « salon » était initialement appelé…",Parloir,Salle ouverte,Salon,Grenier,Connaissances générales,hard,Open Trivia DB
Quel type de puce sonore possède la Super Nintendo Entertainment System (SNES) ?,Échantillonneur ADPCM,Synthétiseur FM,Générateur de sons programmable (PSG),Échantillonneur PCM,Sciences : Informatique,hard,Open Trivia DB
Qui chante la chanson rap « Secret Wars Part 1 » ?,Le Dernier Empereur,MC Frontalot,chauffeur de bus,Masta Killa,Divertissement : Musique,hard,Open Trivia DB
Qui était l'auteur du manga Monster Hunter Orange ?,Hiro Mashima,Shin Yamamoto,Keiichi Hikami,Hirohiko Araki,Divertissement : Anime et manga japonais,hard,Open Trivia DB
"Parmi les anneaux suivants de la série « Lantern Corps » de DC Comics, lesquels sont classés comme parasites ?",Indigo (Compassion),Vert (Volonté),Blanc (Vie),Jaune (Peur),Divertissement : Bandes dessinées,hard,Open Trivia DB
Combien de temps a duré l'insurrection de Varsovie pendant la Seconde Guerre mondiale ?,63 jours,20 jours,55 jours,224 jours,Histoire,hard,Open Trivia DB
Qui est Ghost Face dans le film « Scream » ?,Billy Loomis et Stu Macher,Dewey Riley,Sidney Prescott,Archie Prescott et Philip Marv,Divertissement : Film,hard,Open Trivia DB
Qui a peint « American Gothic » ?,Grant Wood,Anita Malfatti,Pablo Picasso,Marc Chagall,Art,hard,Open Trivia DB
Quand est sorti le premier jeu « Half-Life » ?,1998,2004,1999,1997,Divertissement : Jeux vidéo,hard,Open Trivia DB
"Dans « Starbound », d'après les fichiers de ressources, la description du « Fantôme d'Erchius » est la même que celle de quels autres éléments ?",Spookit,Petricub,Trictus,Pyromantle,Divertissement : Jeux vidéo,hard,Open Trivia DB
Dans quel jeu vidéo Michael Fassbender a-t-il joué ?,Fable 3,Call of Duty : Modern Warfare,Assassin's Creed 3,Red Dead Redemption,Divertissement : Jeux vidéo,hard,Open Trivia DB
"Dans la série Vendredi 13, en quelle année Jason s'est-il noyé ?",1957,1955,1953,1959,Divertissement : Film,hard,Open Trivia DB
Quel groupe de rock tire son nom d'un professeur de sport qui enseignait dans le lycée des membres fondateurs du groupe ?,Lynyrd Skynyrd,Avion Jefferson,Pink Floyd,Les Byrds,Divertissement : Musique,hard,Open Trivia DB
Dans quel film Disney peut-on apercevoir le personnage de « Pac-Man » en regardant attentivement certaines scènes ?,Tron,Les Nouveaux Héros,Fantaisie,Monstres et Cie,Divertissement : Film,hard,Open Trivia DB
Quelles sont les trois vertus de Bionicle ?,"Unité, Devoir, Destin","Construire, jouer, changer","Travailler, jouer, vivre","Forger, construire, combattre",Divertissement : Bandes dessinées,hard,Open Trivia DB
Laquelle des mesures suivantes ne figure pas parmi les dix coups portés par Joseph Staline pendant la Seconde Guerre mondiale ?,Offensive Vistule-Oder,Offensive de Crimée,Offensive de Leningrad-Novgorod,Opération Bagration,Histoire,hard,Open Trivia DB
"Dans « One Piece », qui confirme l'existence du trésor légendaire, le One Piece ?",Édouard « Barbe Blanche » Newgate,L'ancien amiral de la flotte marine Sengoku,Le roi pirate Gol D. Roger,Silvers Rayleigh,Divertissement : Anime et manga japonais,hard,Open Trivia DB
"Dans la carte « Origins » de « Call Of Duty : Zombies », où se trouve « Stamin-Up » ?",Générateur 5,Générateur 3,Générateur 4,Site de fouilles,Divertissement : Jeux vidéo,hard,Open Trivia DB
"Dans Super Smash Bros. pour Nintendo 3DS et Nintendo Wii U, quel était le sixième combattant ajouté au jeu après sa sortie ?",Corrin,Nuage,Bayonnetta,Ryu,Divertissement : Jeux vidéo,hard,Open Trivia DB
Quel langage de programmation a été utilisé pour créer le jeu « Minecraft » ?,Java,HTML 5,C++,Python,Divertissement : Jeux vidéo,hard,Open Trivia DB
Quand la SS ou Schutzstaffel a-t-elle été créée ?,4 avril 1925,1er septembre 1941,8 mars 1935,21 février 1926,Histoire,hard,Open Trivia DB
Quel jeu de la série « Monster Hunter » a introduit l'arme « Insect Glaive » ?,Monster Hunter 4,Chasseur de monstres Liberté,Histoires de chasseurs de monstres,Monster Hunter 2,Divertissement : Jeux vidéo,hard,Open Trivia DB
Quel était le nom du jeu créé par Masahiro Sakurai et Satoru Iwata qui allait finalement devenir « Super Smash Bros. » ?,Dragon King : Le Jeu de Combat,Nintendo Legends : Combattez !,Arts martiaux : Roi de la colline,Guerriers aériens : Bataille suprême,Divertissement : Jeux vidéo,hard,Open Trivia DB
Quel était le nom de la faille de sécurité découverte dans Bash en 2014 ?,traumatisme de guerre,Heartbleed,Bashbug,Le trac,Sciences : Informatique,hard,Open Trivia DB
Quel pays d'Asie du Sud-Est était autrefois connu sous le nom de « Lan Xang » ?,Laos,Cambodge,Vietnam,Thaïlande,Histoire,hard,Open Trivia DB
"Dans « Call Of Duty : Zombies », quelle est la carte dont la cinématique d'ouverture montre « Richtofen » tuant une autre version de lui-même ?",Le Géant,Les ombres du mal,Der Eisendrache,Lune,Divertissement : Jeux vidéo,hard,Open Trivia DB
"Dans « Star Trek », qui était le fondateur de l'Empire klingon et quelle était sa philosophie ?",Kahless l'Inoubliable,Dame Lukara de la Grande Salle,Molor l'Impardonnable,Dahar Master Kor,Divertissement : Télévision,hard,Open Trivia DB
"Au football canadien, marquer un rouge vaut combien de points ?",1,2,3,4,Sportif,hard,Open Trivia DB
Quel était le nom du canard gonflable sacrifié à la foule à la fin de l'épisode 34 de la 18e saison de Big Brother ?,Pablo,Esteban,Carlos,Duckster,Divertissement : Télévision,hard,Open Trivia DB
"Quel est le groupe actif le plus ancien au monde, sans interruption ni changement de formation ?",U2,Radiohead,Se précipiter,Rolling Stones,Divertissement : Musique,hard,Open Trivia DB
Quel est le nom du personnage principal du jeu vidéo VA-11 HALL-A : Cyberpunk Bartender Action ?,Jill,Dana,Alma,Anna,Divertissement : Jeux vidéo,hard,Open Trivia DB
Quel est l'album de Michael Jackson qui s'est le mieux vendu ?,Thriller,Dangereux,Mauvais,Hors du mur,Divertissement : Musique,hard,Open Trivia DB
"Quelle église de la Cité du Vatican a vu son intérieur conçu en 1503 par des architectes de la Renaissance, dont Bramante, Michel-Ange et Bernini ?",Basilique Saint-Pierre,Cathédrale de Catane,Basilique Saint-Marc,Le Duomo de Florence,Connaissances générales,hard,Open Trivia DB
Lequel des jeux suivants de la franchise The Legend of Zelda est sorti au Japon avant l'Amérique du Nord ?,La Légende de Zelda : The Minish Cap,La Légende de Zelda : Princesse du Crépuscule,La Légende de Zelda : Spirit Tracks,La Légende de Zelda : Quatre Épées,Divertissement : Jeux vidéo,hard,Open Trivia DB
Quel était le deuxième prénom d'Humphrey Bogart ?,Déboiser,DeWinter,Steven,Bryce,Divertissement : Film,hard,Open Trivia DB
"Lequel de ces ordinateurs, en termes de date de sortie, est le plus ancien ?",TRS-80,Commodore 64,ZX Spectrum,Apple 3,Sciences : Informatique,hard,Open Trivia DB
Lequel des quatre empires d'Eve Online a été le premier à atteindre une vitesse supraluminique ?,Empire Amarr,État de Caldari,Fédération Gallente,République de Minmatar,Divertissement : Jeux vidéo,hard,Open Trivia DB
Lesquelles de ces banques ne sont PAS autorisées à émettre des billets de banque à Hong Kong ?,OCBC,HSBC,Standard Chartered,Banque de Chine,Connaissances générales,hard,Open Trivia DB
Avec quel célèbre guitariste Pete Townshend a-t-il collaboré pour un événement à la Brixton Academy en 1985 ?,David Gilmour,Jimmy Page,Mark Knopfler,Éric Clapton,Divertissement : Musique,hard,Open Trivia DB
Quel sculpteur français a conçu la Statue de la Liberté ?,Frédéric Auguste Bartholdi,Jean-Léon Gérôme,Auguste Rodin,Henri Matisse,Art,hard,Open Trivia DB
Comment l'acide isobutylphénylpropanoïque est-il plus communément connu ?,Ibuprofène,Morphine,Kétamine,Aspirine,Science et nature,hard,Open Trivia DB
"Selon Fair Works Australia, combien de temps faut-il travailler pour bénéficier d'un congé de longue durée ?",7 ans,2 ans,8 ans,6 mois,Connaissances générales,hard,Open Trivia DB
Les mots « bungalow » et « shampoing » proviennent des langues de quel pays ?,Inde,Papouasie-Nouvelle-Guinée,Ethiopie,Chine,Connaissances générales,hard,Open Trivia DB
Quelle était la principale différence entre les styles gothiques anglais et français en architecture ?,Saut en éventail,Pinacles,Gargouilles,Dômes hémisphériques,Art,hard,Open Trivia DB
Qui est l'auteur du manga d'horreur Uzumaki ?,Junji Ito,Kazuo Umezu,Shintaro Kago,Sui Ishida,Divertissement : Anime et manga japonais,hard,Open Trivia DB
En quelle année est sorti pour la première fois « JoJo's Bizarre Adventure : Phantom Blood » ?,1987,2013,1983,1995,Divertissement : Anime et manga japonais,hard,Open Trivia DB
"Durant la guerre des Deux-Roses (1455-1487), quel Anglais fut surnommé « le faiseur de rois » ?",Richard Neville,Richard III,Henri V,Thomas Warwick,Histoire,hard,Open Trivia DB
"Dans Les Nouveaux Héros, de quoi s'inspiraient les mouvements de Baymax ?",bébés pingouins,bébés singes,bébés autruches,Bébés ours,Divertissement : Film,hard,Open Trivia DB
« Gimmick! » est un jeu Famicom japonais qui utilise une extension de puce sonore dans la cartouche. Quel est son nom ?,FME-7,VRC7,VRC6,MMC5,Divertissement : Jeux vidéo,hard,Open Trivia DB
"Qui a inventé la « navette volante » en 1738, l'une des innovations clés de l'industrialisation du tissage ?",John Kay,James Hargreaves,Richard Arkwright,John Deere,Histoire,hard,Open Trivia DB
America Online (AOL) a débuté comme lequel de ces fournisseurs de services en ligne ?,Lien quantique,CompuServe,Prodige,Génie,Sciences : Informatique,hard,Open Trivia DB
Quel est le plus ancien jeu de société au monde ?,Senet,Échecs,Dames,Aller,Divertissement : Jeux de société,hard,Open Trivia DB
"Quel était le nom du groupe de rock formé par Nobuo Uematsu, qui jouait des chansons issues de différents jeux Final Fantasy ?",Les Mages Noirs,Les Fantasmes finaux,Les Espers,Les Invocateurs de Roches,Divertissement : Musique,hard,Open Trivia DB
"Si vous plantiez des graines de Quercus robur, qu'est-ce qui pousserait ?",Arbres,Grains,Légumes,Fleurs,Connaissances générales,hard,Open Trivia DB
D'où vient le titre du livre « Le Silence des agneaux » ?,Le traumatisme de l'enfance du personnage principal,Le lien qu'elle entretient avec le meurtre d'innocents,Le repas préféré du méchant,La voix des innocents réduite au silence par les puissants,Divertissement : Livres,hard,Open Trivia DB
Lequel de ces artistes n'a PAS figuré sur le cinquième album studio « Humanz » du groupe virtuel britannique Gorillaz ?,Snoop Dogg,Vince Staples,Pusha T,Danny Brown,Divertissement : Musique,hard,Open Trivia DB
"Dans « Star Trek », quelle sauce les Klingons utilisent-ils couramment sur le poumon bregit ?",Sauce Grapok,pouding Gazorpazorp,sauce chili douce,Sauce Grapork,Divertissement : Télévision,hard,Open Trivia DB
Le terme « luddite » s'appliquait à l'origine aux travailleurs mécontents de quel secteur ?,Textile,Agriculture,Exploitation minière,Céramique,Histoire,hard,Open Trivia DB
Lequel des présidents des États-Unis suivants a exercé le mandat le plus court ?,William Henry Harrison,Zachary Taylor,James A. Garfield,Warren G. Harding,Politique,hard,Open Trivia DB
"Avant 2018, quelle était la seule entreprise automobile japonaise à avoir remporté les 24 Heures du Mans ?",Mazda,Toyota,Subaru,Nissan,Sportif,hard,Open Trivia DB
"Dans « Pokémon Soleil et Lune », quelle ville la Team Skull a-t-elle prise de contrôle ?",Ville postale,Ville de Heahea,Village de Tapu,Ville d'Iki,Divertissement : Jeux vidéo,hard,Open Trivia DB
"Quel est le siège du comté de King, dans l'État de Washington ?",Seattle,Bellevue,Enumclaw,Skykomish,Géographie,hard,Open Trivia DB
Quel pays ne faisait PAS partie de la Yougoslavie ?,Albanie,Croatie,Serbie,Macédoine,Géographie,hard,Open Trivia DB
"Dans le secret « Petite fille perdue » de Call of Duty : Black Ops II, quelle est la dernière étape requise pour débloquer le succès ?",Déchaînez les enfers,Liberté,Embrochez la bête ailée,S'élever des ténèbres,Divertissement : Jeux vidéo,hard,Open Trivia DB
Qui a formulé et promu l'idée du socialisme ?,Karl Marx,Vladimir Lénine,Joseph Stalin,Vladimir Poutine,Histoire,easy,Open Trivia DB
Quand le jeu de société Twister est-il sorti pour le grand public ?,Avril 1966,Septembre 1965,Janvier 1969,Février 1966,Divertissement : Jeux de société,easy,Open Trivia DB
Quelle est la capitale du Bangladesh ?,Dacca,Khulna,Londres,Lahore,Géographie,easy,Open Trivia DB
"Dans le neuvième film Pokémon, qui est le Prince des Mers ?",Manaphy,Cendre,Peut,Fantôme,Divertissement : Anime et manga japonais,easy,Open Trivia DB
Qui a écrit le tube de Sinead O'Connor « Nothing Compares 2 U » ?,Prince,Michael Jackson,Camée,Rick James,Divertissement : Musique,easy,Open Trivia DB
Quand l'Empire byzantin s'est-il effondré ?,1453,1299,1353,1498,Histoire,easy,Open Trivia DB
Quelle franchise n'était PAS présente dans le jeu vidéo « Lego Dimensions » de 2015 ?,Briser le mauvais,Portail,Docteur Qui,Retour vers le futur,Divertissement : Jeux vidéo,easy,Open Trivia DB
Lequel des jeux suivants n'a PAS été inclus dans « The Orange Box » de Valve ?,Laissé pour mort,Half-Life 2 : Épisode Deux,Portail,Team Fortress 2,Divertissement : Jeux vidéo,easy,Open Trivia DB
Lequel de ces personnages est la mascotte de la société de jeux vidéo SEGA ?,Sonic le hérisson,Dynamite Headdy,Alex Kidd,Opa-Opa,Divertissement : Jeux vidéo,easy,Open Trivia DB
Qui est le personnage principal aux cheveux jaunes dans l'anime Naruto ?,Naruto,Dix Dix,Sasuke,Kakashi,Divertissement : Anime et manga japonais,easy,Open Trivia DB
Quel compositeur classique a écrit la « Sonate au clair de lune » ?,Ludwig van Beethoven,Chief Keef,Wolfgang Amadeus Mozart,Johannes Brahms,Divertissement : Musique,easy,Open Trivia DB
Le jeu le plus violent graphiquement à avoir précédé la création de l'ESRB (Entertainment Software Rating Board) était...,Mortal Kombat,Duke Nukem,Resident Evil,Perte,Divertissement : Jeux vidéo,easy,Open Trivia DB
De quelle franchise est issue la créature « Slowpoke » ?,Pokémon,Dragon Ball,Sonic le hérisson,Yu-Gi-Oh!,Divertissement : Jeux vidéo,easy,Open Trivia DB
Qui a peint La Nuit étoilée ?,Vincent van Gogh,Pablo Picasso,Léonard de Vinci,Michel-Ange,Art,easy,Open Trivia DB
Quel est le nom du groupe antagoniste dans Danganronpa Another Episode : Ultra Despair Girls ?,Guerriers de l'espoir,Les Monokubs,Guerriers du désespoir,Le désespoir ultime,Connaissances générales,easy,Open Trivia DB
"Selon le rappeur américain Nelly, que faire quand il fait chaud ici ?",Enlevez tous vos vêtements,Prenez une douche fraîche,Buvez de l'eau,Allez vous baigner nus,Divertissement : Musique,easy,Open Trivia DB
"Quel est le vrai nom du célèbre humoriste espagnol, El Risitas ?",Juan Joya Borga,Gabriel Garcia Marquez,Jésus Quintero,Ernesto Guevara,Divertissement : Télévision,easy,Open Trivia DB
"Dans Fallout : New Vegas, dans lequel de ces casinos est-il impossible de jouer ?",Lucky 38,Les sommets,Gammorah,Ultra-luxe,Divertissement : Jeux vidéo,easy,Open Trivia DB
Quel style de bière a généralement une teneur en houblon supérieure à la moyenne ?,India Pale Ale,Gros,Extra Special Bitter,Bière écossaise,Connaissances générales,easy,Open Trivia DB
Quel type d'angle est supérieur à 90° ?,Obtus,Aigu,Droite,Droit,Sciences : Mathématiques,easy,Open Trivia DB
"Dans Game of Thrones, quel continent se trouve de l'autre côté de la Mer Étroite, face à Westeros ?",Essos,Pâques,Ouest-est,Esuntos,Divertissement : Télévision,easy,Open Trivia DB
"Quels étaient les deux premiers blocs de ""Minecraft"" ?",Herbe et pavés,Herbe et pierre,Table de fabrication et pavés,Pavés et pierres,Divertissement : Jeux vidéo,easy,Open Trivia DB
Dans quel jeu les personnages de « Log Horizon » sont-ils piégés ?,Conte des anciens,Sword Art Online,Tower Unite,Yggdrasil,Divertissement : Anime et manga japonais,easy,Open Trivia DB
"Avant la refonte du logo de l'entreprise en l'an 2000, quelle forme 3D n'était PAS représentée dans le logo d'Electronic Arts ?",Cylindre,Pyramide,Cube,Sphère,Divertissement : Jeux vidéo,easy,Open Trivia DB
Qui fut le premier président noir d'Afrique du Sud ?,Nelson Mandela,Mangosuthu Buthelezi,Steve Biko,L'évêque Tutu,Politique,easy,Open Trivia DB
"Dans le jeu vidéo Half-Life, quel événement a donné naissance à l'univers Half-Life tel que nous le connaissons aujourd'hui ?",La cascade de résonance,Troisième Guerre mondiale,L'attaque de Xen,La bombe nucléaire de Black Mesa,Divertissement : Jeux vidéo,easy,Open Trivia DB
Lequel de ces jeux ne fait pas partie de la série Donjons et Dragons ?,Donjons et Dragons extrêmes,Donjons et Dragons avancés,Donjons et Dragons 3.5e édition,Advanced Dungeons & Dragons 2e édition,Divertissement : Jeux de société,easy,Open Trivia DB
"Dans « Rick et Morty », qui a tiré sur « M. Poopybutthole » dans l'épisode « Total Rickall » ?",Beth,Meule,Jerry,Morty,Divertissement : Télévision,easy,Open Trivia DB
Quelle société détient les droits exclusifs de diffusion des épisodes de « The Grand Tour » ?,Amazone,Netflix,BBC,Vidéosurveillance,Divertissement : Télévision,easy,Open Trivia DB
"Half-Life de Valve utilise le moteur de jeu GoldSrc, qui est une version fortement modifiée de quel moteur ?",Moteur de tremblement de terre,Moteur Doom,Moteur id,Moteur source,Divertissement : Jeux vidéo,easy,Open Trivia DB
Quel État américain est également connu sous le nom d'« État de l'Étoile Solitaire » ?,Texas,Alabama,Tennessee,Kentucky,Géographie,easy,Open Trivia DB
Quel est le nom du groupe rétro-mod fictif dont Austin Powers est le chanteur principal ?,Thé Ming,Toux Fi,Menthe de Spear,Monsieur E,Divertissement : Film,easy,Open Trivia DB
Lequel des véhicules Ford suivants porte le nom d'un avion de chasse de la Seconde Guerre mondiale ?,Mustang,Explorateur,Ranger,Galaxie,Véhicules,easy,Open Trivia DB
"Dans le jeu Nintendo DS « Ghost Trick : Phantom Detective », quel est le nom du tueur à gages que l'on voit au début du jeu ?",Jeego myope,"Tengo, un pas en avant",Missile,Cabanela,Divertissement : Jeux vidéo,easy,Open Trivia DB
Quel était le nom de l'équipe de catch professionnelle de la WWF composée des catcheurs Ax et Smash ?,Démolition,L'équipe de rêve,Les Bushwhackers,Les Bulldogs britanniques,Connaissances générales,easy,Open Trivia DB
Quel nom donnait-on communément aux anciennes routes commerciales qui reliaient l'Est et l'Ouest de l'Eurasie ?,Route de la Soie,Route des épices,Clay Road,Route du sel,Histoire,easy,Open Trivia DB
Qui a peint la chapelle Sixtine ?,Michel-Ange,Léonard de Vinci,Pablo Picasso,Raphaël,Art,easy,Open Trivia DB
Quelle entreprise a développé la Vocaloid Hatsune Miku ?,Crypton Future Media,Sega,Sony,Société Yamaha,Connaissances générales,easy,Open Trivia DB
Le Belize est frontalier de quel pays ?,Guatemala,Laos,Pérou,Kenya,Géographie,easy,Open Trivia DB
"Quel est l'album le plus vendu de tous les temps, de 1976 à 2018 ?",Thriller,Retour au noir,Abbey Road,La face cachée de la Lune,Divertissement : Musique,easy,Open Trivia DB
"Dans le film « Spaceballs », que tentent de voler les Spaceballs sur la planète Druidia ?",Air,Le Schwartz,Princesse Lonestar,boulettes de viande,Divertissement : Film,easy,Open Trivia DB
Quel est le surnom de l'État américain de Californie ?,État doré,État du Soleil,État de la baie,État du trésor,Connaissances générales,easy,Open Trivia DB
En quelle année le Titanic a-t-il coulé ?,1912,1930,1917,1941,Histoire,easy,Open Trivia DB
Quel est le seul État des États-Unis dont le drapeau n'a pas une forme à 4 côtés ?,Ohio,Floride,Idaho,New Mexico,Géographie,easy,Open Trivia DB
Rocket League est un jeu qui propose...,Voitures,Hélicoptères,Avions,Sous-marins,Divertissement : Jeux vidéo,easy,Open Trivia DB
Quelle est la lettre la plus fréquemment utilisée dans l'alphabet anglais ?,E,UN,je,O,Connaissances générales,easy,Open Trivia DB
Le moteur LS2 a une cylindrée de combien de pouces cubes ?,364,346,376,402,Véhicules,easy,Open Trivia DB
Quel était le nom de famille de Dorothy dans « Le Magicien d'Oz » ?,Coup de vent,Perkins,Jour,Parker,Divertissement : Film,easy,Open Trivia DB
Quel est le nom de Gatomon dans la version japonaise originale de Digimon Adventure ?,Tailmon,Pawmon,Catmon,Nekomon,Divertissement : Anime et manga japonais,easy,Open Trivia DB
"Dans la série « Steven Universe », qui sont les deux principaux employés de The Big Donut ?",Sadie et Lars,Steven et James,Erik et Julie,Bob et May,Divertissement : Dessins animés et animation,easy,Open Trivia DB
"Quel rappeur célèbre apparaît dans le single ""Febreze"" de Jack Ü (Skrillex et Diplo) sorti en 2015 ?",2 Chainz,Kendrick Lamar,Avenir,Gros gobelet,Divertissement : Musique,easy,Open Trivia DB
Quel présentateur anime l'émission Guy's Grocery Games ?,Guy Fieri,Guy Martin,Guy Ritchie,Ainsley Harriott,Divertissement : Télévision,easy,Open Trivia DB
Pokémon Go est un jeu de réalité augmentée géolocalisé développé et édité par quelle société ?,Niantic,Rovio,Zynga,Supercell,Divertissement : Jeux vidéo,easy,Open Trivia DB
Quel est l'ordre correct des opérations pour résoudre des équations ?,"Parenthèses, exposants, multiplication, division, addition, soustraction","Addition, multiplication, division, soustraction, addition, parenthèses","Parenthèses, exposants, addition, soustraction, multiplication, division",L'ordre dans lequel les opérations sont écrites.,Sciences : Mathématiques,easy,Open Trivia DB
Dans quelle ville de Virginie l'abolitionniste John Brown a-t-il mené un raid contre l'arsenal ?,Harper's Ferry,Richmond,Harrisonburg,Martinsburg,Histoire,easy,Open Trivia DB
Comment William Frederick Cody était-il plus connu ?,Buffalo Bill,Billy le Kid,Wild Bill Hickok,Pawnee Bill,Histoire,easy,Open Trivia DB
Quelle est l'unité SI standard de distance ?,Mètre,Angström,Pied,Brasse,Science et nature,easy,Open Trivia DB
"La Cité du Vatican, le plus petit pays du monde, est entièrement entourée par quel pays ?",Italie,France,Espagne,Allemagne,Géographie,easy,Open Trivia DB
Quel est le plus ancien film Disney ?,Blanche-Neige et les Sept Nains,Pinocchio,Dumbo,Fantaisie,Divertissement : Film,easy,Open Trivia DB
"Dans la série Halo, à quelle époque de SPARTAN appartient le Master Chief ?",SPARTAN-II,SPARTAN-I,SPARTAN-III,SPARTAN-IV,Divertissement : Jeux vidéo,easy,Open Trivia DB
Le nom de cette déesse grecque a été choisi pour la planète naine à l'origine des dissensions parmi les astronomes concernant la classification de Pluton.,Éris,Charon,Cérès,Dysnomie,Mythologie,easy,Open Trivia DB
De quoi sont faits les chapeaux Panama ?,Paille,Soie,Chanvre,Lin,Connaissances générales,easy,Open Trivia DB
Quel film contient la réplique : « Dis bonjour à mon petit ami ! » ?,Scarface,Chiens du réservoir,Chaleur,Les Affranchis,Divertissement : Film,easy,Open Trivia DB
D'où vient le « Mac » du nom Fleetwood Mac ?,John McVie,Christine McVie,Mac McAnally,David Tennant,Divertissement : Musique,easy,Open Trivia DB
"Dans Grand Theft Auto V, quel était l'ancien nom de famille de Michael De Santa ?",Townley,De Santos,Watson,Simpson,Divertissement : Jeux vidéo,easy,Open Trivia DB
Laquelle des universités suivantes ne fait pas partie de l'Ivy League ?,Stanford,Université de Pennsylvanie,Harvard,Princeton,Connaissances générales,easy,Open Trivia DB
"En Java, quel mot-clé utiliseriez-vous pour une variable afin d'empêcher toute modification ?",Final,Statique,Privé,Publique,Sciences : Informatique,easy,Open Trivia DB
"Dans le film « V pour Vendetta », quelle est la date que le justicier masqué « V » exhorte les gens à se rappeler ?",5 novembre,6 novembre,4 novembre,5 septembre,Divertissement : Film,easy,Open Trivia DB
"Dans Le Seigneur des Anneaux : Les Deux Tours, où emmènent les hobbits avec leur groupe d'orcs ?",Isengard,Fondcombe,Mordor,Moria,Divertissement : Film,easy,Open Trivia DB
"En anglais, comment s'appelle le caractère « & » ?",Esperluette,Huit-slash,Et signe,Obélis,Connaissances générales,easy,Open Trivia DB
Qui a remporté la Ligue des champions de l'UEFA en 2016 ?,Real Madrid C.F.,FC Bayern Munich,Atlético Madrid,Manchester City F.C.,Sportif,easy,Open Trivia DB
Qui est le chanteur principal des Foo Fighters ?,Dave Grohl,Dave Mustaine,James Hetfield,Le petit Chaperon rouge,Divertissement : Musique,easy,Open Trivia DB
Ce super-héros Marvel est souvent surnommé « L'homme sans peur ».,Daredevil,Thor,Carcajou,Ponton,Divertissement : Bandes dessinées,easy,Open Trivia DB
Laquelle de ces classes n'est PAS une classe de joueur dans Team Fortress 2 ?,Guérisseur,Démoman,Pyro,Espionner,Divertissement : Jeux vidéo,easy,Open Trivia DB
Laquelle des options suivantes n'est PAS une classe dans Donjons et Dragons 5e édition ?,Ingénieur,Combattant,Paladin,Barde,Divertissement : Jeux de société,easy,Open Trivia DB
"Dans « Avatar : Le Dernier Maître de l'Air », quel élément Aang commence-t-il à apprendre après avoir été décongelé ?",Eau,Air,Terre,Feu,Divertissement : Dessins animés et animation,easy,Open Trivia DB
Lequel des candidats suivants a remporté la première saison d'American Idol en 2002 ?,Kelly Clarkson,Justin Guarini,Ruben Studdard,Chris Daughtry,Divertissement : Télévision,easy,Open Trivia DB
Quelle est la longueur d'une adresse IPv6 ?,128 bits,32 bits,64 bits,128 octets,Sciences : Informatique,easy,Open Trivia DB
En quelle année le krach de Wall Street a-t-il eu lieu ?,1929,1932,1930,1925,Histoire,easy,Open Trivia DB
De quelle ville l'ancienne équipe de la LNH « Les Nordiques » était-elle originaire ?,Ville de Québec,Houston,Montréal,New York,Sportif,easy,Open Trivia DB
Lequel des personnages suivants n'apparaît pas dans le jeu vidéo Doki Doki Literature Club ?,Nico,Monika,Natsuki,Sayori,Divertissement : Jeux vidéo,easy,Open Trivia DB
Qui a gagné Big Brother 2014 au Royaume-Uni ?,Helen Wood,Christopher Hall,Pauline Bennett,Pavandeep « Pav » Paul,Divertissement : Télévision,easy,Open Trivia DB
Quel élève de Yandere Simulator est connu pour poser des questions irritantes et stupides ?,Midori Gurin,Kokona Hruka,Oka Ruto,Pipi Osu,Divertissement : Jeux vidéo,easy,Open Trivia DB
"Dans « Future Diary », quel est le nom du journal intime téléphonique de Yuno Gasai ?",Journal de Yukiteru,Journal d'un meurtrier,Journal d'évasion,Journal de la justice,Divertissement : Anime et manga japonais,easy,Open Trivia DB
"Les Khajiits sont une race de créatures félines issues de quelle série épique de jeux de rôle, se déroulant à travers le pays de Tamriel ?",Les Parchemins des Anciens,Le Seigneur des Anneaux,Le Sorceleur,Les Nuits de Neverwinter,Divertissement : Jeux vidéo,easy,Open Trivia DB
Les Alpes sont une chaîne de montagnes située sur quel continent ?,Europe,Amérique du Nord,Asie,Afrique,Géographie,easy,Open Trivia DB
"Lequel de ces personnages n'est PAS un personnage jouable principal dans ""Grand Theft Auto V"" ?",Lamar,Trevor,Michel,Franklin,Divertissement : Jeux vidéo,easy,Open Trivia DB
En quelle année le Ghana a-t-il accédé à l'indépendance ?,1957,1947,1960,1958,Connaissances générales,easy,Open Trivia DB
"Dans « Inuyasha », que cherchent à collectionner les héros ?",Éclats de joyaux,Dragon Balls,Pierres Rave,Pierres sacrées,Divertissement : Anime et manga japonais,easy,Open Trivia DB
"Quel était le titre du premier film de James Bond, sorti en 1962 ?",Docteur Non,De Russie avec amour,Goldfinger,Opération Tonnerre,Divertissement : Film,easy,Open Trivia DB
"Quel est le nom du stand de Funny Valentine dans Jojo's Bizarre Adventure Partie 7, Steel Ball Run ?",Sale boulot à bas prix,Des actes immondes commis pour un prix raisonnable,Guerre civile,Que Dieu bénisse les États-Unis,Divertissement : Anime et manga japonais,easy,Open Trivia DB
"Dans la série télévisée originale Star Trek, quel était le deuxième prénom du capitaine James T. Kirk ?",Tibère,Trevor,Travis,Tyrone,Divertissement : Télévision,easy,Open Trivia DB
Quel animal participe à la plus célèbre expérience de pensée de Schrödinger ?,Chat,Chien,Batte,Papillon,Science et nature,easy,Open Trivia DB
"Dans Half-Life, quel est le nom de l'extraterrestre qui s'accroche aux têtes ?",Headcrab,Calmar,Vortigaunt,Facehugger,Connaissances générales,easy,Open Trivia DB
Quel fut le tout premier acteur à incarner le Docteur dans « Doctor Who » ?,William Hartnell,David Tennant,Peter Capaldi,Tom Baker,Divertissement : Télévision,easy,Open Trivia DB
"Dans la série « Dragon Ball Z », quel est le nom de l'attaque la plus puissante de Cell ?",Kamehameha solaire,Super Kamehameha,Cellule Kamehameha,Kamehameha Android,Divertissement : Télévision,easy,Open Trivia DB
Lequel des sports suivants ne fait pas partie du triathlon ?,Équitation,Vélo,Natation,En cours d'exécution,Sportif,easy,Open Trivia DB
L'effondrement de l'Union soviétique a eu lieu en quelle année ?,1991,1992,1891,1990,Histoire,easy,Open Trivia DB
Quel est le nom de l'entreprise dans Lethal Company ?,L'entreprise,Planet Scrap Co.,Robotique mortelle,Compagnie maritime Gordian,Connaissances générales,easy,Open Trivia DB
Qui est l'acolyte de Sonic ?,Queues,Ombre,Amy,articulations,Divertissement : Jeux vidéo,easy,Open Trivia DB
"Dans le film « Balto » de 1995, qui sont les complices de Steele ?","Kaltag, Nikki et Star","Dusty, Kirby et Ralph","Nuk, Yak et Sumac","Jenna, Sylvie et Dixie",Divertissement : Film,easy,Open Trivia DB
En quelle année est sorti « Antichamber » ?,2013,2012,2014,2011,Divertissement : Jeux vidéo,easy,Open Trivia DB
Quel joueur détient le record de la LNH avec 2 857 points ?,Wayne Gretzky,Mario Lemieux,Sidney Crosby,Gordie Howe,Sportif,easy,Open Trivia DB
Quel personnage Disney chante la chanson « Un rêve est un souhait que ton cœur fait » ?,Cendrillon,Belle,Blanc comme neige,Pocahontas,Divertissement : Musique,easy,Open Trivia DB
Quelle entreprise a développé le jeu gratuit de type battle royale Fortnite ?,Epic Games,Soupape,Ubisoft,Square Enix,Divertissement : Jeux vidéo,easy,Open Trivia DB
Laquelle des options suivantes n'est PAS une invocation dans le jeu « South Park : Le Bâton de la Vérité » ?,Serviette,Jésus,Monsieur Hankey,Monsieur Esclave,Divertissement : Jeux vidéo,easy,Open Trivia DB
Quel moteur de jeu vidéo utilise Quake 2 ?,iD Tech 2,iD Tech 3,iD Tech 1,Unreal Engine,Divertissement : Jeux vidéo,easy,Open Trivia DB
Combien de lettres compte l'alphabet anglais ?,26,30,17,5,Connaissances générales,easy,Open Trivia DB
Quel streamer Twitch est le chanteur de Red Vox ?,Sauce au vin,Le batteur 8 bits,PAROLES,Sodapoppin,Divertissement : Musique,easy,Open Trivia DB
Lequel des éléments suivants est à l'origine un manga ?,Akira,Cowboy Bebop,Lycée DxD,Gurren Lagann,Divertissement : Anime et manga japonais,easy,Open Trivia DB
Lequel de ces personnages n'est PAS un personnage jouable dans le jeu vidéo Overwatch de 2016 ?,Invocateur,Miséricorde,Winston,Zenyatta,Divertissement : Jeux vidéo,easy,Open Trivia DB
Quelle entreprise a créé et développé le jeu « Overwatch » ?,Blizzard Entertainment,Soupape,Studios haute résolution,Logiciel Gearbox,Divertissement : Jeux vidéo,easy,Open Trivia DB
Quelle est la première arme que vous obtenez dans Half-Life ?,Un pied de biche,Un pistolet,Le costume H.E.V.,Vos poings,Divertissement : Jeux vidéo,easy,Open Trivia DB
Qui est capable d'attraper les survivants avec sa langue dans Left 4 Dead ?,Fumeur,Jockey,Chasseur,Boomer,Divertissement : Jeux vidéo,easy,Open Trivia DB
Laquelle de ces phrases n'est PAS une réplique culte utilisée par Rick Sanchez dans la série télévisée « Rick et Morty » ?,"Slam dunk, panier parfait !","Au lit, Jack !","Rikki-Tikki-Tavi, salope !",Wubba-lubba-dub-dub !,Divertissement : Dessins animés et animation,easy,Open Trivia DB
Qui est le personnage principal de la série « Burn Notice » ?,Michael Westen,Sam Axe,Fiona Glenanne,Madeline Westen,Divertissement : Télévision,easy,Open Trivia DB
En quelle année est sorti le premier épisode officiel de Youtube Rewind ?,2010,2012,2011,2013,Divertissement : Film,easy,Open Trivia DB
"Quel était le nom du premier satellite artificiel terrestre, lancé par l'Union soviétique en 1957 ?",Spoutnik 1,Soyouz 7K-OK,Zenit-2,Voskhod 3KV,Science et nature,easy,Open Trivia DB
Quelle est la capitale de la Corée du Sud ?,Séoul,Pyongyang,Taegu,Kitakyūshū,Géographie,easy,Open Trivia DB
Le langage de programmation « Swift » a été créé pour remplacer quel autre langage de programmation ?,Objectif-C,C#,Rubis,C++,Sciences : Informatique,easy,Open Trivia DB
Lequel des pays suivants n'était pas une puissance de l'Axe pendant la Seconde Guerre mondiale ?,Union soviétique,Italie,Allemagne,Japon,Histoire,easy,Open Trivia DB
Quel chanteur figurait sur le titre « Where Are Ü Now » de Jack Ü (Skrillex & Diplo) sorti en 2015 ?,Justin Bieber,Selena Gomez,Ellie Goulding,The Weeknd,Divertissement : Musique,easy,Open Trivia DB
Quelle région d'Europe de l'Est est célèbre pour son association avec les vampires ?,Transylvanie,Silésie,Macédoine,Slovaquie,Géographie,easy,Open Trivia DB
En quelle année le jeu « Fallout » est-il sorti ?,1997,1998,1999,1996,Divertissement : Jeux vidéo,easy,Open Trivia DB
Quel type de Pokémon est Dracaufeu ?,Feu/Vol,Feu,Dragon,Feu/Dragon,Divertissement : Jeux vidéo,easy,Open Trivia DB
Combien de pattes ont les papillons ?,6,2,4,0,Animaux,easy,Open Trivia DB
Qui a découvert la pénicilline ?,Alexandre Flemming,Marie Curie,Alfred Nobel,Louis Pasteur,Histoire,easy,Open Trivia DB
Quel point faible d'Achille fut exploité par le prince troyen Pâris ?,Talon,Cou,Dos,Veau,Mythologie,easy,Open Trivia DB
"Dans Animal Crossing, qui est le gérant du magasin de la ville ?",Tom Nook,M. Resetti,Gracie,K.K. Slider,Divertissement : Jeux vidéo,easy,Open Trivia DB
Comment s'appelle l'« outil » utilisé pour frapper la boule blanche au snooker ou au billard ?,Signal,Raquette,Batte,Maillet,Sportif,easy,Open Trivia DB
Qui a écrit le roman pour jeunes adultes « Nos étoiles contraires » ?,John Green,Stephenie Meyer,Suzanne Collins,Stephen Chbosky,Divertissement : Livres,easy,Open Trivia DB
Dans quel océan se trouve l'île de La Réunion ?,Océan Indien,océan Atlantique,Océan Pacifique Sud,Océan Pacifique Nord,Géographie,easy,Open Trivia DB
Quel groupe a sorti son premier album « A Fever You Can't Sweat Out » en 2006 ?,Panique à Disco,Twenty One Pilots,My Chemical Romance,Garçon radio-actif,Divertissement : Musique,easy,Open Trivia DB
Combien de membres compte le groupe Nirvana ?,Trois,Deux,Quatre,Cinq,Divertissement : Musique,easy,Open Trivia DB
"Quel mode de jeu n'était pas présent dans le ""Wii Sports"" original ?",Tennis de table,Boxe,Base-ball,Bowling,Divertissement : Jeux vidéo,easy,Open Trivia DB
"Dans Slay the Spire, lequel des personnages suivants n'est PAS un personnage jouable ?",Cœur de pierre,Silencieux,Défaut,Cuirassé,Divertissement : Jeux vidéo,easy,Open Trivia DB
Qu'est-ce que le « dab » ?,Une danse,Une procédure médicale,Un sport,Une langue,Connaissances générales,easy,Open Trivia DB
"Qui, dans cette liste, est l'un des cofondateurs de Valve ?",Gabe Newell,Robin Walker,Marc Laidlaw,Ray Ueno,Divertissement : Jeux vidéo,easy,Open Trivia DB
"Dans Game of Thrones, quel est le vrai nom de Littlefinger ?",Petyr Baelish,Podrick Payne,Lancel Lannister,Torrhen Karstark,Divertissement : Télévision,easy,Open Trivia DB
"Ce commentateur sportif canadien est connu pour son rôle dans « Hockey Night in Canada », une émission de commentaires diffusée pendant les matchs de hockey.",Don Cherry,Don McKellar,Don Taylor,Donald Sutherland,Sportif,easy,Open Trivia DB
"L'ancien président des États-Unis, Bill Clinton, a joué de quel instrument ?",Saxophone,cor baryton,Piano,Violon,Politique,easy,Open Trivia DB
Quel est le nom de la voiture électrique la plus populaire de Nissan ?,Feuille,Arbre,Cerf,Racines,Véhicules,easy,Open Trivia DB
Quel était le premier jeu de la série « Battlefield » ?,Champ de bataille 1942,Champ de bataille du Vietnam,Battlefield 2,Battlefield 1,Divertissement : Jeux vidéo,easy,Open Trivia DB
Quel est le nom de la boisson alcoolisée à base de pommes de terre ou de céréales originaire de Pologne et de Russie ?,Vodka,Absinthe,Rhum,Saké,Connaissances générales,easy,Open Trivia DB
Dans quel État américain le Prince de Bel-Air est-il né et a-t-il grandi ?,Pennsylvanie,Floride,Californie,New Jersey,Divertissement : Télévision,easy,Open Trivia DB
Qui est le comédien de doublage de Thrall dans la série de jeux Warcraft ?,Chris Metzen,Ben Affleck,Jason Derulo,Jim Carrey,Divertissement : Jeux vidéo,easy,Open Trivia DB
"Quel est le nom du personnage principal de ""Life is Strange"" ?",Maxine Caulfield,Victoria Chase,Stella Hill,Chloé Price,Divertissement : Jeux vidéo,easy,Open Trivia DB
"Dans le jeu Sonic Forces, lequel des éléments suivants ne provenait pas d'un jeu précédent ?",Infini,Metal Sonic,Zavoc,Chaos,Divertissement : Jeux vidéo,easy,Open Trivia DB
Combien de chromosomes y a-t-il dans les cellules de votre corps ?,23,21,22,24,Science et nature,easy,Open Trivia DB
Le jeu de société Monopoly tire ses noms de rues de quelle ville américaine réelle ?,"Atlantic City, New Jersey","Las Vegas, Nevada","Duluth, Minnesota","Charleston, Caroline du Sud",Divertissement : Jeux de société,easy,Open Trivia DB
Qui a créé la série Cartoon Network « Adventure Time » ?,Quartier de Pendleton,J. G. Quintel,Ben Bocquelet,Rebecca Sugar,Divertissement : Dessins animés et animation,easy,Open Trivia DB
"Dans le film « Blade Runner », quel est le terme utilisé pour désigner les androïdes à l'apparence humaine ?",Réplicants,Cylons,synthétiques,chirurgie esthétique,Divertissement : Film,easy,Open Trivia DB
Comment les marins appellent-ils le côté droit d'un bateau ?,Tribord,Port,Arrière,Arc,Connaissances générales,easy,Open Trivia DB
Dans quel pays la Statue de la Liberté a-t-elle été construite avant d'être exportée vers les États-Unis d'Amérique ?,France,Allemagne,Espagne,Angleterre,Histoire,easy,Open Trivia DB
Quel élément a pour symbole chimique Kr ?,Krypton,Kérosène,Kineticium,Curium,Connaissances générales,easy,Open Trivia DB
Quelle est la principale substance addictive présente dans le tabac ?,Nicotine,Cathinone,Éphédrine,Glaucine,Science et nature,easy,Open Trivia DB
Lequel de ces noms n'est PAS celui d'un gang rival dans le jeu vidéo Saint's Row 2 ?,L'Empire Zin,La Fraternité,Le Ronin,Les fils de Samedi,Divertissement : Jeux vidéo,easy,Open Trivia DB
Qui a sculpté la statue de David ?,Michel-Ange,Gian Lorenzo Bernini,Auguste Rodin,Donatello,Art,easy,Open Trivia DB
"De quoi Sans et Papyrus tirent-ils leurs noms dans ""Undertale"" ?",Polices de caractères,Plantes,Entreprises,papier à écrire ancien,Divertissement : Jeux vidéo,easy,Open Trivia DB
Le personnage principal de six ans de Calvin et Hobbes tire son nom de quel théologien ?,Jean Calvin,Calvin Klein,Calvin Coolidge,Philippe Calvin McGraw,Divertissement : Bandes dessinées,easy,Open Trivia DB
"Qui a réalisé les films « Pulp Fiction », « Reservoir Dogs » et « Django Unchained » ?",Quentin Tarantino,Martin Scorsese,Steven Spielberg,James Cameron,Divertissement : Film,easy,Open Trivia DB
Combien de têtes possède Cerbère ?,3,2,1,5,Mythologie,easy,Open Trivia DB
Combien de planètes composent notre système solaire ?,8,7,9,6,Science et nature,easy,Open Trivia DB
Quel est le nom du chat qui parle dans Persona 5 ?,Morgane,Teddie,Marie,Ryuji,Divertissement : Jeux vidéo,easy,Open Trivia DB
Quel était le nom de la sorcière des mers dans le film Disney de 1989 « La Petite Sirène » ?,Ursula,Madame Mim,Malfaisant,Dame Tremaine,Divertissement : Dessins animés et animation,easy,Open Trivia DB
De quelle planète vient Superman ?,Krypton,Avalon,Xolnar,Starhaven,Divertissement : Bandes dessinées,easy,Open Trivia DB
Quel type de comportement illégal a été adopté par un criminel qui a « falsifié ses comptes » ?,Fraude comptable,Blanchiment d'argent,Extorsion,Chantage,Connaissances générales,easy,Open Trivia DB
Quel est le plat préféré d'Everest dans la série Nickelodeon/Nick Jr. « PAW Patrol » ?,Foie,Poulet,Steak,Caribou,Divertissement : Dessins animés et animation,easy,Open Trivia DB
"Lequel de ces jeux contient la phrase « Ne passez pas par la case Départ, vous ne toucherez pas 200 $ » ?",Monopole,Jour de paie,Cluedo,Coppit,Divertissement : Jeux de société,easy,Open Trivia DB
"Sur un plateau de Monopoly standard, quelle case est en diagonale opposée à la case « Départ » ?",Parking gratuit,Aller en prison,Prison,La compagnie d'électricité,Divertissement : Jeux de société,easy,Open Trivia DB
Combien de furlongs y a-t-il dans un mile ?,Huit,Deux,Quatre,Six,Connaissances générales,easy,Open Trivia DB
Le roi Henri VIII était le deuxième monarque de quelle maison royale européenne ?,Tudor,York,Stuart,Lancaster,Histoire,easy,Open Trivia DB
"Dans le jeu Nuclear Throne, quel personnage n'est utilisable que lors d'une partie avec Melting ?",Squelette,Grenouille,Horreur,Usine,Divertissement : Jeux vidéo,easy,Open Trivia DB
Quel est le nom de la couche 7 du modèle OSI ?,Application,Session,Réseau,Présent,Sciences : Informatique,easy,Open Trivia DB
"Dans le jeu vidéo Team Fortress 2, lequel de ces éléments n'est PAS une arme principale ?",Medigun,Fusil à dispersion,lance-grenades,lance-roquettes,Divertissement : Jeux vidéo,easy,Open Trivia DB
Combien de points LeBron James a-t-il marqués lors de son premier match en NBA ?,25,19,69,41,Sportif,easy,Open Trivia DB
"De quelle espèce animale était Harambe, l'animal abattu après qu'un enfant soit tombé dans son enclos au zoo de Cincinnati ?",Gorille,Tigre,Panda,Crocodile,Connaissances générales,easy,Open Trivia DB
Le langage de programmation C a été créé par cet informaticien américain.,Dennis Ritchie,Tim Berners Lee,al-Khwārizmī,Willis Ware,Sciences : Informatique,easy,Open Trivia DB
Qui est le créateur du projet Touhou ?,Zun,Juin,Frontière du Crépuscule,Tasofro,Divertissement : Jeux vidéo,easy,Open Trivia DB
Laquelle des affirmations suivantes concernant la vie de Tirésias est fausse ?,J'ai navigué avec les Argonautes à la recherche de la Toison d'or,"Athéna le transforma en femme, puis, des années plus tard, en homme.",Héra le rendit aveugle après qu'il eut donné raison à Zeus lors d'une dispute.,Elle révéla à Œdipe qu'il avait épousé sa propre mère.,Mythologie,easy,Open Trivia DB
Le Groenland fait partie de quel royaume ?,Danemark,Suède,Norvège,Royaume-Uni,Géographie,easy,Open Trivia DB
Quel genre de musique jouait le groupe Type O Negative ?,Métal gothique,Thrash Metal,Hard Rock,Pop rock,Divertissement : Musique,easy,Open Trivia DB
Qui a créé la plateforme de distribution numérique Steam ?,Soupape,Jeux Pixeltail,Ubisoft,Arts électroniques,Divertissement : Jeux vidéo,easy,Open Trivia DB
"Qui est le personnage principal du film de 1985, Retour vers le futur ?",Marty McFly,Emmett « Doc » Brown,Biff Tannen,George McFly,Divertissement : Film,easy,Open Trivia DB
Combien d'États américains commencent par la lettre K ?,Deux,Un,Aucun,Trois,Géographie,easy,Open Trivia DB
"Qui est l'auteur de la série de livres « Le Trône de Fer », en commençant par « Le Jeu des Trônes » ?",George R. R. Martin,Brandon Sanderson,J.R.R. Tolkien,Steven Erikson,Divertissement : Livres,easy,Open Trivia DB
"Dans la série « Tengen Toppa Gurren Lagann », quel est le nom du personnage qui oblige tout le monde à vivre sous terre ?",Lordgenome,Kingloname,Seigneur Génome,Roi Loname,Divertissement : Télévision,easy,Open Trivia DB
La maladie d'Alzheimer affecte principalement quelle partie du corps humain ?,Cerveau,Poumons,Peau,Cœur,Science et nature,easy,Open Trivia DB
De quelle couleur est la femelle du merle noir ?,Brun,Noir,Blanc,Jaune,Animaux,easy,Open Trivia DB
Qui a incarné l'agent Fox Mulder dans la série télévisée de science-fiction « X-Files » ?,David Duchovny,Gillian Anderson,Robert Patrick,Mitch Pileggi,Divertissement : Télévision,easy,Open Trivia DB
"Dans Undertale, quelle est la récompense pour avoir répondu correctement ?",D'autres questions,Voiture neuve,Miséricorde,Argent,Divertissement : Jeux vidéo,easy,Open Trivia DB
Daniel Radcliffe est devenu une star mondiale du cinéma grâce à sa performance dans quelle franchise cinématographique ?,Harry Potter,Ted,Enfants espions,Pirates des Caraïbes,Divertissement : Film,easy,Open Trivia DB
"Quel était le sujet de la chanson « CoCo » du rappeur américain O. T. Genasis, sortie en 2014 ?",Cocaïne,Conan O'Brien,carbonate de cobalt(II),tarte à la crème de noix de coco,Divertissement : Musique,easy,Open Trivia DB
Quel était le nom du sous-marin du capitaine Nemo dans « Vingt mille lieues sous les mers » ?,Le Nautilus,Le Neptune,Le Poséidon,L'Atlantide,Divertissement : Livres,easy,Open Trivia DB
Quel jeu Nintendo 64 ne comportait PAS Luigi ?,Super Mario 64,Mario Party 2,Paper Mario,Super Smash Bros.,Divertissement : Jeux vidéo,easy,Open Trivia DB
Les cellules humaines possèdent généralement combien de copies de chaque gène ?,2,1,4,3,Science et nature,easy,Open Trivia DB
Lequel de ces jeux possède la plus grande carte ?,Just Cause 2,Grand Theft Auto 5,The Elder Scrolls 4 : Oblivion,The Witcher 3 : Wild Hunt,Divertissement : Jeux vidéo,easy,Open Trivia DB
Quelle est la plus grande espèce de manchot vivante ?,Empereur,Roi,Gentoo,Adèle,Connaissances générales,easy,Open Trivia DB
"Dans l'opéra de Rossini, quel était le nom du « Barbier de Séville » ?",Figaro,Angelo,Fernando,Dave,Divertissement : Musique,easy,Open Trivia DB
"En groupage sanguin, le signe (+) et le signe (-) qui suivent A, B, AB ou O sont appelés facteur Rh. Quelle est la source de sa découverte ?",singes rhésus,Patients atteints de rhumatismes,Les personnes aux cheveux roux,Rhizomes,Connaissances générales,easy,Open Trivia DB
Quelle est la capitale de la Jamaïque ?,Kingston,San Juan,Port-au-Prince,Bridgetown,Géographie,easy,Open Trivia DB
Quelle race de chien est traditionnellement associée aux pompiers ?,Dalmatiens,Berger allemand,danois,Mastiff,Animaux,easy,Open Trivia DB
"Dans la mythologie grecque, qui est le dieu du vin ?",Dionysos,Héphaïstos,Déméter,Apollon,Mythologie,easy,Open Trivia DB
Lequel de ces éléments est un métalloïde ?,Antimoine,Étain,Brome,Rubidium,Science et nature,easy,Open Trivia DB
Le film « 28 Days Later » (2002) se déroule principalement dans quel pays européen ?,Royaume-Uni,France,Italie,Allemagne,Divertissement : Film,easy,Open Trivia DB
"Dans Les Simpson, à quelle guerre Seymour Skinner a-t-il participé dans l'armée américaine en tant que béret vert ?",Guerre du Vietnam,Seconde Guerre mondiale,Première Guerre mondiale,Guerre froide,Divertissement : Dessins animés et animation,easy,Open Trivia DB
"Dans La Bande à Picsou, quel est le nom de la ville où vivent tous les personnages principaux ?",Duckburg,Duckwing,Vrille,Wingford,Divertissement : Télévision,easy,Open Trivia DB
"Pendant la Seconde Guerre mondiale, en 1945, les États-Unis ont largué des bombes atomiques sur les deux villes japonaises d'Hiroshima et de quelle autre ville ?",Nagasaki,Kawasaki,Tokyo,Kagoshima,Histoire,easy,Open Trivia DB
Où sont fabriquées les voitures de la marque « Ferrari » ?,Italie,Roumanie,Allemagne,Russie,Véhicules,easy,Open Trivia DB
Quel est le nom de la Pologne en polonais ?,Pologne,Pupcia,Pologne,Pologne,Connaissances générales,easy,Open Trivia DB
Combien de personnes siègent à la Chambre des représentants des États-Unis ?,435,260,415,50,Politique,easy,Open Trivia DB
Qui est figé par la glace à la fin du film « GoldenEye » ?,Boris Grishenko,James Bond,Natalya Simonova,Alec Travelyan,Divertissement : Film,easy,Open Trivia DB
Le dieu romain antique de la guerre était communément connu sous lequel des noms suivants ?,Mars,Jupiter,Junon,Arès,Mythologie,easy,Open Trivia DB
De quel instrument jouait principalement Ringo Starr des Beatles ?,Batterie,Basse,Guitare,Piano,Divertissement : Musique,easy,Open Trivia DB
Quelle est la deuxième langue maternelle la plus parlée en Espagne en nombre de locuteurs ?,catalan,portugais,Espagnol,Français,Connaissances générales,easy,Open Trivia DB
Quel est le nom d'une franchise populaire qui consiste à placer des blocs et à survivre dans un monde ouvert ?,Minecraft,Non retourné,Roblox,Grand Theft Auto V,Divertissement : Jeux vidéo,easy,Open Trivia DB
Qui figurait dans la chanson « Words » de Feint ?,Laura Brehm,Anna Yvette,Danyka Nadeau,Veela,Divertissement : Musique,easy,Open Trivia DB
"Dans Donjons et Dragons (5e édition), quelle caractéristique ajoutez-vous normalement à votre jet de dé d'initiative ?",Dextérité,Vitesse,Force,Sagesse,Divertissement : Jeux de société,easy,Open Trivia DB
"Quel est le thème musical de ""Neon Genesis Evangelion"" ?",La thèse d'un ange cruel,Croisés de Stardust,Requiem pour un rêve,Dieu seul sait,Divertissement : Anime et manga japonais,easy,Open Trivia DB
"En conception web, que signifie CSS ?",Feuille de style en cascade,Counter Strike : Source,Feuille de style corrective,Feuille de style informatique,Sciences : Informatique,easy,Open Trivia DB
Lequel de ces acteurs/actrices ne fait PAS partie du casting du film « Suicide Squad » de 2016 ?,Scarlett Johansson,Jared Leto,Will Smith,Margot Robbie,Divertissement : Film,easy,Open Trivia DB
Quel est l'animal national de l'Inde ?,Tigre,Lion,Cheval,Chameau,Animaux,easy,Open Trivia DB
"Dans Pokémon Rouge et Bleu, quel est le nom de la CS05 ?",Éclair,Force,Couper,Voler,Divertissement : Jeux vidéo,easy,Open Trivia DB
Quel est le nom de la ville dans Saints Row The Third ?,Steelport,Stilwater,Carcer,Liberté,Divertissement : Jeux vidéo,easy,Open Trivia DB
Quelle est la langue officielle du Costa Rica ?,Espagnol,Anglais,portugais,créole,Géographie,easy,Open Trivia DB
"Au baseball, combien de fois la balle doit-elle être lancée en dehors de la zone de strike avant que le frappeur n'obtienne un but sur balles ?",4,1,2,3,Sportif,easy,Open Trivia DB
Quel était le premier album de Rage Against the Machine ?,Rage Against the Machine,Empire du Mal,Bombtrack,La bataille de Los Angeles,Divertissement : Musique,easy,Open Trivia DB
Quel est le format d'image le plus fréquemment utilisé pour les logos dans la base de données Wikimedia ?,.svg,.png,.jpeg,.gif,Sciences : Informatique,easy,Open Trivia DB
Qu'est-ce qu'une mandoline ?,Chaîne,Laiton,Percussion,Bois,Divertissement : Musique,easy,Open Trivia DB
"Dans ""Fallout 4"", quelle faction est absente du jeu ?",L'Enclave,Les Minutemen,La Confrérie de l'Acier,L'Institut,Divertissement : Jeux vidéo,easy,Open Trivia DB
"Quel est le nom du protagoniste principal de ""Xenoblade Chronicles"" ?",Shulk,Reyn,Fiora,Dunban,Divertissement : Jeux vidéo,easy,Open Trivia DB
Qui a découvert la loi de la gravité ?,Sir Isaac Newton,Galilée,Charles Darwin,Albert Einstein,Science et nature,easy,Open Trivia DB
Quel est le plus grand désert chaud du monde ?,Sahara,Gobi,Mojave,Kalahari,Géographie,easy,Open Trivia DB
Carcassonne est inspirée de quelle ville française ?,Carcassonne,Paris,Marseille,Clermont-Ferrand,Divertissement : Jeux de société,easy,Open Trivia DB
Lequel de ces personnages n'est PAS un personnage de dessin animé Disney ?,Daffy Duck,Donald Duck,Daisy Duck,Picsou,Divertissement : Dessins animés et animation,easy,Open Trivia DB
"Quel film met en scène un esprit géant ressemblant à un lapin, doté de pouvoirs magiques comme celui de faire pousser des arbres ?",Mon voisin Totoro,Houblon,Hausse des gardiens,Alice au pays des merveilles,Divertissement : Film,easy,Open Trivia DB
Quelle actrice a épousé Michael Douglas en 2000 ?,Catherine Zeta-Jones,Ruth Jones,Pam Ferris,Sara Sugarman,célébrités,easy,Open Trivia DB
Quelle ballade américaine des années 1970 faisait référence au crash d'avion de 1959 comme étant « le jour où la musique est morte » ?,American Pie,Pluie du Kentucky,Je vous aimerai toujours,Suicide rock 'n' roll,Divertissement : Musique,easy,Open Trivia DB
Comment appelle-t-on un polygone à huit côtés ?,Octogone,Hexagone,Nanagon,Heptagone,Sciences : Mathématiques,easy,Open Trivia DB
Dans quelle ville balnéaire britannique se déroulait la sitcom de la BBC « Fawlty Towers » ?,Torquay,Blackpool,Bournemouth,Great Yarmouth,Divertissement : Télévision,easy,Open Trivia DB
Quel était le nom du protagoniste de Portal et Portal 2 ?,Chell,Mel,Chloé,Christine,Divertissement : Jeux vidéo,easy,Open Trivia DB
Qui est souvent surnommé « le Maestro » dans le circuit masculin de tennis ?,Roger Federer,Bill Tilden,Boris Becker,Pete Sampras,Sportif,easy,Open Trivia DB
L'ordinateur Electron a été commercialisé en Grande-Bretagne en 1983 pour le marché de l'informatique domestique par quelle entreprise ?,Ordinateurs Acorn,Recherche Sinclair,Amstrad PLC,Machines de bureau Commodore,Sciences : Informatique,easy,Open Trivia DB
Quel type de couverts est le plus adapté pour manger de la soupe ?,Cuillère,Fourchette,Couteau,Baguettes,Connaissances générales,easy,Open Trivia DB
Le plus grand marché de consommation en 2015 était...,Les États-Unis d'Amérique,Allemagne,Japon,Royaume-Uni,Politique,easy,Open Trivia DB
Terry Gilliam était un animateur qui a travaillé avec quel groupe comique britannique ?,Monty Python,Les Goodies,La Ligue des Gentlemen,Les Penny Dreadfuls,Connaissances générales,easy,Open Trivia DB
Comment s'appelle l'art japonais du pliage de papier en formes et figures décoratives ?,Origami,Sumi-e,Ukiyo-e,Haïku,Art,easy,Open Trivia DB
Quel groupe interprète la chanson « Crash into Me » ?,Dave Matthews Band,Phish,Les Grateful Dead,Destiny's Child,Divertissement : Musique,easy,Open Trivia DB
Combien de temps a duré la Seconde Guerre mondiale ?,6 ans,4 ans,5 ans,7 ans,Histoire,easy,Open Trivia DB
"Dans l'univers de Star Trek, de quelle couleur est le sang des Vulcains ?",Vert,Bleu,Rouge,Violet,Divertissement : Télévision,easy,Open Trivia DB
Quel membre des Foo Fighters était auparavant le batteur de Nirvana ?,Dave Grohl,Taylor Hawkins,Nate Mendel,Chris Shiflett,Divertissement : Musique,easy,Open Trivia DB
Qui sont les créateurs originaux de Ratchet & Clank ?,Jeux d'insomnie,Jeux PixelTail,Rare,Béthesda,Divertissement : Jeux vidéo,easy,Open Trivia DB
Dans quelle galaxie se situe la Terre ?,La Voie lactée,La galaxie de Mars,Le Galaxy Note,Le trou noir,Connaissances générales,easy,Open Trivia DB
Quelle est la racine carrée de 49 ?,7,4,12,9,Sciences : Mathématiques,easy,Open Trivia DB
"Quel acteur américain prête sa voix au PDG d'Aperture Science, Cave Johnson ?",J.K. Simmons,Nolan Nord,John Patrick Lowrie,Christopher Lloyd,Divertissement : Jeux vidéo,easy,Open Trivia DB
"Parmi les personnages de Team Fortress 2, lequel n'utilise pas de fusil à pompe comme arme secondaire ?",Ingénieur,Soldat,Pyro,Lourd,Divertissement : Jeux vidéo,easy,Open Trivia DB
En quelle année la centrale nucléaire de Tchernobyl a-t-elle subi une fusion du cœur ?,1986,1991,1975,1998,Histoire,easy,Open Trivia DB
"Dans les comics DC, quel est le vrai nom d'Owlman ?",Thomas Wayne Jr.,Thomas Wayne,Bruce Wayne,Joseph Chill,Divertissement : Bandes dessinées,easy,Open Trivia DB
Qui est l'héroïne principale de l'anime Full Metal Panic!,Kaname Chidori,Télétha Testarossa,Melissa Mao,Kyoko Tokiwa,Divertissement : Anime et manga japonais,easy,Open Trivia DB
Quel ancien membre d'un boys band a sorti le single solo à succès « Angels » en 1997 ?,Robbie Williams,Justin Timberlake,Harry Styles,Gary Barlow,Divertissement : Musique,easy,Open Trivia DB
Quel musicien de reggae canadien a connu un succès en 1993 avec la chanson « Informer » ?,Neige,Pluie,Grêle,Neige fondue,Divertissement : Musique,easy,Open Trivia DB
"Le RMS Titanic a coulé lors de son voyage inaugural de Southampton, en Angleterre, vers quelle ville américaine ?",New York,Boston,Philadelphie,Washington,Histoire,easy,Open Trivia DB
"Dans « A Hat in Time », que doit collecter Hat Kid pour terminer un niveau ?",Une montre,Un fragment de cœur,Un fragment de relique,Un chapeau,Divertissement : Jeux vidéo,easy,Open Trivia DB
Lequel de ces dessins animés mettait en scène un personnage nommé Heinz Doofenshmirtz ?,Phineas et Ferb,Ren et Stimpy,Ben 10,Batman : La série animée,Divertissement : Dessins animés et animation,easy,Open Trivia DB
Quel était le nom du mauvais tableau de Squiudward dans l'épisode de Bob l'éponge intitulé « Artiste inconnu » ?,Audacieux et effronté,Carlo Tentacule en repos,Morceaux déchirés,Perspectives inclinées,Connaissances générales,easy,Open Trivia DB
Ces deux pays ont formé un Commonwealth du XVIe au XVIIIe siècle.,Pologne et Lituanie,Hutu et Rwanda,Corée du Nord et Corée du Sud,Bangladesh et Bhoutan,Histoire,easy,Open Trivia DB
Quel catcheur a remporté le Royal Rumble masculin de 2019 ?,Seth Rollins,Braun Strowman,Styles AJ,Andrade,Sportif,easy,Open Trivia DB
"Durant la Seconde Guerre mondiale, quel était le char d'assaut le plus redouté par les Alliés ?",PanzerKampfwagen V Panther,Marder III,Mks Matilda II,PanzerKampfwagen VI Tiger,Véhicules,easy,Open Trivia DB
"Quel est le vrai nom du rappeur américain Eminem, également connu sous le nom de Slim Shady ?",Marshall Mathers,Calvin Broadus,Shawn Carter,Nasir Jones,Divertissement : Musique,easy,Open Trivia DB
L'histoire de Robin des Bois est originaire de quel pays ?,Angleterre,France,Portugal,Écosse,Connaissances générales,easy,Open Trivia DB
Quel est le niveau de difficulté le plus élevé possible dans « Deus Ex : Mankind Divided » ?,Je n'ai jamais demandé ça,Cauchemar,Extrême,Gourou,Divertissement : Jeux vidéo,easy,Open Trivia DB
Laquelle de ces chaînes de restauration rapide n'est PAS principalement connue pour vendre des pizzas ?,Wendy's,Domino's,Petits Césars,Papa John's,Connaissances générales,easy,Open Trivia DB
Laquelle des personnages suivantes n'est PAS une candidate au mariage (femme) dans le jeu Stardew Valley ?,Caroline,Abigail,Haley,Léa,Divertissement : Jeux vidéo,easy,Open Trivia DB
M.U.G.E.N. est le nom de quel type de moteur de jeu ?,Jeu de combat,Jeu de plateforme,Jeu de tir,Jeu de puzzle,Divertissement : Jeux vidéo,easy,Open Trivia DB
"Si vous deviez programmer un logiciel dans ce langage, vous ne pourriez taper que des 0 et des 1.",Binaire,JavaScript,C++,Python,Sciences : Informatique,easy,Open Trivia DB
"Quelle console Game Boy de la série Game Boy, parmi les consoles de jeux vidéo portables, est sortie en premier ?",Game Boy Color,Game Boy Advance,Game Boy Micro,Game Boy Advance SP,Divertissement : Jeux vidéo,easy,Open Trivia DB
Quelle est la voiture homologuée pour la route la plus rapide au monde ?,Koenigsegg Agera RS,Hennessy Venom GT,Bugatti Veyron Super Sport,Pagani Huayra BC,Véhicules,easy,Open Trivia DB
Quel est le nom de code du système d'exploitation mobile Android 7.0 ?,Nougat,Sandwich glacé,Dragée,Guimauve,Sciences : Informatique,easy,Open Trivia DB
Quel est le maximum de points de vie dans Terraria ?,500,400,1000,100,Divertissement : Jeux vidéo,easy,Open Trivia DB
La chanson « YYZ » de Rush tire son nom du code d'identification aéroportuaire IATA de quelle ville ?,Toronto,Vancouver,Ottawa,Calgary,Divertissement : Musique,easy,Open Trivia DB
Comment s'appellent les peuples autochtones de Nouvelle-Zélande ?,Maori,Vikings,Polynésiens,Samoans,Géographie,easy,Open Trivia DB
"Parmi ces pays africains, lesquels ont l'espagnol comme langue officielle ?",Guinée équatoriale,Guinée,Cameroun,Angola,Géographie,easy,Open Trivia DB
Quel signe du zodiaque est représenté par le Crabe ?,Cancer,Balance,Vierge,Sagittaire,Connaissances générales,easy,Open Trivia DB
« The Potato Sack » était une compilation de jeux indépendants sortie sur Steam en 2011 pour promouvoir quel jeu ?,Portail 2,Left 4 Dead 2,Half-Life 3,Dota 2,Divertissement : Jeux vidéo,easy,Open Trivia DB
"Dans Portal 2, comment le PDG d'Aperture Science, Cave Johnson, est-il vraisemblablement mort ?",Empoisonnement par les roches lunaires,Envoi accidentel d'un portail vers la Lune,J'ai glissé sous la douche,Intoxication à l'amiante,Divertissement : Jeux vidéo,easy,Open Trivia DB
Quel est le poids atomique standard d'un noyau de plutonium ?,244,94,481,128,Science et nature,easy,Open Trivia DB
Quel ancien président américain a été surnommé « Teddy » après avoir refusé de tirer sur un ours noir sans défense ?,Théodore Roosevelt,Woodrow Wilson,James F. Fielder,Andrew Jackson,Politique,easy,Open Trivia DB
Laquelle de ces fêtes n'est généralement PAS célébrée au mois de décembre ?,Action de grâces,Noël,Kwanzaa,Hanoukka,Connaissances générales,easy,Open Trivia DB
Quel jeu télévisé de Nickelodeon mettait en scène une maison que les candidats devaient fouiller pour y trouver des objets cachés ?,"Trouvé, c'est gardé",Double défi,Nickelodeon Guts,Nick Arcade,Divertissement : Télévision,easy,Open Trivia DB
Quand a commencé la bataille de la Somme ?,1er juillet 1916,1er août 1916,2 juillet 1916,30 juin 1916,Histoire,easy,Open Trivia DB
Kanye West a interrompu quelle célébrité lors des MTV Video Music Awards de 2009 ?,Taylor Swift,MF DOOM,Beyoncé,Beck,Divertissement : Musique,easy,Open Trivia DB
Sous quel nom Ramon Estevez est-il plus connu ?,Martin Sheen,Charlie Sheen,Ramon Sheen,Emilio Estevez,célébrités,easy,Open Trivia DB
Quelle est la ville polonaise connue des Allemands sous le nom de Dantzig ?,Gdańsk,Varsovie,Zakopane,Poznań,Géographie,easy,Open Trivia DB
Quel pays a accueilli la Coupe du Monde de la FIFA 2018 ?,Russie,Allemagne,États-Unis,Arabie Saoudite,Sportif,easy,Open Trivia DB
Quel candidat a remporté l'élection présidentielle américaine de 2012 ?,Barack Obama,Mitt Romney,Bob Hope,Ross Perot,Politique,easy,Open Trivia DB
Quel était le nom du premier épisode de Doctor Who diffusé en 1963 ?,Un enfant surnaturel,Les Daleks,Les Aztèques,Le bord de la destruction,Divertissement : Télévision,easy,Open Trivia DB
Le système de numération à base 16 est plus communément appelé,Hexidécimal,Binaire,Duodécimal,Octal,Sciences : Informatique,easy,Open Trivia DB
Qui a écrit et réalisé le film « Platoon » de 1986 ?,Oliver Stone,Francis Ford Coppola,Stanley Kubrick,Michael Cimino,Divertissement : Film,easy,Open Trivia DB
Que signifie « MP » dans MP3 ?,Image animée,Lecteur de musique,Passage multiple,Micro Point,Sciences : Informatique,easy,Open Trivia DB
Gwyneth Paltrow a une fille qui s'appelle...?,Pomme,Lis,Français,Dakota,célébrités,easy,Open Trivia DB
"Dans Pokémon, le talent Garde Mystique est exclusif à quel Pokémon ?",Shedinja,Sableye,Spiritomb,Silvally,Divertissement : Jeux vidéo,easy,Open Trivia DB
Quelles sont les pièces cylindriques qui montent et descendent à l'intérieur du moteur ?,Pistons,Ressorts à lames,Radiateurs,ABS,Véhicules,easy,Open Trivia DB
"Quand quelqu'un est lâche, on dit qu'il a le ventre de quelle couleur ?",Jaune,Vert,Rouge,Bleu,Connaissances générales,easy,Open Trivia DB
Dans quelle chaîne de restauration rapide peut-on commander un Jamocha Shake ?,Arby's,McDonald's,Burger King,Wendy's,Connaissances générales,easy,Open Trivia DB
Qui a peint la Joconde ?,Léonard de Vinci,Pablo Picasso,Claude Monet,Vincent van Gogh,Art,easy,Open Trivia DB
Les antibiotiques sont généralement pris pour combattre quoi ?,Infections bactériennes,Virus,Migraines,Douleurs musculaires,Connaissances générales,easy,Open Trivia DB
Quel est le nom du chien à trois têtes dans Harry Potter à l'école des sorciers ?,Duveteux,Pointe,Efféminé,Place,Divertissement : Livres,easy,Open Trivia DB
"Quel est le plus grand pays, en superficie, qui n'a qu'un seul fuseau horaire ?",Chine,Canada,Inde,Russie,Géographie,easy,Open Trivia DB
Pour laquelle de ces équipes Jaromir Jagr n'a-t-il pas joué ?,Les Islanders de New York,Flames de Calgary,Diables du New Jersey,Stars de Dallas,Sportif,easy,Open Trivia DB
De quel boys band des années 90 Justin Timberlake était-il membre ?,*NSYNC,Les Backstreet Boys,Westlife,Boyzone,Divertissement : Musique,easy,Open Trivia DB
La glace sèche est la forme solide de quelle substance ?,dioxyde de carbone,Azote,Ammoniac,Oxygène,Science et nature,easy,Open Trivia DB
Quel membre de la Velvet Room n'est pas un personnage jouable dans Persona 4 Arena Ultimax ?,Théodore,Élisabeth,Margaret,Marie,Divertissement : Jeux vidéo,easy,Open Trivia DB
Quel est le nom de l'épouse de Rivers Cuomo ?,Kyoko Ito,Yoko Ono,Kyary Pamyu Pamyu,LiSA,Divertissement : Musique,easy,Open Trivia DB
"Dans « World of Warcraft », lequel des éléments suivants peut-on trouver en dehors de chaque donjon instancié ?",Pierre de rencontre,Une pierre d'invocation,Une pierre de rassemblement,Une pierre de foyer,Divertissement : Jeux vidéo,easy,Open Trivia DB
"Dans ""Homestuck"", qui est le tuteur de Dave Strider ?",Frère,Becquerel,Doc Scratch,Halley,Divertissement : Bandes dessinées,easy,Open Trivia DB
Qui est le fondateur de la société fictive « Mann Co » de Team Fortress 2 ?,Zepheniah Mann,Cave Johnson,Wallace Breem,Saxton Hale,Divertissement : Jeux vidéo,easy,Open Trivia DB
Sur quel continent se situe la cordillère des Andes ?,Amérique du Sud,Europe,Asie,Afrique,Géographie,easy,Open Trivia DB
"Dans la première saison de la série politique dramatique de Netflix « House of Cards », quel poste gouvernemental occupe Frank Underwood ?",chef de la majorité à la Chambre,procureur général,Président,chef d'état-major,Divertissement : Télévision,easy,Open Trivia DB
Quelle entreprise est propriétaire d'Outlook ?,Microsoft,Google,Pomme,Yahoo,Connaissances générales,easy,Open Trivia DB
Quelle est généralement considérée comme la plus ancienne civilisation connue de l'humanité ?,Sumérie,Babylone,Assyrie,Phénicie,Histoire,easy,Open Trivia DB
Qui a incarné le général Aladeen dans Le Dictateur ?,Sacha Baron Cohen,Johnny Depp,James Franco,Leonardo DiCaprio,Connaissances générales,easy,Open Trivia DB
Lequel de ces chars a été conçu et utilisé par le Royaume-Uni ?,Tog II,M4 Sherman,Tigre H1,T-34,Histoire,easy,Open Trivia DB
La rhinoplastie est une intervention chirurgicale pratiquée sur quelle partie du corps humain ?,Nez,Oreilles,Menton,Cou,Science et nature,easy,Open Trivia DB
"On sait que les serpents et les lézards font claquer leur langue, à quoi sert ce comportement ?",Capturer les particules odorantes,Goûtez l'air doux,Menacer d'autres espèces,Attirer les femelles,Animaux,easy,Open Trivia DB
Quel est l'élément le plus abondant dans l'univers ?,Hydrogène,Hélium,Lithium,Oxygène,Science et nature,easy,Open Trivia DB
Le moteur LS7 a une cylindrée de combien de pouces cubes ?,427,346,364,376,Véhicules,easy,Open Trivia DB
Lequel des os suivants ne fait pas partie de la jambe ?,Rayon,Rotule,Tibia,Fibule,Science et nature,easy,Open Trivia DB
Quel tableau n'est pas de Vincent Van Gogh ?,La Neuvième Vague,Terrasse du café le soir,Chambre à Arles,Nuit étoilée,Art,easy,Open Trivia DB
"Dans le jeu vidéo « Team Fortress 2 », quelle classe est capable d'effectuer un double saut ?",Scout,Espionner,Ingénieur,Pyro,Divertissement : Jeux vidéo,easy,Open Trivia DB
Quelle chanson de l'album « Random Access Memories » de Daft Punk inclut une apparition de Pharrell Williams ?,Avoir de la chance,Faire les choses correctement,Instant Crush,Le jeu de l'amour,Divertissement : Musique,easy,Open Trivia DB
Quelle était la réplique culte de Bruce Campbell après avoir reçu une tronçonneuse à la main dans Evil Dead 2 ?,Génial.,Génial.,Parfait.,Bon.,Divertissement : Film,easy,Open Trivia DB
"En 2013, la pop star virtuelle Hatsune Miku avait un partenariat avec quelle chaîne de pizzerias ?",Domino's,Papa John's,Pizza Hut,Sabarro,Divertissement : Anime et manga japonais,easy,Open Trivia DB
Lequel des membres suivants du Conseil des Quatre de la 6e génération de Pokémon faisait partie de la Team Flare ?,Malva,Siebold,Wikstrom,Drasna,Divertissement : Jeux vidéo,easy,Open Trivia DB
La Ligue des champions de l'UEFA est une compétition annuelle de football interclubs qui met en scène des clubs de quel continent ?,Europe,Amérique du Sud,Afrique,Asie,Sportif,easy,Open Trivia DB
"Quelle famille de dessin animé vit au 742 Evergreen Terrace, à Springfield, aux États-Unis ?",Les Simpson,Les collines,Les Pierrafeu,Les Griffons,Divertissement : Dessins animés et animation,easy,Open Trivia DB
Quel guitariste anglais est surnommé « Slowhand » ?,Éric Clapton,Mark Knopfler,Jeff Beck,Jimmy Page,Divertissement : Musique,easy,Open Trivia DB
Quelle est la capitale de la Finlande ?,Helsinki,Jabraltar,Macédoine,Oslo,Géographie,easy,Open Trivia DB
En quelle année le jeu « Overwatch » est-il entré en bêta fermée ?,2015,2013,2011,2016,Divertissement : Jeux vidéo,easy,Open Trivia DB
Quel film de James Bond a vu sa chanson thème écrite et interprétée par l'auteure-compositrice-interprète anglaise Adele ?,Skyfall,Casino Royale,Réconfort quantique,Spectre,Divertissement : Film,easy,Open Trivia DB
"Quel est le métier de Maye Musk, la mère d'Elon Musk ?",Modèle,Professeur,Biologiste,Musicien,Connaissances générales,easy,Open Trivia DB
En quelle année la Première Guerre mondiale a-t-elle commencé ?,1914,1905,1919,1925,Histoire,easy,Open Trivia DB
Quel est le surnom de l'État américain du Delaware ?,Le premier État,Le cinquantième État,Le deuxième État,Le seizième État,Géographie,easy,Open Trivia DB
"Qui, dans Pulp Fiction, dit : « Non, là-bas ils utilisent le système métrique, ils ne sauraient pas ce qu'est un Quarter Pounder. »",Vincent Vega,Jules Winnfield,Jimmie Dimmick,Butch Coolidge,Divertissement : Film,easy,Open Trivia DB
Quel langage de programmation partage son nom avec une île d'Indonésie ?,Java,Python,C,Jakarta,Sciences : Informatique,easy,Open Trivia DB
Avec lequel de ces artistes Lil A a-t-il collaboré ?,Petit Fortnite,Lil Pump,Boonk Gang,6ix9ine,Divertissement : Musique,easy,Open Trivia DB
Laquelle de ces races de Starbound possède une culture du Far West ?,Novakid,Oiseau,Humain,Hylotl,Divertissement : Jeux vidéo,easy,Open Trivia DB
Le foie gras est une spécialité française généralement préparée à partir de quelle partie du canard ou de l'oie ?,Foie,Cœur,Estomac,Intestins,Connaissances générales,easy,Open Trivia DB
"Dans la série télévisée « The Walking Dead » d'AMC, comment appelle-t-on les « zombies » ?",Marcheurs,Rampantes,asticots,Cochons de l'enfer,Divertissement : Télévision,easy,Open Trivia DB
Dans lequel de ces films Jeff Bridges n'a-t-il pas joué ?,Les Huit Salopards,Tron : L'Héritage,Le Passeur,Vrai courage,Divertissement : Film,easy,Open Trivia DB
Quel bonbon n'est PAS fabriqué par Mars ?,Almond Joy,M&M's,Twix,Snickers,Connaissances générales,easy,Open Trivia DB
Quel est le nom de l'homme sauvage avec lequel Gilgamesh se lie d'amitié et vit des aventures ?,Enkidu,Ishtar,Inanna,Agga,Mythologie,medium,Open Trivia DB
Quel film Avatar de James Cameron a-t-il détrôné en tant que film le plus rentable de tous les temps ?,Titanesque,Star Wars,Autant en emporte le vent,Mâchoires,Divertissement : Film,medium,Open Trivia DB
Quand le premier mammifère a-t-il été cloné avec succès ?,1996,2009,1999,1985,Science et nature,medium,Open Trivia DB
Où se déroule l'histoire de « Ça » de Stephen King ?,"Derry, Maine","Rockford, Illinois","Innsmouth, Massachusetts","Kingsland, Texas",Divertissement : Livres,medium,Open Trivia DB
"Dans le jeu Tom Clancy's Rainbow Six Siege, de quelle organisation est issue Valkyrie ?",Navy Seals,S.A.S,G.I.G.N,FBI,Divertissement : Jeux vidéo,medium,Open Trivia DB
Qui était la mascotte de SEGA avant « Sonic le Hérisson » ?,Alex Kidd,Opa Opa,Nuits,Ristar,Divertissement : Jeux vidéo,medium,Open Trivia DB
"Quelle est l'entreprise maléfique dans ""Stardew Valley"" ?",Joja Co,Ronin,Empire,Robotnik Industry,Divertissement : Jeux vidéo,medium,Open Trivia DB
Quel album de Coldplay a remporté le Grammy du meilleur album rock lors des Grammy Awards de 2009 ?,Viva La Vida ou la Mort et tous ses amis,Une montée de sang à la tête,X&Y,Mylo Xyloto,Divertissement : Musique,medium,Open Trivia DB
"Quelle couleur ne peut être obtenue chez les roses, même par modification génétique ?",Bleu,Noir,Orange,Brun,Science et nature,medium,Open Trivia DB
Laquelle de ces cartes n'est PAS le nom d'une carte jouable dans PUBG : Battlegrounds ?,Orénoque,Miramar,Sanhok,Vikendi,Divertissement : Jeux vidéo,medium,Open Trivia DB
"En programmation, l'opérateur ternaire est généralement défini par quel(s) symbole(s) ?",?:,??,si alors,?,Sciences : Informatique,medium,Open Trivia DB
"Dans Splatoon, à quel âge les Inklings peuvent-ils librement alterner entre leur forme de calamar et leur forme humanoïde ?",14,13,16,10,Divertissement : Jeux vidéo,medium,Open Trivia DB
Quel est le nom du thème par défaut installé avec Windows XP ?,Luna,Neptune,Whistler,Bonheur,Sciences : Informatique,medium,Open Trivia DB
Quelle est la signature rythmique la plus courante pour les chansons rock ?,4/4,1/2,8/12,2/4,Divertissement : Musique,medium,Open Trivia DB
Quel a été le premier single de Britney Spears ?,...Bébé une fois de plus,Oups !... Je l'ai refait !,(Tu me rends) fou,Toxique,Divertissement : Musique,medium,Open Trivia DB
"Dans ""Overwatch"", ""Coalescence"" est le nom de la capacité ultime de quel héros ?",Moira,Zenyatta,Torbjörn,Symmetra,Divertissement : Jeux vidéo,medium,Open Trivia DB
Quel est le mot suédois pour « fenêtre » ?,Fönster,Hål,Skärm,Route,Connaissances générales,medium,Open Trivia DB
Quelle équipe de football a remporté la Copa América Centenario 2016 ?,Chili,Argentine,Brésil,Colombie,Sportif,medium,Open Trivia DB
"Le succès de Swamp Thing, Sandman et d'autres titres de DC Comics dans un style similaire a conduit à la création de quelle nouvelle maison d'édition en 1993 ?",Vertige,Impact,Nouvel Univers,Cercle rouge,Divertissement : Bandes dessinées,medium,Open Trivia DB
"Quel est le véritable nom du « Maître du magnétisme », Magnéto ?",Max Eisenhardt,Charles Xavier,Pietro Maximoff,Johann Schmidt,Divertissement : Bandes dessinées,medium,Open Trivia DB
"En programmation, comment appelle-t-on des fonctions qui portent le même nom mais qui ont des implémentations différentes ?",Surcharge,Primordial,Résumé,Héritage,Sciences : Informatique,medium,Open Trivia DB
Laquelle de ces fonctionnalités a été ajoutée au jeu « Heretic » de 1994 que le « DOOM » original n'avait pas pu intégrer en raison de limitations techniques ?,En regardant vers le haut et vers le bas,Des pièces plus grandes,Armes illimitées,Textures très détaillées,Divertissement : Jeux vidéo,medium,Open Trivia DB
De quoi sont faits les ongles humains ?,Kératine,Os,Chitine,Calcium,Science et nature,medium,Open Trivia DB
"Dee, de la série « It's Always Sunny in Philadelphia », est sortie avec tous les garçons suivants, sauf un.",Matthew « Rickety Cricket » Mara,Colin le voleur,Ben le Soldat,Kevin Gallagher alias Lil' Kevin,Divertissement : Télévision,medium,Open Trivia DB
Quelle chanson de Queen a été reprise par Brittany Murphy dans le film « Happy Feet » de 2006 ?,Quelqu'un à aimer,Sous pression,Éclair,Bohemian Rhapsody,Divertissement : Musique,medium,Open Trivia DB
"Quel est le nom complet de Meg dans ""Family Guy"" ?",Megatron Griffin,"Griffin, qui s'en soucie ?",Neil Griffin,Megan Griffin,Divertissement : Télévision,medium,Open Trivia DB
"Parmi les avions de ligne suivants, lequel est le plus long ?",Boeing 747-8,Airbus A350-1000,Airbus A330-200,Boeing 787-10,Véhicules,medium,Open Trivia DB
En quelle année le groupe « Caravan Palace » a-t-il sorti son premier album ?,2008,2000,2015,2004,Divertissement : Musique,medium,Open Trivia DB
"Quel était le premier pack d'armes pour ""PAYDAY 2"" ?",Le pack d'armes Gage n° 1,Le pack Overkill,Le pack de chevalerie de Gage,Le pack historique de Gage,Divertissement : Jeux vidéo,medium,Open Trivia DB
Quelle personnalité du monde de la boxe figurait parmi les présentateurs de la reprise de l'émission « It's a Knockout » en 1999 ?,Frank Bruno,Henry Cooper,Muhammad Ali,Joe Fraiser,Divertissement : Télévision,medium,Open Trivia DB
"Dans Left 4 Dead, quelle campagne voit les protagonistes traverser un métro pour atteindre un hôpital en vue d'une évacuation ?",Aucune pitié,Subway Sprint,Chaos hospitalier,Récolte de sang,Divertissement : Jeux vidéo,medium,Open Trivia DB
Sur quel continent se trouve le Lesotho ?,Afrique,Asie,Amérique du Sud,Europe,Géographie,medium,Open Trivia DB
Les murs de l'arène de Doublonville dans « Pokémon Or et Argent » sont agencés en forme de quel Pokémon ?,Clefairy,Bulbizarre,Pikachu,Roucool,Divertissement : Jeux vidéo,medium,Open Trivia DB
"Dans Portal, de quelle couleur est le Noyau de Moralité ?",Violet,Rouge,Jaune,Bleu,Divertissement : Jeux vidéo,medium,Open Trivia DB
De quel pays Shirley Bassey était-elle originaire ?,Pays de Galles,Amérique,Angleterre,Canada,Divertissement : Musique,medium,Open Trivia DB
Le dieu nordique Odin possède deux corbeaux apprivoisés nommés « Huginn » et « Muninn ». Que signifient leurs noms ?,Pensée et mémoire,Pouvoir et paix,Guerre et apprentissage,Sommeil et éveil,Mythologie,medium,Open Trivia DB
Laquelle des œuvres suivantes n'est pas de Fiodor Dostoïevski ?,Anna Karénine,Notes du métro,Crime et châtiment,Les Frères Karamazov,Divertissement : Livres,medium,Open Trivia DB
« Megalovania » de Toby Fox a été utilisée pour la première fois où ?,Le hack d'Halloween de Radiation Earthbound,Homestuck : [S] Wake,Undertale,Mère : Dissonance cognitive,Divertissement : Jeux vidéo,medium,Open Trivia DB
Laquelle de ces factions n'est PAS présente dans le jeu Counter-Strike : Global Offensive ?,BOPE,GSG-9,Équipe d'élite,Phoenix Connexion,Divertissement : Jeux vidéo,medium,Open Trivia DB
Qui est le chanteur du groupe Muse ?,Matt Bellamy,Dominic Howard,Thom Yorke,Jonny Greenwood,Divertissement : Musique,medium,Open Trivia DB
Quel film a servi d'épisode pilote pour l'émission « Mystery Science Theater 3000 » diffusée sur KTMA ?,La boue verte,Le robot contre la momie aztèque,L'œil rampant,Plan 9 From Outer Space,Divertissement : Télévision,medium,Open Trivia DB
"Dans le jeu de société Jackbox Monster Seeking Monster, quel monstre peut voler deux cœurs à d'autres monstres sous certaines conditions ?",tueur en série,Parasite,Harceleur,Miroir magique,Divertissement : Jeux vidéo,medium,Open Trivia DB
Quel était le nom de l'arme chimique larguée sur le Vietnam pendant la guerre du Vietnam ?,Agent Orange,Phosgène,Gaz moutarde,Cyanure d'hydrogène,Histoire,medium,Open Trivia DB
Où se situe le mur d'Hadrien ?,"Carlisle, Angleterre","Rome, Italie","Alexandrie, Égypte","Dublin, Irlande",Géographie,medium,Open Trivia DB
Qui était la vedette de la série télévisée « 24 » ?,Kiefer Sutherland,Kevin Bacon,Hugh Laurie,Rob Lowe,Divertissement : Télévision,medium,Open Trivia DB
"Quel était le nom du singe de compagnie de Ross dans ""Friends"" ?",Marcel,Jojo,George,Champ,Divertissement : Télévision,medium,Open Trivia DB
D'où est né le personnage du Sniper dans Team Fortress 2 ?,Nouvelle-Zélande,Afrique du Sud,Antarctique,Australie,Divertissement : Jeux vidéo,medium,Open Trivia DB
Quelle société a créé le jeu de rôle japonais « Dragon Quest » ?,Square Enix,Capcom,Konami,Blizzard,Divertissement : Jeux vidéo,medium,Open Trivia DB
Qui était le 40e président des États-Unis ?,Ronald Reagan,Jimmy Carter,Bill Clinton,Richard Nixon,Politique,medium,Open Trivia DB
En quelle année Guillaume le Conquérant a-t-il pris le contrôle de l'Angleterre ?,1066,1123,1205,901,Histoire,medium,Open Trivia DB
Quel est le véritable nom complet de Captain America ?,Steven Grant Rogers,Steven John Rogers,Steven Peggy Rogers,Steven William Rogers,Divertissement : Bandes dessinées,medium,Open Trivia DB
"Dans la série « S.T.A.L.K.E.R. », lequel de ces objets ne peut pas être utilisé pour réduire le niveau de radiation accumulé par le joueur ?",Radioprotecteur,Antirad,Trousse de secours,Vodka,Divertissement : Jeux vidéo,medium,Open Trivia DB
"Avant 2011, « True Capitalist Radio » portait un autre nom. Quel était-il ?",Radio True Conservative,Radio républicaine authentique,Radio capitaliste texane,Capitalistes unis,Politique,medium,Open Trivia DB
Combien de livres comptent les Éléments de géométrie d'Euclide ?,13,8,10,17,Sciences : Mathématiques,medium,Open Trivia DB
Quel élément utilise le Zinogre dans Monster Hunter ?,Tonnerre,Glace,Feu,Eau,Divertissement : Jeux vidéo,medium,Open Trivia DB
"Dans la mythologie africaine, Anansi est un farceur et un conteur qui prend la forme de quel animal ?",Araignée,chien sauvage,Singe,Crocodile,Mythologie,medium,Open Trivia DB
Quel pays a connu une « révolution orange » entre 2004 et 2005 ?,Ukraine,Biélorussie,Lettonie,Lituanie,Histoire,medium,Open Trivia DB
"Dans quel film des Muppets Ed Koch, le maire de New York en 1984, a-t-il joué son propre rôle ?",Les Muppets à Manhattan,La Grande Aventure des Muppets,Le Noël des Muppets,Le film des Muppets,Divertissement : Film,medium,Open Trivia DB
Quand Elvis Presley est-il né ?,8 janvier 1935,13 décembre 1931,18 juillet 1940,17 avril 1938,célébrités,medium,Open Trivia DB
Bob et Mike Bryan étaient des frères célèbres dans quel sport ?,Tennis,Basket-ball,Football,Base-ball,Connaissances générales,medium,Open Trivia DB
Lequel de ces John a été assassiné par balles devant le Dakota à New York en 1980 ?,John Lennon,Johnny Thunders,John Denver,John Cascella,Divertissement : Musique,medium,Open Trivia DB
"Dans « The Binding of Isaac », quel est le nom du boss final que l'on affronte dans le Vide ?",Délire,Méga Satan,Faire taire,L'agneau,Divertissement : Jeux vidéo,medium,Open Trivia DB
Laquelle de ces comédies musicales a remporté le Tony Award de la meilleure comédie musicale ?,Louer,La couleur violette,L'idiot américain,vendeurs de journaux,Divertissement : Comédies musicales et théâtres,medium,Open Trivia DB
Sous quel nom Final Fantasy VI est-il sorti initialement en dehors du Japon ?,Final Fantasy III,Final Fantasy VI,Final Fantasy V,Final Fantasy II,Divertissement : Jeux vidéo,medium,Open Trivia DB
Lequel de ces pays n'est pas écrit dans sa langue d'origine ?,Slovaque,Finlande,Suisse,Elláda,Géographie,medium,Open Trivia DB
Quel personnage ne fait PAS partie de la série Grand Theft Auto ?,Michael Cardenas,Packie McReary,Tommy Vercetti,Lester Crest,Divertissement : Jeux vidéo,medium,Open Trivia DB
Quel pays est mis en avant dans Ace Combat 5 : The Unsung War ?,Osea,Aurélia,Australie,Japon,Divertissement : Jeux vidéo,medium,Open Trivia DB
Qui a prêté sa voix au personnage de Draco dans le film « Cœur de dragon » de 1996 ?,Sean Connery,Dennis Quaid,Pete Postlethwaite,Brian Thompson,Divertissement : Film,medium,Open Trivia DB
Lequel de ces éléments ne fait PAS partie de la structure d'un neurone typique ?,Îlots de Langerhans,Nœud de Ranvier,Cellule de Schwann,gaine de myéline,Science et nature,medium,Open Trivia DB
Dans quel jeu le code Konami est-il apparu pour la première fois ?,Gradius,Contra,Castlevania,Dance Dance Revolution,Divertissement : Jeux vidéo,medium,Open Trivia DB
Quel artiste a composé la bande originale officielle de « Hunger Games : La Révolte - Partie 1 » ?,Seigneur,Kanye West,Tove Lo,Charli XCX,Divertissement : Musique,medium,Open Trivia DB
À quel genre appartient le jeu controversé de 2015 « Hatred » ?,Tirez-les,Pointer et cliquer,MMORPG,Simulation,Divertissement : Jeux vidéo,medium,Open Trivia DB
Quel est le vrai nom du rappeur américain Pitbull ?,Armando Christian Pérez,Ramón Luis Ayala Rodríguez,Benito Antonio Martínez Ocasio,Belcalis Marlenis Almánzar,Divertissement : Musique,medium,Open Trivia DB
"Dans la série télévisée « Lazy Town », qui est l'acteur qui interprète Robbie Rotten ?",Stefán Stefánsson,Adam Sandler,Magnús Scheving,Stephen Carl,Divertissement : Télévision,medium,Open Trivia DB
"Quel album du rappeur américain Kanye West contenait des chansons telles que « Love Lockdown », « Paranoid » et « Heartless » ?",808s et chagrin d'amour,Inscription tardive,La vie de Pablo,Graduation,Divertissement : Musique,medium,Open Trivia DB
Quel est le seul président à ne pas avoir été en fonction à Washington D.C. ?,George Washington,Abraham Lincoln,Richard Nixon,Thomas Jefferson,Politique,medium,Open Trivia DB
Quand l'éditeur de jeux vidéo « Ubisoft » a-t-il été fondé ?,Mars 1986,Avril 1990,Juin 2001,Août 1956,Divertissement : Jeux vidéo,medium,Open Trivia DB
"Dans la série Community diffusée sur NBC, quel était le vrai nom de Star Burns ?",Alex,Todd,Néal,Grimus,Divertissement : Télévision,medium,Open Trivia DB
"Dans une distribution normale, 95 % des données se situent à combien d'écarts types de la moyenne ?",2,1,3,4,Sciences : Mathématiques,medium,Open Trivia DB
Ce domaine est parfois surnommé « la science lugubre ».,Économie,Philosophie,Politique,Physique,Connaissances générales,medium,Open Trivia DB
"Tous les éléments métalliques suivants sont liquides à température ambiante ou à une température proche de celle-ci, SAUF :",Béryllium,Gallium,Césium,Mercure,Science et nature,medium,Open Trivia DB
Où se situe la zone communément appelée le Triangle des Bermudes ?,"Océan Atlantique Nord, entre la Floride et Porto Rico","Océan Pacifique Nord, entre le Japon et les États-Unis",Dans la mer des Caraïbes,"Océan Pacifique Sud, au large du Chili",Géographie,medium,Open Trivia DB
Quelle entreprise a développé l'Hololens ?,Microsoft,HTC,Oculus,Tobii,Science : Gadgets,medium,Open Trivia DB
Quel pays a l'abréviation « CH » ?,Suisse,Chine,Canada,Aucun pays,Géographie,medium,Open Trivia DB
Quel monarque britannique était également connu sous le nom de « Guillaume d'Orange » ?,Guillaume III,Guillaume Ier,Guillaume II,Guillaume IV,Histoire,medium,Open Trivia DB
Dans quel musée londonien se trouve une statue de Charles Darwin ?,Musée d'histoire naturelle,Tate,Musée britannique,Musée des sciences,Connaissances générales,medium,Open Trivia DB
La Principauté de Sealand est une micronation non reconnue située au large des côtes de quel pays ?,Le Royaume-Uni,Japon,Australie,Argentine,Géographie,medium,Open Trivia DB
Quel est le vrai nom du rappeur Drake ?,Aubrey Graham,Shaun Carter,Dwayne Carter,André Young,Divertissement : Musique,medium,Open Trivia DB
Les conflits du XVe siècle entre les maisons d'York et de Lancastre sont connus sous le nom de guerres de quoi ?,La guerre des Deux-Roses,Guerres des Lys,Guerres des jonquilles,La guerre des tulipes,Histoire,medium,Open Trivia DB
Quel est le signe astrologique d'une personne née le jour de la Saint-Valentin ?,Verseau,Poissons,Capricorne,Scorpion,Connaissances générales,medium,Open Trivia DB
Quelle est généralement considérée comme la date de naissance de William Shakespeare ?,23 avril 1564,4 juillet 1409,29 septembre 1699,1er décembre 1750,célébrités,medium,Open Trivia DB
Quelle est la capitale de la Slovénie ?,Ljubljana,Maribor,Velenje,Trbovlje,Géographie,medium,Open Trivia DB
"Le vers éponyme des Who, « Teenage Wasteland », apparaît dans laquelle de leurs chansons ?",Baba O'Riley,Le Chercheur,Je ne me laisserai plus avoir.,Pinball Wizard,Divertissement : Musique,medium,Open Trivia DB
"Dans la série Vendredi 13, quel est le prénom de la mère de Jason ?",Pamela,Marie,Christine,Angeline,Divertissement : Film,medium,Open Trivia DB
Quel artiste ou groupe John Lennon considérait-il comme « fils des Beatles » ?,L'orchestre lumineux électrique de Jeff Lynne,Les Rolling Stones,Pink Floyd,L'OMS,Divertissement : Musique,medium,Open Trivia DB
Dans quelle caisse CS:GO le couteau papillon est-il inclus ?,Étui de dépannage,Shadow Case,Étui Vanguard,Esports 2014,Divertissement : Jeux vidéo,medium,Open Trivia DB
Que signifie « LCD » ?,Écran à cristaux liquides,Conception du contrôle du langage,Dernière différence commune,Conception continue longue,Sciences : Informatique,medium,Open Trivia DB
En quelle année est sorti le premier film Transformers ?,1986,2007,1984,2009,Divertissement : Film,medium,Open Trivia DB
"Dans Haikyuu!!, qui n'est pas membre du Karasuno VBC ?",Shigeru Yahaba,Tadashi Yamaguchi,Hisashi Kinoshita,Kazuhito Narita,Divertissement : Anime et manga japonais,medium,Open Trivia DB
"Quel niveau devait faire partie de « Sonic the Hedgehog 2 », mais a été abandonné en cours de développement ?",Zone urbaine du génocide,Zone Stardust Speedway,Zone Sky High,Zone mécanique,Divertissement : Jeux vidéo,medium,Open Trivia DB
Combien d'étoiles faut-il collectionner dans Super Mario 64 ?,120,60,80,100,Divertissement : Jeux vidéo,medium,Open Trivia DB
Quel était le nom de l'album du Wu-Tang Clan que Martin Shkreli a acheté pour 2 millions de dollars ?,Il était une fois à Shaolin,Un avenir meilleur,8 diagrammes,La saga continue,Divertissement : Musique,medium,Open Trivia DB
Quel animal figure sur la couverture de l'album « The Fat of the Land » du groupe de musique électronique anglais The Prodigy ?,Crabe,Renard,Éléphant,Tigre,Divertissement : Musique,medium,Open Trivia DB
Quelle est la capitale du Laos ?,Vientiane,Tarawa,Vaduz,Tegucigalpa,Géographie,medium,Open Trivia DB
Qui est le directeur musical de la comédie musicale primée « Hamilton » ?,Alex Lacamoire,Lin-Manuel Miranda,Renée Elise-Goldberry,Leslie Odom Jr.,Divertissement : Comédies musicales et théâtres,medium,Open Trivia DB
Laquelle des figures suivantes ne fait pas partie des Moires grecques ?,Narcisse,Clotho,Atropos,Lachésis,Mythologie,medium,Open Trivia DB
Dans quel groupe britannique Keith Moon a-t-il joué jusqu'à sa mort en 1978 ?,L'OMS,Les Kinks,Les Yardbirds,Les petits visages,Divertissement : Musique,medium,Open Trivia DB
De quelle société Bethesda a-t-elle racheté la série Fallout ?,Interplay Entertainment,Capcom,Blizzard Entertainment,Nintendo,Divertissement : Jeux vidéo,medium,Open Trivia DB
"À combien de pieds sous le niveau de la mer se trouve le point le plus bas d'Amérique du Nord, dans le bassin de Badwater de la Vallée de la Mort ?",282 pieds,79 pieds,1 640 pieds,12 092 pieds,Connaissances générales,medium,Open Trivia DB
Le livre « Le Petit Prince » a été écrit par...,Antoine de Saint-Exupéry,Miguel de Cervantes Saavedra,Jane Austen,F. Scott Fitzgerald,Divertissement : Livres,medium,Open Trivia DB
Lequel de ces pères fondateurs des États-Unis d'Amérique est devenu président par la suite ?,James Monroe,Alexandre Hamilton,Samuel Adams,Roger Sherman,Histoire,medium,Open Trivia DB
Quel président américain aurait eu la barbe la plus longue ?,Rutherford B. Hayes,Zachary Taylor,John Quincy Adams,James A. Garfield,Politique,medium,Open Trivia DB
Laquelle des universités de l'Ivy League suivantes a sa devise officielle à la fois en hébreu et en latin ?,Université de Yale,Université de Princeton,Université Harvard,Université Columbia,Connaissances générales,medium,Open Trivia DB
Europa Universalis est un jeu vidéo de stratégie basé sur quel jeu de société français ?,Europe universelle,L'Europe et l'Univers,Europe !,Le pouvoir en Europe,Divertissement : Jeux de société,medium,Open Trivia DB
"Dans le jeu de société Les Colons de Catane, quel est le résultat du lancer de dé qui déclenche l'attaque du voleur ?",7,3,10,1,Divertissement : Jeux de société,medium,Open Trivia DB
"Parmi ces quatre bâtiments, lequel est le plus haut, avec une hauteur de 2 717 pieds (828 m) ?","Burj Khalifa, Émirats arabes unis","Tour de Shanghai, Chine","Lotte World Tower, Corée du Sud","Centre financier de Ping An, Chine",Connaissances générales,medium,Open Trivia DB
Quelle comédie musicale a remporté le plus de Tony Awards ?,Les producteurs,Hamilton,Chicago,Le Fantôme de l'Opéra,Divertissement : Comédies musicales et théâtres,medium,Open Trivia DB
"Dans Calvin et Hobbes, quel est le nom du lapin en peluche de Susie ?",Monsieur Bun,M. Bunbun,Monsieur Lapin,Monsieur Hoppy,Divertissement : Bandes dessinées,medium,Open Trivia DB
"Dans la version musicale de La Guerre des mondes de Jeff Wayne, les chances que quoi que ce soit vienne de Mars sont…",Une chance sur un million,Un milliard contre un,Un billion contre un,Cent contre un,Divertissement : Comédies musicales et théâtres,medium,Open Trivia DB
Qui a peint la fresque épique Guernica ?,Pablo Picasso,Francisco Goya,Léonard de Vinci,Henri Matisse,Art,medium,Open Trivia DB
"Qui a chanté les chœurs sur le tube de Rockwell de 1984, « Somebody's Watching Me » ?",Michael Jackson,Paul McCartney,Elton John,Prince,Divertissement : Musique,medium,Open Trivia DB
"Krusty est le chef de quelle guilde dans ""Log Horizon"" ?",D. D. D,Épée d'argent,Brigade du Vent d'Ouest,Systèmes océaniques (Agence maritime),Divertissement : Anime et manga japonais,medium,Open Trivia DB
Quand Tesla a-t-elle été fondée ?,2003,2008,2005,2007,Véhicules,medium,Open Trivia DB
Laquelle des options suivantes ne correspond pas à une couleur de mana dans Magic : The Gathering ?,Jaune,Blanc,Vert,Bleu,Divertissement : Jeux de société,medium,Open Trivia DB
Le syndrome de Down est généralement causé par une copie supplémentaire de quel chromosome ?,21,23,15,24,Science et nature,medium,Open Trivia DB
Laquelle de ces villes n'est pas celle de la série Grand Theft Auto ?,San Andreas,San Fierro,Las Venturas,Vice City,Divertissement : Jeux vidéo,medium,Open Trivia DB
Lequel de ces livres n'a PAS été écrit par l'auteur tchèque Karel Čapek ?,Voyage au centre de la Terre,La guerre contre les tritons,R.U.R. (Rossum's Universal Robots),"Dashenka, ou la vie d'un chiot",Divertissement : Livres,medium,Open Trivia DB
« Le jour où la musique est morte » est un tragique accident d'avion qui a coûté la vie à trois musiciens. Au cours de quelle décennie ?,années 50,années 60,années 70,années 40,Divertissement : Musique,medium,Open Trivia DB
Adolf Hitler est né à quelle date ?,20 avril 1889,12 juin 1889,6 février 1889,16 avril 1889,Histoire,medium,Open Trivia DB
"Dans Divinity: Original Sin 2, quel est le premier compagnon que l'on peut recruter ?",Le Prince Rouge,Fane,Sébille,Bête,Divertissement : Jeux vidéo,medium,Open Trivia DB
"Dans The Elder Scrolls V : Skyrim, qui est le bouffon de la Confrérie noire ?",Cicéron,Lucien Lachance,Archimède,Astrid,Divertissement : Jeux vidéo,medium,Open Trivia DB
Combien de Mudokons peuvent être sauvés dans « Oddworld : New 'N' Tasty » ?,299,301,50,300,Divertissement : Jeux vidéo,medium,Open Trivia DB
Dans quelle émission de télévision Dan Gheesling a-t-il joué ?,Grand frère,Péril,Survivant,Le célibataire,célébrités,medium,Open Trivia DB
Quel a été le premier jeu vidéo produit par la société de développement Rare ?,Slalom,R.C. Pro-Am,Donkey Kong Country,Battletoads,Divertissement : Jeux vidéo,medium,Open Trivia DB
"Dans la série animée RWBY, quel est le nom de l'arme utilisée par Weiss Schnee ?",Myrtenaster,Linceul de Gambol,Crescent Rose,Celica Ember,Divertissement : Dessins animés et animation,medium,Open Trivia DB
Quel est le terme exact désignant l'objet métallique situé entre le processeur et le ventilateur du processeur à l'intérieur d'un système informatique ?,Dissipateur de chaleur,Ventilation du processeur,Détecteur de température,Conduit de chauffage,Sciences : Informatique,medium,Open Trivia DB
Dans quel comté anglais se trouve la ville de Portsmouth ?,Hampshire,Oxfordshire,Buckinghamshire,Surrey,Géographie,medium,Open Trivia DB
Combien d'octets contient un seul kibioctet ?,1024,2400,1000,1240,Sciences : Informatique,medium,Open Trivia DB
Laquelle de ces chansons ne figure PAS sur l'album 21st Century Breakdown de Green Day ?,C'est une rebelle,Connaître son ennemi,¿Viva la Gloria? (Petite fille),Avant la lobotomie,Divertissement : Musique,medium,Open Trivia DB
Quelle est la ville qui abrite le gouvernement des Pays-Bas ?,La Haye,Amsterdam,Utrecht,Rotterdam,Politique,medium,Open Trivia DB
"Lequel de ces personnages n'est pas jouable dans ""Enter The Gungeon"" ?",Le lourd,La balle,Le robot,Le Cultiste,Divertissement : Jeux vidéo,medium,Open Trivia DB
"Dans le jeu Overwatch, lequel des 4 héros suivants est originaire du Brésil ?",Lúcio,Sombra,McCree,Symmetra,Divertissement : Jeux vidéo,medium,Open Trivia DB
Qui a assassiné l'archiduc François-Ferdinand ?,Gavrilo Princip,Nedeljko Čabrinović,Oskar Potiorek,Ferdinand Cohen-Aveugle,Histoire,medium,Open Trivia DB
Quelle chanson du groupe MAN WITH A MISSION a été utilisée comme générique d'ouverture de l'anime « Log Horizon » ?,"""Base de données""","""Impasse à Tokyo""","""Levez votre drapeau""","""Incontrôlable""",Divertissement : Musique,medium,Open Trivia DB
"Quel est le titre du morceau instrumental du groupe The Allman Brothers Band utilisé comme thème de l'émission automobile de la BBC, 'Top Gear' ?",Jessica,Angela,Érica,Sandra,Divertissement : Télévision,medium,Open Trivia DB
Quel personnage des films Winnie l'Ourson a été ajouté par Disney et n'apparaît pas dans les livres originaux ?,Gopher,Tigrou,Heffalumps,Lapin,Divertissement : Film,medium,Open Trivia DB
Laquelle de ces personnes ne fait PAS partie du groupe humoristique Internet Mega64 ?,Jon Jafari,Rocco Botte,Derrick Acosta,Shawn Chatfield,célébrités,medium,Open Trivia DB
Quel nom a été donné à Android 4.3 ?,Dragée,Sucette,Nutella,Froyo,Sciences : Informatique,medium,Open Trivia DB
Comment s'appelle la guitare de Brian May ?,Spécial Rouge,Spécial bleu,Spécial Vert,Spécial jaune,Divertissement : Musique,medium,Open Trivia DB
"Dans le roman « Le Seigneur des Anneaux », combien d'anneaux de pouvoir ont été donnés à la race humaine ?",9,5,11,13,Divertissement : Livres,medium,Open Trivia DB
Quel âge avait Muhammad Ali lorsqu'il est décédé ?,74,61,Il est toujours en vie,56,célébrités,medium,Open Trivia DB
Dans laquelle de ces émissions de télévision le chef Gordon Ramsay n'est-il pas apparu ?,Chasseurs de primes,Les cauchemars en cuisine de Ramsay,Hôtel Hell,Hell's Kitchen,célébrités,medium,Open Trivia DB
Quelle chanson de l'album Black Face LP de ScHoolboy Q met en vedette Kanye West ?,Cette partie,Neva Change,Gros corps,Visage vide,Divertissement : Musique,medium,Open Trivia DB
Qui est le créateur du manga « One Piece » ?,Eiichirō Oda,Yoshihiro Togashi,Hayao Miyazaki,Masashi Kishimoto,Divertissement : Anime et manga japonais,medium,Open Trivia DB
"Dans le jeu vidéo « Kingdom Hearts » de 2002, combien de mondes jouables y avait-il ?",14,13,16,11,Divertissement : Jeux vidéo,medium,Open Trivia DB
"Dans « Breaking Bad », quel personnage principal devait mourir dans la saison 1, mais ne l'a pas fait parce que le créateur de la série appréciait l'acteur ?",Jesse Pinkman,Saul Goodman,Gus Fring,Hank Schrader,Divertissement : Télévision,medium,Open Trivia DB
Qui est le créateur de Geometry Dash ?,Robert Topala,Scott Cawthon,Adam Engels,Andrew Spinks,Divertissement : Jeux vidéo,medium,Open Trivia DB
Dans quel comté anglais se trouve Stonehenge ?,Wiltshire,Somerset,Cumbria,Herefordshire,Géographie,medium,Open Trivia DB
Quel est le nom du thème musical de Ryūko Matoi dans l'anime Kill la Kill ?,Avant que mon corps ne soit sec,Ne vous égarez pas,Jusqu'à ma mort,Suce ton sang,Divertissement : Anime et manga japonais,medium,Open Trivia DB
"Quand L. L. Zamenhof a-t-il publié pour la première fois « Unua Libro », la première publication décrivant sa langue internationale, l'espéranto ?",1887,1897,1905,1915,Histoire,medium,Open Trivia DB
"Dans la mythologie grecque, avec quel animal la reine Pasipahe a-t-elle couché avant de donner naissance au Minotaure ?",Taureau,Cochon,Bœuf,Cheval,Mythologie,medium,Open Trivia DB
La guerre de Corée a commencé en quelle année ?,1950,1945,1960,1912,Histoire,medium,Open Trivia DB
Quel acolyte de Batman est le fils de Talia al Ghul ?,Damian Wayne,Dick Grayson,Tim Drake,Jason Todd,Divertissement : Bandes dessinées,medium,Open Trivia DB
"Dans la mythologie grecque, qui a tué Achille ?",Paris,Hector,Hélène,Périclès,Mythologie,medium,Open Trivia DB
Dans quel comté anglais se trouve l'Université d'East Anglia ?,Norfolk,Suffolk,Essex,Cambridgeshire,Géographie,medium,Open Trivia DB
"Quelle partie d'un moteur automobile utilise des lobes pour ouvrir et fermer les soupapes d'admission et d'échappement, et permet à un mélange air/carburant de pénétrer dans le moteur ?",Arbre à cames,Piston,Arbre de transmission,vilebrequin,Véhicules,medium,Open Trivia DB
Qui était le rival de Firestorm lors de la première diffusion de Robot Wars au Royaume-Uni ?,Crise de panique,Razer,Chaos 2,Disque Hypno,Divertissement : Télévision,medium,Open Trivia DB
"Dans Kingdom Hearts, lequel des personnages suivants ne peut PAS manier une Keyblade ?",Larxène,Xéhanort,Léa,Mickey,Divertissement : Jeux vidéo,medium,Open Trivia DB
Quel pays africain a le portugais comme langue officielle ?,Mozambique,Botswana,Gabon,Aller,Géographie,medium,Open Trivia DB
"Quelle est la capitale de l'État de Washington, aux États-Unis ?",Olympie,Washington D.C.,Seattle,Yukon,Géographie,medium,Open Trivia DB
Bela Lugosi était un acteur hungaro-américain surtout connu pour son rôle principal dans quel film d'horreur de 1931 ?,Comte Dracula,Docteur Frankenstein,loup-garou,La Créature du lac noir,Divertissement : Film,medium,Open Trivia DB
Quel est le grade le plus élevé que l'on puisse obtenir en taekwondo ?,Noir,Blanc,Rouge,Vert,Sportif,medium,Open Trivia DB
"Qui a cofondé la chaîne YouTube de Let's Play « Game Grumps » avec Egoraptor, animateur sur Newgrounds ?",JonTron,Pewdiepie,Tobuscus,Markiplier,Divertissement : Télévision,medium,Open Trivia DB
Lequel de ces pays ne faisait PAS partie de l'Union soviétique ?,Afghanistan,Turkménistan,Kazakhstan,Ouzbékistan,Histoire,medium,Open Trivia DB
Quel ancien président américain a utilisé « Make America Great Again » comme slogan de campagne avant celui de Donald Trump ?,Ronald Reagan,Jimmy Carter,Gerald Ford,Richard Nixon,Politique,medium,Open Trivia DB
"En quelle année se déroule la partie 7 de ""JoJo's Bizarre Adventure"" ?",1890,1888,1999,2003,Divertissement : Anime et manga japonais,medium,Open Trivia DB
"Dans le jeu de stratégie mondiale « Sid Meier's Civilization », un bug de programmation a fait que la représentation de Gandhi par l'IA a fait laquelle des choses suivantes ?",Adoptez une attitude agressive et lancez des frappes nucléaires.,Commencez à parler en allemand,Devenez amical et échangez toute sa richesse.,Lancer des attaques contre ses propres villes et ses propres biens,Divertissement : Jeux vidéo,medium,Open Trivia DB
Quel groupe de rock populaire a un batteur manchot ?,Def Leppard,Les Beatles,Lynyrd Skynyrd,Étranger,Divertissement : Musique,medium,Open Trivia DB
Qu'est-ce qu'un « dakimakura » ?,Un oreiller de corps,"Un repas chinois, essentiellement composé de poisson",Une posture de yoga,Un mot utilisé pour décrire deux personnes qui s'aiment vraiment.,Connaissances générales,medium,Open Trivia DB
Quel constructeur automobile a remporté les 24 Heures du Mans 2016 ?,Porsche,Toyota,Audi,Ferrari,Sportif,medium,Open Trivia DB
"Dans Minecraft, quels types de fichiers audio sont nécessaires pour que les effets sonores personnalisés fonctionnent dans les packs de ressources ?",.ogg,.wav,.mp3,.classe,Divertissement : Jeux vidéo,medium,Open Trivia DB
"Qu'est-ce qui a poussé Jake Lloyd, qui incarnait Anakin Skywalker dans La Menace fantôme, à quitter le métier d'acteur ?",Intimidation,casier judiciaire,Nomination pour le pire acteur,Racisme,célébrités,medium,Open Trivia DB
Quel est le nom de la mère de Cream le lapin dans la série « Sonic le Hérisson » ?,Vanille,Pêche,Fraise,Menthe,Divertissement : Jeux vidéo,medium,Open Trivia DB
Quelle est la représentation alphanumérique du nombre imaginaire ?,je,e,n,x,Sciences : Mathématiques,medium,Open Trivia DB
"Après l'Inde, quel est le deuxième pays qui produit le plus de films par an ?",Nigeria,États-Unis,Chine,France,Divertissement : Film,medium,Open Trivia DB
"Dans la série humoristique « Trailer Park Boys », lequel des personnages suivants s'occupe des chats errants ?",Bulles,Ricky,julien,Excité,Divertissement : Télévision,medium,Open Trivia DB
Quel est le vrai nom de Michael Keaton ?,Michael Douglas,Michael Fox,Michael Richards,Michael Kane,Divertissement : Film,medium,Open Trivia DB
Quel catcheur professionnel a trouvé la mort en tombant des poutres du chapiteau lors d'un événement en direct diffusé en paiement à la séance en 1999 ?,Owen Hart,Chris Benoit,Lex Luger,Al Snow,Sportif,medium,Open Trivia DB
Quel est le nom du navire espion de l'US Navy qui a été attaqué et capturé par les forces nord-coréennes en 1968 ?,USS Pueblo,USS Caroline du Nord,USS Constitution,USS Indianapolis,Histoire,medium,Open Trivia DB
De quelle couleur brillent les yeux des zombies sur la carte « Nuketown » du mode Zombies de « Call of Duty : Black Ops II » ?,Jaune et bleu,Jaune et rouge,Rouge et bleu,Bleu et blanc,Divertissement : Jeux vidéo,medium,Open Trivia DB
Quel système d'exploitation a été commercialisé en premier ?,Mac OS,Windows,Linux,OS/2,Sciences : Informatique,medium,Open Trivia DB
"Parmi ces actrices, laquelle est la plus jeune ?",Kiernan Shipka,Ariel Winter,Emma Watson,Bonnie Wright,célébrités,medium,Open Trivia DB
Quels sont les plus petits vaisseaux sanguins du corps humain ?,Capillaires,Artérioles,Veinules,Système lymphatique,Science et nature,medium,Open Trivia DB
"Dans l'anime « Gintama », quel accessoire/vêtement désigne communément le personnage de Shinpachi ?",Lunettes,Anneau de nez,T-shirt,Sous-vêtement,Divertissement : Anime et manga japonais,medium,Open Trivia DB
"Quel animal figure sur le logo d'Abarth, la division sport automobile de Fiat ?",Scorpion,Serpent,Taureau,Cheval,Véhicules,medium,Open Trivia DB
"Lequel de ces titres n'est PAS celui d'un album du producteur DJ Khaled, basé à Miami ?",Ne vous jouez jamais de vous-même,Tonalité majeure,Souffrir du succès,J'ai beaucoup changé,Divertissement : Musique,medium,Open Trivia DB
Quand est sorti le Virtual Boy de Nintendo ?,1995,1989,1997,1992,Divertissement : Jeux vidéo,medium,Open Trivia DB
Lequel de ces noms n'est PAS celui d'un personnage jouable dans Apex Legends ?,Vipère,Revenant,Crypto,Wattson,Divertissement : Jeux vidéo,medium,Open Trivia DB
Lequel de ces artistes figure sur l'album Deltron 3030 ?,Dan l'Automatiseur,Lamarr Kendrick,Souris dangereuse,CeeLo Green,Divertissement : Musique,medium,Open Trivia DB
"Quel était un autre titre proposé pour le film de 1985, Retour vers le futur ?",L'astronaute de Pluton,Voyageurs du temps de Hill Valley,Les voyageurs du temps,L'homme chanceux,Divertissement : Film,medium,Open Trivia DB
Quel poète a écrit « La Ballade de la geôle de Reading » alors qu'il était emprisonné pour homosexualité ?,Oscar Wilde,Lord Byron,William Blake,Wilfred Owen,Divertissement : Livres,medium,Open Trivia DB
La guerre de Trente Ans s'est terminée par quel traité ?,Paix de Westphalie,Traité de Versailles,Traité de Paris,Paix de Prague,Histoire,medium,Open Trivia DB
"Quel ancien MOBA, créé par Waystone Games et édité par EA, a été fermé en 2014 ?",Porte de l'Aube,Conflit,Ligue des Légendes,Héros de Newerth,Divertissement : Jeux vidéo,medium,Open Trivia DB
"Dans « Call Of Duty : Zombies », quel easter egg de quelle carte vous permettra de débloquer le succès « Le temps nous le dira » ?",Shangri-La,Ascension,Lune,Die Rise,Divertissement : Jeux vidéo,medium,Open Trivia DB
La chanson « Do They Know It's Christmas » de Band Aid a été enregistrée pour sensibiliser le public à quel problème en Éthiopie ?,Famine,violations des droits de l'homme,Pollution,Terrorisme,Divertissement : Musique,medium,Open Trivia DB
Laquelle de ces entreprises ne fabrique PAS d'automobiles ?,Ducati,Nissan,GMC,Décret,Connaissances générales,medium,Open Trivia DB
Sur quelle planète se déroule le jeu Freedom Planet (2014) ?,Avalice,Liberté,Galaxytrail,Shang Mu,Divertissement : Jeux vidéo,medium,Open Trivia DB
"Le roman de George Orwell, « La Ferme des animaux », s'inspire de quel événement historique ?",La montée du communisme et la politique de Staline.,L'essor du Japon impérial et sa domination sur le Pacifique.,La montée du fascisme et l'influence d'Hitler.,Le New Deal de Franklin D. Roosevelt et ses effets sur la Grande Dépression.,Divertissement : Livres,medium,Open Trivia DB
Combien de barres de métal faut-il pour forger une armure de plaques dans le MMORPG « RuneScape » ?,5 barres,3 barres,2 barres,10 barres,Divertissement : Jeux vidéo,medium,Open Trivia DB
Quel est le nom collectif pour les ours ?,Paresseux,Conduite,Tribu,Décortiquer,Animaux,medium,Open Trivia DB
"Dans l'extension Honest Hearts de Fallout : New Vegas, quel est le nom du pistolet .45 personnel de Joshua Graham ?",Une lumière qui brille dans les ténèbres,Requiem,Marie,Récompense des morts,Divertissement : Jeux vidéo,medium,Open Trivia DB
Quel est l'âge de l'univers ?,"13,8 milliards d'années","4,5 milliards d'années","7,9 milliards d'années","16,2 milliards d'années",Science et nature,medium,Open Trivia DB
Qui était un stratège militaire de la période Zhou orientale ?,Sun Tzu,Lu Bu,Gengis Khan,Vlad l'Empaleur,Histoire,medium,Open Trivia DB
"Quel est le plus grand réseau de transport en commun rapide au monde en nombre de stations, avec 472 stations en service ?",Métro de New York,Métro de Shanghai,Métro de Londres,Métro de Berlin,Connaissances générales,medium,Open Trivia DB
"Quel est le nom du protagoniste de l'anime de 2017 ""Land of the Lustrous"" ?",Phosphophyllite,Tourmaline pastèque,Cinabre,Padparadscha,Divertissement : Anime et manga japonais,medium,Open Trivia DB
Où se déroule l'histoire de « The Legend of Zelda : Majora's Mask » ?,Termina,Hyrule,Gysahl,Besaid,Divertissement : Jeux vidéo,medium,Open Trivia DB
Quel Beatle ouvrait la marche sur le passage piéton figurant sur la pochette de l'album Abbey Road ?,John,Paul,George,Ringo,Divertissement : Musique,medium,Open Trivia DB
Pourquoi le « Monstre Vert » du Fenway Park a-t-il été construit à l'origine ?,Pour empêcher d'observer les matchs depuis l'extérieur du parc.,Pour rendre les coups de circuit plus difficiles.,Pour afficher des publicités.,Pour offrir des places assises supplémentaires.,Sportif,medium,Open Trivia DB
"Dans No Man's Sky (depuis la mise à jour Beyond), quelles sont les deux ressources nécessaires pour fabriquer de l'antimatière ?",Carbone condensé et métal chromatique,Carburant de lancement Starship et carbone condensé,Ferrite pure et sodium,Boîtier pour cristal de tempête et antimatière,Divertissement : Jeux vidéo,medium,Open Trivia DB
Quel personnage n'est PAS doublé par la comédienne de doublage Tara Strong ?,Bulles (2016),Étincelle crépusculaire,Timmy Turner,Harley Quinn,Divertissement : Télévision,medium,Open Trivia DB
Que signifiait à l'origine le nom du réseau d'anonymat Tor ?,Le routeur Onion,Le seul routeur,Le routeur orange,Le routeur inquiétant,Sciences : Informatique,medium,Open Trivia DB
Quel nom représente la lettre « M » dans l'alphabet phonétique de l'OTAN ?,Micro,Matthieu,Marque,Max,Connaissances générales,medium,Open Trivia DB
Dans quelle pièce de Shakespeare le personnage de Marcellus dit-il : « Il y a quelque chose de pourri au royaume du Danemark » ?,Hamlet,Macbeth,Le roi Lear,La Nuit des Rois,Divertissement : Comédies musicales et théâtres,medium,Open Trivia DB
En quelle année Pokémon Diamant et Perle est-il sorti au Japon ?,2006,2009,2007,2008,Divertissement : Jeux vidéo,medium,Open Trivia DB
Lequel de ces groupes est le plus ancien ?,Pink Floyd,CA/CC,Metallica,Piments rouges forts,Divertissement : Musique,medium,Open Trivia DB
Sur quel continent se situe l'Angola ?,Afrique,Amérique du Sud,Europe,Asie,Géographie,medium,Open Trivia DB
"Sur quel(s) continent(s) se situe précisément l'Espagne, si l'on considère l'ensemble de son territoire ?",Europe et Afrique,"Europe, Afrique et Asie",Europe,Europe et Asie,Géographie,medium,Open Trivia DB
Quel est le nom du chien qui a joué le rôle de Toto dans le film de 1939 « Le Magicien d'Oz » ?,Terry,Tommy,Teddy,Toto,Divertissement : Film,medium,Open Trivia DB
Qui a été le premier gagnant de Big Brother US à remporter la victoire avec un parcours parfait ?,Dan Gheesling,Ian Terry,Jordan Lloyd,Rachael Reilly,Divertissement : Télévision,medium,Open Trivia DB
Qui prête sa voix à Max Payne dans le jeu « Max Payne » sorti en 2001 ?,James McCaffrey,Lac Sam,Troy Baker,Hideo Kojima,Divertissement : Jeux vidéo,medium,Open Trivia DB
"Dans le film britannique de 1979 « Quadrophenia », quel est le nom de la ville balnéaire que visitent les mods ?",Brighton,Eastbourne,Trou de souris,Bridlington,Divertissement : Film,medium,Open Trivia DB
Qui est le personnage principal de One Piece ?,Luffy,Shanks,Zoro,Fumeur,Divertissement : Anime et manga japonais,medium,Open Trivia DB
Quand est sorti l'album « Purple Rain » de Prince ?,1984,1979,1983,1981,Divertissement : Musique,medium,Open Trivia DB
Quand Nintendo a-t-elle été fondée ?,23 septembre 1889,19 octobre 1891,4 mars 1887,27 décembre 1894,Connaissances générales,medium,Open Trivia DB
Lequel de ces personnages n'apparaît pas dans le jeu « Lethal League » ?,Rex,Changer,Candyman,Sonate,Divertissement : Jeux vidéo,medium,Open Trivia DB
Laquelle des chansons suivantes ne fait PAS partie de la série d'albums SATURATION de BROCKHAMPTON ?,AGNEAU,CANON,MARAIS,BOSSE,Divertissement : Musique,medium,Open Trivia DB
"Quel groupe a connu le succès en 1972 avec les chansons « Baby I'm A Want You », « Everything I Own » et « The Guitar Man » ?",Pain,Amérique,Chicago,Smokey,Divertissement : Musique,medium,Open Trivia DB
Quel était le premier jeu .hack ?,.hack//Infection,.hack//Zéro,.hack//Sign,.hack//Liminalité,Divertissement : Jeux vidéo,medium,Open Trivia DB
Combien de fuseaux horaires compte la Russie ?,11,6,24,16,Géographie,medium,Open Trivia DB
"La médaille Fields, l'une des récompenses les plus convoitées en mathématiques, est décernée tous les combien d'années ?",4,3,5,6,Connaissances générales,medium,Open Trivia DB
"Le jeu d'horreur et de survie de Capcom, Dead Rising, débute canoniquement à quelle date de septembre 2006 ?",19 septembre,21 septembre,30 septembre,14 septembre,Divertissement : Jeux vidéo,medium,Open Trivia DB
"Comment s'appelle cette région qui réunit le Pakistan, l'Inde et la Chine et dont le leadership est inconnu ?",Cachemire,Andorre,Gibraltar,Quin,Géographie,medium,Open Trivia DB
Durant quelle campagne de la guerre de Sécession américaine les troupes de l'Union ont-elles creusé un tunnel sous les troupes confédérées pour y faire exploser des charges ?,Siège de Saint-Pétersbourg,Siège de Vicksburg,Campagne Antietam,Campagne de Gettysburg,Histoire,medium,Open Trivia DB
"Quel est le nom du personnage principal du clip vidéo de ""Shelter"" de Porter Robinson et A-1 Studios ?",Rin,Rem,Ren,Bélier,Divertissement : Musique,medium,Open Trivia DB
"Dans Minecraft, combien d'objets peut-on fondre avec un seul morceau de charbon dans un four ?",8,12,10,6,Divertissement : Jeux vidéo,medium,Open Trivia DB
"Dans ""Overwatch"", quel est le nom complet du héros McCree ?",Jesse McCree,Jack « McCree » Morrison,Gabriel Reyes,Jamison « Deadeye » Fawkes,Divertissement : Jeux vidéo,medium,Open Trivia DB
Quelle chanson n'est pas de TheFatRat ?,Ascension,Monodie,Aubaine,Puissance infinie !,Divertissement : Musique,medium,Open Trivia DB
Quel était le vrai nom de l'actrice Frances Ethel Gumm ?,Judy Garland,Doris Day,Julie Andrews,Marilyn Monroe,célébrités,medium,Open Trivia DB
"Si Elvis Presley était encore vivant, en quelle année aurait-il fêté son centième anniversaire ?",2035,2030,2040,2045,célébrités,medium,Open Trivia DB
Qui est le principal méchant de Kirby's Return to Dreamland ?,Magolor,Landia,Le roi Dedede,Reine Sectonia,Divertissement : Jeux vidéo,medium,Open Trivia DB
En quelle année l'ouverture 1812 de Tchaïkovski a-t-elle été composée ?,1880,1812,1790,1840,Divertissement : Musique,medium,Open Trivia DB
Qui a interprété le tube « Call Me » pour le film « American Gigolo » de 1980 ?,Blondie,Madone,Tina Turner,Janet Jackson,Divertissement : Musique,medium,Open Trivia DB
Lequel des jeux de société suivants est le plus ancien ?,Aller,Échecs,Mahjong,Shogi,Divertissement : Jeux de société,medium,Open Trivia DB
"Quel est le nom de ce poisson animatronique chanteur très populaire, qui interprète des tubes comme « Don't Worry, Be Happy » ?",Bar à grosse gueule,Gros Billy Bass,Poissons chanteurs,Sardaigne,Connaissances générales,medium,Open Trivia DB
"Dans « Pierre et le Loup » de Prokofiev, le loup lui-même est représenté par un trio de quels instruments de musique ?",cor d'harmonie,Hautbois,Clarinette,Violoncelle,Divertissement : Musique,medium,Open Trivia DB
"Dans « Resident Evil 2 », par quel virus William Birkin a-t-il muté ?",Virus G,Virus T,Virus C,Virus E,Divertissement : Jeux vidéo,medium,Open Trivia DB
"Que signifie l'acronyme CPR, la procédure d'urgence permettant de porter secours à une personne victime d'un arrêt cardiaque ?",réanimation cardiopulmonaire,Soulagement de la douleur chronique,Soulagement de la douleur liée au cancer,taux de prévalence contraceptive,Science et nature,medium,Open Trivia DB
"Parmi les jeux de tir spatial suivants, lequel est sorti en premier ?",Envahisseurs de l'espace,Galaxian,Galaga,Sinistar,Divertissement : Jeux vidéo,medium,Open Trivia DB
En quelle année le jeu de cartes Magic : l'Assemblée a-t-il été lancé ?,1993,1987,1998,2003,Divertissement : Jeux de société,medium,Open Trivia DB
"En quelle année la comète de Halley, qui ne réapparaîtra qu'en 2061, s'est-elle approchée de la Terre pour la dernière fois ?",1986,2001,1942,1909,Connaissances générales,medium,Open Trivia DB
Où l'explorateur portugais Ferdinand Magellan a-t-il été tué en 1521 ?,Les Philippines,Îles Canaries,Guam,Argentine,Histoire,medium,Open Trivia DB
"Quel est le nom de la série dérivée de ""Flash"" et ""Arrow"" mettant en scène une équipe de personnages apparus dans les deux séries ?",Légendes de demain,Héros de demain,La Société de justice d'Amérique,La Société de Justice,Divertissement : Télévision,medium,Open Trivia DB
Quels sont les 6 premiers chiffres du nombre « Pi » ?,"3,14159","3,14169","3,12423","3,25812",Sciences : Mathématiques,medium,Open Trivia DB
Lequel de ces jeux n'est pas sorti en 2016 ?,Metal Gear Solid V,La Division de Tom Clancy,Killing Floor 2,Tueur à gages,Divertissement : Jeux vidéo,medium,Open Trivia DB
"Dans l'épisode « Bandersnatch » de Black Mirror, PAC-MAN signifie :",Programmeur et contrôleur,Centre des demandes d'études supérieures,Homme du Comité d'action politique,Classification physique et astronomique de l'homme,Divertissement : Télévision,medium,Open Trivia DB
Quel sport n'est PAS traditionnellement pratiqué pendant le festival mongol Naadam ?,Football américain,Lutte,Tir à l'arc,Courses hippiques,Sportif,medium,Open Trivia DB
Qui a créé la série Final Fantasy développée par Square Enix ?,Hironobu Sakaguchi,Yuji Horii,Akira Toriyama,Tetsuya Nomura,Divertissement : Jeux vidéo,medium,Open Trivia DB
Qui est le chanteur principal des Smashing Pumpkins ?,Billy Corgan,Oignons Brett,Eddie Vedder,Chino Moreno,Divertissement : Musique,medium,Open Trivia DB
Bridgetown est la capitale de quel pays insulaire des Caraïbes ?,Barbade,Cuba,Jamaïque,Dominique,Géographie,medium,Open Trivia DB
"Lors des invasions mongoles du Japon, par quoi les bateaux mongols étaient-ils principalement arrêtés ?",Typhons,tornades,Dépression économique,Samouraï,Histoire,medium,Open Trivia DB
Laquelle des figures mythologiques mésopotamiennes suivantes n'était PAS une divinité ?,Enkidu,Enki,Enlil,Enkimdu,Mythologie,medium,Open Trivia DB
"Quel morceau de ""Massive Attack"" est utilisé comme thème de ""House"" ?",Larme,Protection,Ange,Lait noir,Divertissement : Télévision,medium,Open Trivia DB
"Dans « Bob l'éponge », quel est le nom complet de M. Krabs ?",Eugène H. Krabs,Eugène G. Krabs,Eugène J. Krabs,Eugène D. Krabs,Divertissement : Télévision,medium,Open Trivia DB
Quelle est l'unité monétaire du Laos ?,Kip,Rouble,Konra,Dollar,Connaissances générales,medium,Open Trivia DB
"Dans Calvin et Hobbes, quel est le nom du petit ami de la baby-sitter ?",Charlie,Dave,Charles,Nathaniel,Divertissement : Bandes dessinées,medium,Open Trivia DB
Quand la construction du canal de Suez s'est-elle achevée ?,1869,1859,1860,1850,Histoire,medium,Open Trivia DB
Comment s'appelle la théière que l'on voit souvent dans de nombreuses applications de modélisation 3D ?,Théière de l'Utah,Théière Pixar,Théière 3D,Théière du Tennessee,Sciences : Informatique,medium,Open Trivia DB
Qui a peint le tableau « Nighthawks » ?,Edward Hopper,Johannes Vermeer,Vincent van Gogh,Salvador Dali,Art,medium,Open Trivia DB
Combien de provinces comptent les Pays-Bas ?,12,14,10,13,Géographie,medium,Open Trivia DB
Quel langage de programmation a été développé par Sun Microsystems en 1995 ?,Java,Python,Système d'exploitation Solaris,C++,Sciences : Informatique,medium,Open Trivia DB
Quel acteur a interprété le rôle principal dans le film « Edward aux mains d'argent » de 1990 ?,Johnny Depp,Clint Eastwood,Leonardo DiCaprio,Ben Stiller,Divertissement : Film,medium,Open Trivia DB
Héra est la déesse de...,Mariage,Agriculture,Mer,Guerre,Mythologie,medium,Open Trivia DB
"Dans le film de 2002 « Kung Pow ! Enter the Fist », quel est le nouveau nom de Maître Pain ?",Betty,Sortie,Amy,Minou,Divertissement : Film,medium,Open Trivia DB
Quel est le nom de l'animal de compagnie de la reine dans 1001 Pattes ?,Aphie,Flik,Trémie,Point,Divertissement : Film,medium,Open Trivia DB
Laquelle des parties suivantes d'une fleur est l'organe reproducteur mâle producteur de pollen ?,Étamine,Sépale,Pistil,Pétale,Science et nature,medium,Open Trivia DB
Quel est le terme courant pour désigner l'encéphalopathie spongiforme bovine (ESB) ?,maladie de la vache folle,maladie de Weil,fièvre du lait,La fièvre aphteuse,Animaux,medium,Open Trivia DB
"Dans « Magic : The Gathering », quelle carte d'éphémère a le coût de mana converti le plus élevé ?",Infusion de papillon Blinkmoth,Vent vivifiant,Chant de Vitu-Ghazi,Affirmer son autorité,Divertissement : Jeux de société,medium,Open Trivia DB
Lequel des véhicules suivants n'est pas fabriqué par Ford ?,Camry,Fusion,Modèle A,F-150,Véhicules,medium,Open Trivia DB
"Lequel de ces symboles peut-on voir sur la chemise du personnage de jeu vidéo Bubsy T. Bobcat, sorti en 1993 ?",Un point d'exclamation,Un point d'interrogation,La lettre B,Rien,Divertissement : Jeux vidéo,medium,Open Trivia DB
Enzo Ferrari était à l'origine pilote automobile pour quel constructeur avant de fonder sa propre entreprise automobile ?,Alfa Romeo,Auto Union,Mercedes-Benz,Bentley,Véhicules,medium,Open Trivia DB
"En 1845, une série de guerres portant le nom de quel peuple autochtone a débuté en Nouvelle-Zélande ?",Māori,Papous,Aborigènes,Polynésiens,Histoire,medium,Open Trivia DB
Qui a incarné Batman dans le film « Batman et Robin » de 1997 ?,George Clooney,Michael Keaton,Val Kilmer,Christian Bale,Divertissement : Film,medium,Open Trivia DB
"Dans l'histoire des États-Unis, combien de vice-présidents Franklin D. Roosevelt a-t-il eus durant son mandat de président ?",3,1,2,0,Politique,medium,Open Trivia DB
Combien d'exemplaires de l'album « Metallica » (alias « The Black Album ») de Metallica ont été vendus dans le monde (en millions d'exemplaires) ?,"20,5","19,5","22,5","25,5",Divertissement : Musique,medium,Open Trivia DB
"Dans le roman « Une nuit dans les bois », quel est le nom de la mère de Mae Borowski ?",Bonbons,Jenny,Margaret,Kate,Divertissement : Jeux vidéo,medium,Open Trivia DB
"Quel méchant emblématique de Batman, interprété par Cesar Romero dans la série télévisée des années 1960, a été incarné par ce dernier ?",Le Joker,Le Pingouin,L'Homme-Mystère,Monsieur Freeze,Divertissement : Télévision,medium,Open Trivia DB
Quel est le nom du méchant dans le film de science-fiction russo-américain de 2015 « Hardcore Henry » ?,Akan,Estelle,Jimmy,Henri,Divertissement : Film,medium,Open Trivia DB
Quelle est la capitale de la Slovaquie ?,Bratislava,Sofia,Ljubljana,Sarajevo,Géographie,medium,Open Trivia DB
Alan Reed est connu pour avoir prêté sa voix à quel personnage ?,Fred Pierrafeu,Bugs Bunny,Fangface,G.I. Joe,Divertissement : Télévision,medium,Open Trivia DB
Dans quel dialogue Socrate s'est-il défendu devant la cour d'Athènes ?,Les excuses,L'Euthyphron,Les lois,La République,Histoire,medium,Open Trivia DB
"En quelle année l'adaptation animée de ""March Comes In Like A Lion"" a-t-elle été diffusée ?",2016,2017,2018,2015,Divertissement : Dessins animés et animation,medium,Open Trivia DB
"Dans « Super Mario World 2 : Yoshi's Island », laquelle de ces couleurs n'est PAS représentée par un Yoshi ?",Blanc,Violet,Brun,Rouge,Divertissement : Jeux vidéo,medium,Open Trivia DB
Qui est le principal méchant de la série Crash Bandicoot ?,Dr Neo Cortex,Dr. Evo-Cortex,Dr. Cortox,Monsieur Cartex,Divertissement : Jeux vidéo,medium,Open Trivia DB
"Dans la série originale Doctor Who (1963), quelle était la longueur de l'écharpe du quatrième docteur, Tom Baker ?",7 mètres,10 mètres,2 mètres,5 mètres,Divertissement : Télévision,medium,Open Trivia DB
"Dans Undertale, combien coûtent les Spider Donuts à Hotland ?",9999G,7G,40G,12G,Divertissement : Jeux vidéo,medium,Open Trivia DB
"En informatique, que signifie généralement l'acronyme CLI ?",Interface de ligne de commande,Entrée en langue commune,Interface de ligne de contrôle,Interface de langage commun,Sciences : Informatique,medium,Open Trivia DB
"Aux échecs, le déplacement combiné de la Dame correspond à celui de quelles deux pièces ?",Fou et Tour,Tour et Roi,Chevalier et évêque,Roi et chevalier,Divertissement : Jeux de société,medium,Open Trivia DB
"Quel roman de John Grisham a-t-il imaginé lors d'un voyage en voiture en Floride, alors qu'il réfléchissait avec sa femme à des livres volés ?",Île Camino,Avocat voyou,Montagne Grise,Les avocats plaideurs,Divertissement : Livres,medium,Open Trivia DB
Quels sont les noms des principaux antagonistes de Battlestar Galactica ?,Les Cylons,Le collectif,La Fédération,Les rebelles,Divertissement : Télévision,medium,Open Trivia DB
"Les rames British Rail Class 700, Class 707 et Class 717 font partie de quelle famille de trains ?",Ville de Desiro,Réseauteur,Aventra,Electrostar,Véhicules,medium,Open Trivia DB
Quel moteur utilisait le jeu original « Half-Life » ?,GoldSrc,Source,Séisme,Irréel,Divertissement : Jeux vidéo,medium,Open Trivia DB
Quel artiste/groupe français est connu pour jouer de l'instrument MIDI « Launchpad » ?,Madeon,Daft Punk,Divulgation,David Guetta,Divertissement : Musique,medium,Open Trivia DB
Qui est le personnage principal de la cassette VHS incluse dans le jeu de société Nightmare ?,Le gardien,Le Gardien de la Krypte,Le Monstre,Le cauchemar,Divertissement : Jeux de société,medium,Open Trivia DB
"Moby, DJ, chanteur et musicien américain, a connu un succès mondial grâce à la sortie en 1999 de lequel des albums suivants ?",Jouer,Tout va mal,Moby,18,Divertissement : Musique,medium,Open Trivia DB
Quel est le port le plus fréquenté d'Europe ?,Port de Rotterdam,Port d'Anvers,Port de Hambourg,Port d'Amsterdam,Géographie,medium,Open Trivia DB
Lequel de ces dieux romains n'a pas d'équivalent dans la mythologie grecque ?,Janus,Vulcain,Junon,Mars,Mythologie,medium,Open Trivia DB
Pour quelle raison une hyène tachetée « rirait-elle » ?,Nervosité,Excitation,Agression,Épuisement,Animaux,medium,Open Trivia DB
En quelle année O.J. Simpson a-t-il été acquitté des accusations de meurtre qui pesaient contre lui ?,1995,1992,1996,1991,célébrités,medium,Open Trivia DB
"Dans la série télévisée « Person of Interest », qui interprète le personnage d'« Harold Finch » ?",Michael Emerson,Jim Caviezel,Taraji P. Henson,Kevin Chapman,Divertissement : Télévision,medium,Open Trivia DB
Quand Club Penguin a-t-il été lancé ?,24 octobre 2005,21 octobre 2005,29 mars 2006,22 novembre 2004,Divertissement : Jeux vidéo,medium,Open Trivia DB
"En général, combien de touches compte un piano ?",88,24,12,96,Divertissement : Musique,medium,Open Trivia DB
Quel groupe de rock alternatif a sorti l'album acclamé par la critique « OK Computer » ?,Radiohead,R.E.M.,Nirvana,Coldplay,Divertissement : Musique,medium,Open Trivia DB
"Le 16 mai de chaque année est connu comme le __________ Day, du nom d'un groupe punk important des années 1990.",Lagwagon,Goldfinger,Moins que Jake,Lit,Divertissement : Musique,medium,Open Trivia DB
Grand Theft Autumn/Where Is Your Boy est une chanson de quel groupe ?,Garçon radio-actif,Panic! At The Disco,Paramore,Blink-182,Divertissement : Musique,medium,Open Trivia DB
"Lors du vol d'essai du Falcon Heavy, quel a été le seul élément de l'opération qui a échoué ?",Atterrissage du noyau central,Atterrissage avec propulseur latéral,Déploiement de Starman,Allumage et décollage,Science et nature,medium,Open Trivia DB
À quelle marque allemande de vêtements de sport appartient le logo « Formstripe » ?,Puma,Nike,Adidas,Reebok,Sportif,medium,Open Trivia DB
L'ostéoporose est une maladie qui affecte quelle partie du corps ?,Os,Peau,Cerveau,Cœur,Science et nature,medium,Open Trivia DB
Qui est le personnage de la « blonde idiote » dans la série « Bienvenue chez les Loud » de Nickelodeon ?,Leni,Luan,Luna,Lincoln,Divertissement : Dessins animés et animation,medium,Open Trivia DB
"Dans l'univers pré-Super Genesis de la bande dessinée « Sonic the Hedgehog », quel était le nom du frère de Sally Acorn ?",Élias Acorn,Maximilien Acorn,Alexis Acorn,Frédéric Acorn,Divertissement : Bandes dessinées,medium,Open Trivia DB
De quelle nationalité était le créateur du chiffrement et de la machine Enigma ?,Allemand,Américain,britannique,polonais,Histoire,medium,Open Trivia DB
"Dans « Kingdom Hearts », qui enlève Jasmine dans la Chambre de la Lampe ?",Riku,Réplique de Riku,Xaldin,Capitaine Crochet,Divertissement : Jeux vidéo,medium,Open Trivia DB
La saison 1994 de Formule 1 est restée dans les mémoires pour quel événement tragique ?,Mort d'Ayrton Senna (Saint-Marin),Le Duel (Australie),Verstappen en feu (Allemagne),Interdiction de Schumacher (Grande-Bretagne),Sportif,medium,Open Trivia DB
Qui interprète le rôle de « Bruce Wayne » dans le film « The Dark Knight » de 2008 ?,Christian Bale,Michael Caine,Ron Dean,Heath Ledger,Divertissement : Film,medium,Open Trivia DB
"En chimie, combien d'isomères possède le butanol (C4H9OH) ?",4,3,5,6,Science et nature,medium,Open Trivia DB
Quel studio a animé Soul Eater ?,Os,Kyoto Animation,xébec,Production I.G,Divertissement : Anime et manga japonais,medium,Open Trivia DB
En quelle année Walt Disney est-il né ?,1901,1902,1903,1900,Connaissances générales,medium,Open Trivia DB
Quel est le nom du cheval de course auquel Tony Soprano s'attache ?,Tarte-O-My,Homme de guerre,Bada Bing,Revenus honnêtes,Divertissement : Télévision,medium,Open Trivia DB
Quel était le nom du premier établissement anglais permanent en Amérique ?,Jamestown,New York,Saint-Jean,Plymouth,Histoire,medium,Open Trivia DB
Quel fut le premier Jedi que Starkiller dut tuer dans Star Wars : Le Pouvoir de la Force ?,Rahm Kota,Ahsoka Tano,Kazdan Paratus,Kento Marek,Divertissement : Jeux vidéo,medium,Open Trivia DB
Quelle est la capitale du Groenland ?,Nuuk,Sisimiut,Narsaq,Maniitsoq,Géographie,medium,Open Trivia DB
"Lequel de ces personnages n'est pas un personnage réel de la série animée My Little Pony : L'amitié, c'est magique ?",Rose Marène,Pinkie Pie,Maud Pie,Rainbow Dash,Divertissement : Dessins animés et animation,medium,Open Trivia DB
Dans quel pays africain se déroule la majeure partie du film « Blood Diamond » (2006) ?,Sierra Leone,Libéria,Burkina Faso,République centrafricaine,Divertissement : Film,medium,Open Trivia DB
"Dans « Star Trek », quelle est la première règle d'acquisition des Ferengis ?","Une fois que vous avez leur argent, vous ne le rendez jamais.",Ne jamais placer l'amitié au-dessus du profit,L'avidité est éternelle,Ne laissez jamais votre famille vous empêcher de saisir les opportunités.,Divertissement : Télévision,medium,Open Trivia DB
Pour quel militant des droits civiques Stevie Wonder a-t-il écrit la chanson « Happy Birthday » en 1980 ?,Martin Luther King Jr,Rosa Parks,Nelson Mandela,Booker T. Washington,Divertissement : Musique,medium,Open Trivia DB
Comment s'appelle une pièce de Tetris ?,Tétromino,Tétratile,Tetris,Tetripiece,Divertissement : Jeux vidéo,medium,Open Trivia DB
Killing Floor a débuté comme un mod pour quel jeu Unreal Engine 2 ?,Unreal Tournament 2004,Deus Ex : Guerre invisible,Unreal Tournament 3,Postal,Divertissement : Jeux vidéo,medium,Open Trivia DB
Lequel de ces éléments n'est PAS un contenu téléchargeable pour le jeu vidéo intitulé « Tabletop Simulator » ?,The Binding of Isaac : Quatre Âmes,Les Trois Royaumes revisités,Supercombat,Monsieur Jeu !,Divertissement : Jeux vidéo,medium,Open Trivia DB
Quelle chaîne de restauration rapide possède le plus grand nombre d'établissements au monde ?,Métro,Starbucks,McDonald's,KFC,Connaissances générales,medium,Open Trivia DB
"Parmi ces quatre bâtiments, lequel est le plus haut, avec une hauteur de 1 250 pieds (381 m) ?","Empire State Building, États-Unis","Tour de la Banque de Chine, Hong Kong","Tour de la Fédération, Russie","Hôtel Gevora, Émirats arabes unis",Connaissances générales,medium,Open Trivia DB
"Outre l'oxygène, quel est l'élément principalement responsable de la couleur bleue du ciel ?",Azote,Hélium,Carbone,Hydrogène,Science et nature,medium,Open Trivia DB
"En 2008, le célèbre chef britannique Gordon Ramsay pense avoir failli mourir après un accident survenu en Islande lors d'un tournage. Quel accident ?","Glissant d'une falaise, il a failli se noyer dans l'eau glacée.",Atterrissage forcé à l'arrivée à l'aéroport de Keflavík,Un accident de voiture mineur pendant une tempête de neige,On lui a servi du poulet insuffisamment cuit à l'hôtel.,Divertissement : Télévision,hard,Open Trivia DB
Où se situe la glande pinéale dans le corps humain ?,Cerveau,Aine,Poitrine,Gorge,Science et nature,hard,Open Trivia DB
La fibre musculaire est constituée de faisceaux de petits organites allongés appelés comment ?,Myofibrilles,Épimysium,Myofiaces,Myocarde,Science et nature,hard,Open Trivia DB
"Selon le théorème de De Morgan, l'expression booléenne (AB)' est équivalente à :",A' + B',A'B + B'A,A'B',AB' + AB,Sciences : Informatique,hard,Open Trivia DB
« Strangereal » est un monde fictif semblable à la Terre pour quelle série de jeux vidéo ?,Ace Combat,Jet Set Radio,Deus Ex,Ciels cramoisis,Divertissement : Jeux vidéo,hard,Open Trivia DB
Quel animal de compagnie avait l'excentrique philosophe naturaliste Tycho Brahe ?,Élan,Chien,Ours,Chèvre,célébrités,hard,Open Trivia DB
Qui a construit le premier laser ?,Théodore Harold Maiman,Nikola Tesla,Jack Kilby,Edith Clarke,Science : Gadgets,hard,Open Trivia DB
Où se situe la ville de Haarlem ?,Les Pays-Bas,Allemagne,États-Unis,Suisse,Géographie,hard,Open Trivia DB
Qui est l'auteur original du moteur physique en temps réel appelé PhysX ?,NovodeX,Ageia,Nvidia,AMD,Sciences : Informatique,hard,Open Trivia DB
Quel événement a inspiré la chanson « Zombie » des Cranberries ?,Les attentats de Warrington,Attentats du 11 septembre,L'attentat de Manchester Arena,Les attentats du 7 juillet,Divertissement : Musique,hard,Open Trivia DB
Quelle est la planète d'origine des Élites de Halo ?,Sanghelios,Te,Doisac,Eayn,Divertissement : Jeux vidéo,hard,Open Trivia DB
"Dans le jeu original « Super Mario Bros. », quelle est l'accélération de Mario s'il est en chute libre ?","91,28 m/s²",110 m/s²,"9,42 m/s^2","4,4 m/s^2",Divertissement : Jeux vidéo,hard,Open Trivia DB
Quelle ville présente les maillots de toutes ses équipes sportives professionnelles avec les mêmes couleurs ?,Pittsburgh,New York,Seattle,Baie de Tampa,Sportif,hard,Open Trivia DB
Combien de calories contient une canette de 355 ml de Pepsi Cola ?,150,200,100,155,Connaissances générales,hard,Open Trivia DB
Quelle tribu/nation amérindienne exige au moins un demi-quantum de sang (équivalent à un parent) pour être admissible à l'adhésion ?,Tribu Yomba Shoshone,Tribu Sioux de Standing Rock,Tribu Kiowa de l'Oklahoma,Nation Pawnee de l'Oklahoma,Politique,hard,Open Trivia DB
"Dans Hollow Knight, combien de préceptes possède Zote ?",Cinquante-sept,Soixante-neuf,Quarante-trois,Quatre-vingt-onze,Divertissement : Jeux vidéo,hard,Open Trivia DB
Quel est le nom de l'ouvrage de Niccolò Machiavelli qui soutient que les dirigeants efficaces doivent écraser leurs adversaires à tout prix ?,Le Prince,Le viol de Lucrèce,Volonté de puissance,Peines d'amour perdues,Politique,hard,Open Trivia DB
Lequel de ces éléments est un codon stop dans l'ADN ?,TAA,ACTE,ACA,GTA,Science et nature,hard,Open Trivia DB
Laquelle de ces positions l'astronome et physicien Isaac Newton n'a-t-il pas défendue ?,Géomètre de la Cité de Londres,Professeur de mathématiques,Gardien de la Monnaie royale,Député,Histoire,hard,Open Trivia DB
Quand le siège de Leningrad a-t-il été levé pendant la Seconde Guerre mondiale ?,Janvier 1944,Septembre 1943,Novembre 1943,Mars 1944,Histoire,hard,Open Trivia DB
Quel est le Pokémon n°39 du Pokédex national ?,Rondoudou,Pikachu,Psykokwak,Peur,Divertissement : Jeux de société,hard,Open Trivia DB
"Dans la série Fallout, à quelle date a eu lieu la Grande Guerre ?",23 octobre 2077,15 mai 2058,14 décembre 2069,5 novembre 2076,Divertissement : Jeux vidéo,hard,Open Trivia DB
Quelle voiture n'apparaît pas dans le jeu Lego de 2002 : Drome Racers ?,Guêpe,Raptor,Frelon,Monstre,Divertissement : Jeux vidéo,hard,Open Trivia DB
"Dans l'anime Full Metal Panic!, qui est le meilleur ami de Kaname ?",Kyoko Tokiwa,Melissa Mao,Ren Mikihara,Teletha « Tessa » Testarossa,Divertissement : Anime et manga japonais,hard,Open Trivia DB
Quel auteur et poète est célèbre pour avoir écrit le vers : « La femelle de l'espèce est plus mortelle que le mâle » ?,Rudyard Kipling,Edgar Allan Poe,William Shakespeare,William Wordsworth,Divertissement : Livres,hard,Open Trivia DB
Quelle société a réalisé l'animation du clip Video Sledgehammer (1986) de Peter Gabriel ?,Animations Aardman,HIT Entertainment,Illumination Entertainment,VIZ Media,Divertissement : Musique,hard,Open Trivia DB
Quel village irlandais du comté de Mayo a bâti son industrie touristique sur une prétendue apparition de la Vierge Marie en 1879 ?,Frappe,Château de Bally,Swinford,Turlough,Histoire,hard,Open Trivia DB
Lequel de ces noms ne correspond pas à un personnage de JoJo's Bizarre Adventure ?,JoJo Kikasu,Jean-Pierre Polnareff,George Joestar,Risotto Nero,Divertissement : Anime et manga japonais,hard,Open Trivia DB
Sur quel album de M83 figure la chanson « Midnight City » ?,"Dépêchez-vous, nous rêvons",Samedis = Jeunesse,Avant que l'aube nous guérisse,Ordure,Divertissement : Musique,hard,Open Trivia DB
Dans quelle partie du Pays de Galles trouverez-vous le village Llanfairpwllgwyngyllgogerychwyrndrobwllllantysiliogogogoch ?,Anglesey,Pembrokeshire,Wrexham,Bridgend,Géographie,hard,Open Trivia DB
Laquelle de ces villes ne possède PAS d'usine de la Monnaie des États-Unis ?,"Saint-Louis, Missouri","San Francisco, Californie","Philadelphie, Pennsylvanie","West Point, New York",Connaissances générales,hard,Open Trivia DB
"En linguistique, laquelle des affirmations suivantes ne fait pas partie des maximes de Grice sous le principe de coopération ?",Longueur,Qualité,Relation,Manière,Connaissances générales,hard,Open Trivia DB
"Combien y a-t-il de pièces, sans compter les couloirs et l'escalier, dans le jeu de société « Cluedo » ?",9,1,6,10,Divertissement : Jeux de société,hard,Open Trivia DB
En quelle année la publication en série du manga « Ping Pong » a-t-elle débuté ?,1996,2014,2010,2003,Divertissement : Anime et manga japonais,hard,Open Trivia DB
Combien de sonates Ludwig van Beethoven a-t-il écrites ?,32,50,31,21,Histoire,hard,Open Trivia DB
"Dans la chronologie alternative de Mortal Kombat, quel personnage a massacré le clan Shirai Ryu ?",Quan Chi,Sub-Zero,Secteur,Shang Tsung,Divertissement : Jeux vidéo,hard,Open Trivia DB
Quelle est la formule moléculaire du glucose ?,C6H12O6,C2H4O2,K+,CH4,Science et nature,hard,Open Trivia DB
Quel est le nom de code de la microarchitecture Intel Core de huitième génération lancée en octobre 2017 ?,Lac Coffee,Pont de sable,Lac Skylake,Broadwell,Sciences : Informatique,hard,Open Trivia DB
Lequel des éléments suivants n'est PAS un élément réel ?,Vitrainium,Praséodyme,Hassium,Lutétium,Science et nature,hard,Open Trivia DB
Quel a été le premier jeu à utiliser le moteur « Source 2 » de Valve ?,Dota 2,Counter-Strike : Offensive mondiale,"Pirates, Vikings et Chevaliers II",Artefact,Divertissement : Jeux vidéo,hard,Open Trivia DB
Quel joueur masculin a remporté la médaille d'or en simple de tennis de table aux Jeux olympiques de 2016 ?,Ma Long (Chine),Zhang Jike (Chine),Jun Mizutani (Japon),Vladimir Samsonov (Biélorussie),Sportif,hard,Open Trivia DB
Lequel des personnages suivants n'est PAS un dieu de la mythologie nordique ?,Jens,Loki,Tyr,Snotra,Mythologie,hard,Open Trivia DB
Quel est le nom de l'alligator dans Where's My Water ?,Marécageux,Excentrique,Crocky,Justice,Divertissement : Jeux vidéo,hard,Open Trivia DB
De quel mouvement artistique Pablo Picasso est-il l'un des cofondateurs ?,Cubisme,Futurisme,Expressionnisme,Impressionnisme,Art,hard,Open Trivia DB
Que distribuaient les premiers distributeurs automatiques au début des années 1880 ?,Cartes postales,Alcool,Cigarettes,Sodas,Histoire,hard,Open Trivia DB
Laquelle de ces pièces a été jouée pour la première fois à titre posthume après le suicide de son auteur ?,4.48 Psychose,Hamilton,Beaucoup de bruit pour rien,La fête d'anniversaire,Divertissement : Comédies musicales et théâtres,hard,Open Trivia DB
Quel âge avait Laurence Fishburne lorsque Francis Ford Coppola l'a choisi pour jouer dans Apocalypse Now (1979) ?,14,16,18,20,Divertissement : Film,hard,Open Trivia DB
"Quel est le niveau le plus élevé que l'on peut atteindre dans « The Elder Scrolls 4 : Oblivion » sans tenir compte des niveaux de compétence, de la classe et du signe astrologique ?",50,Aucune limite,80,100,Divertissement : Jeux vidéo,hard,Open Trivia DB
Quel chanteur est interprété par Bruce Campbell dans le film « Bubba Ho-Tep » de 2002 ?,Elvis Presley,Johnny Cash,"Hank Williams, Sr.",Buddy Holly,Divertissement : Film,hard,Open Trivia DB
"Dans Left 4 Dead, quel est le nom de famille du personnage Bill ?",Overbeck,Poisson,Roberts,Stevenson,Divertissement : Jeux vidéo,hard,Open Trivia DB
"Avec lequel de ces personnages d'""Undertale"" le joueur ne peut-il PAS avoir de rendez-vous amoureux ?",Toriel,Papyrus,Undyne,Alphys,Divertissement : Jeux vidéo,hard,Open Trivia DB
Quel dieu nordique possède un cheval nommé Sleipnir ?,Odin,Thor,Frigg,Balder,Mythologie,hard,Open Trivia DB
"Lequel de ces métaux produira, en brûlant, une flamme blanche et brillante ?",Magnésium,Cuivre,Lithium,Plomb,Science et nature,hard,Open Trivia DB
Quel studio d'animation a produit « Log Horizon » ?,Satellite,Lever du soleil,Xébec,Production I.G,Divertissement : Anime et manga japonais,hard,Open Trivia DB
"Selon le Code international des signaux, quel pavillon est interprété comme « J'ai besoin d'assistance (et non de détresse) » ?",Vainqueur,Kilo,Papa,Delta,Connaissances générales,hard,Open Trivia DB
Lequel des éléments suivants est généralement utilisé pour le dopage du silicium semi-conducteur ?,Bore,Oxygène,Carbone,Fer,Science et nature,hard,Open Trivia DB
"Dans « Battle Cats », quel est le taux de réussite critique de Moneko / MISS Moneko ?",15%,20%,10%,25%,Connaissances générales,hard,Open Trivia DB
Qui est un pionnier de la « musique minimale » dans les années 1960 ?,Steve Reich,Wolfgang Amadeus Mozart,Brian Eno,Sigur Rós,Divertissement : Musique,hard,Open Trivia DB
"En plus de sa carrière d'astrologue et de « prophète », Nostradamus a publié en 1555 un traité qui comprenait une section sur quoi ?",Fabrication de confitures et de gelées,Apprendre aux perroquets à parler,Tricher aux jeux de cartes,Creuser des tombes,Histoire,hard,Open Trivia DB
"Avant de travailler chez Wizards of the Coast, « Mark Rosewater » était scénariste pour quelle série ?",Roseanne,Le garçon rencontre le monde,Les X-Files,NYPD Blue,Divertissement : Télévision,hard,Open Trivia DB
À quelle course le championnat des pilotes de F1 2018 a-t-il été remporté ?,Mexique,États-Unis,Belgique,Abou Dhabi,Sportif,hard,Open Trivia DB
Quel monstre de « Monster Hunter Tri » était responsable des tremblements de terre qui ravageaient le village de Moga ?,Céadeus,Alatreon,Rathalos,Lagiacrus,Divertissement : Jeux vidéo,hard,Open Trivia DB
"En 2012, le micro-État germanophone « Liechtenstein » d'Europe centrale comptait combien d'habitants ?",36 600,2 400,90 000,323 400,Géographie,hard,Open Trivia DB
En quelle année a eu lieu l'attentat au sarin dans le métro de Tokyo ?,1995,2001,2011,1991,Histoire,hard,Open Trivia DB
Quel a été le premier film de super-héros auquel James Gunn a participé ?,Les Spécialistes,Super,Les Gardiens de la Galaxie,Brightburn,Divertissement : Film,hard,Open Trivia DB
"Dans les systèmes de vol, que signifie l'acronyme « TCAS » ?",Système d'évitement des collisions routières,Système d'alerte de communication routière,Système d'alignement de la configuration du trafic,Système d'abréviation des indicatifs d'appel routiers,Connaissances générales,hard,Open Trivia DB
Quel moteur équipe la Lexus SC400 ?,1UZ-FE,2JZ-GTE,7M-GTE,5M-GE,Véhicules,hard,Open Trivia DB
Lequel de ces joueurs de la LNH n'a jamais remporté le trophée Hart du joueur le plus utile de la saison régulière ?,Steve Yzerman,Chris Pronger,José Théodore,Henrik Sedin,Sportif,hard,Open Trivia DB
Comment s'appelait le scandale de tricherie qui a secoué l'émission britannique « Qui veut gagner des millions ? » ?,Fraude majeure,Ingram tricheur,Major de la toux,Crime de millionnaire,Divertissement : Télévision,hard,Open Trivia DB
Laquelle de ces villes européennes a été la première à accueillir les Jeux olympiques d'été modernes à trois reprises ?,Londres,Paris,Athènes,Rome,Sportif,hard,Open Trivia DB
Lequel de ces organismes est une colonie de polypes et non une méduse ?,galère portugaise,Guêpe de mer,Irukandji,Ortie de mer,Animaux,hard,Open Trivia DB
"Dans l'anime de super-héros « One Punch Man », quel est le nom de héros du protagoniste principal ?",Chauve à cape,Poing puissant,Boxeur fou,Puncheur de justice,Divertissement : Anime et manga japonais,hard,Open Trivia DB
"Dans « Highschool of the Dead », où Komuro et Saeko ont-ils décidé de se retrouver après l'explosion du bus ?",Poste de police Est,Le centre commercial,La maison de Komuro,Sur le pont principal,Divertissement : Anime et manga japonais,hard,Open Trivia DB
Quel est le nombre moyen de chinchillas par portée ?,2-3,10-15,5-8,15-18,Animaux,hard,Open Trivia DB
Qui a inventé le « protocole Spanning Tree » ?,Radia Perlman,Paul Vixie,Vint Cerf,Michael Roberts,Sciences : Informatique,hard,Open Trivia DB
Lequel de ces titres est le premier single de Daft Punk ?,La Nouvelle Vague,Da Funk,Découverte,Autour du monde,Divertissement : Musique,hard,Open Trivia DB
Lequel des sénateurs américains suivants est connu pour avoir mené un discours d'obstruction parlementaire de 24 heures ?,Strom Thurmond,Roy Blunt,John Barrasso,Chuck Schumer,Politique,hard,Open Trivia DB
La chartreuse est une couleur entre le jaune et quoi ?,Vert,Rouge,Noir,Violet,Connaissances générales,hard,Open Trivia DB
Quand la guerre d'Espagne a-t-elle commencé ?,1808,1806,1810,1809,Histoire,hard,Open Trivia DB
Quelle société de jeux vidéo a développé le jeu de course de 2004 « Burnout 3 : Takedown » ?,Criterion Games,EA Black Box,Codemasters,Rockstar Games,Divertissement : Jeux vidéo,hard,Open Trivia DB
"Dans la série Pokémon, quel est le talent caché de Palkia ?",Télépathie,Pression,Bulles d'eau,Hydratation,Divertissement : Jeux vidéo,hard,Open Trivia DB
Lequel de ces candidats était un candidat officiel aux élections générales britanniques de 2017 ?,Lord Buckethead,Jacques Francis,Robert Wimbledon,Sir Crumpetsby,Politique,hard,Open Trivia DB
Quel est le terme désignant les « complications chirurgicales résultant de la présence de compresses chirurgicales oubliées dans le corps du patient » ?,Gossypiboma,Gongoozler,Jentaculaire,Meupareunia,Science et nature,hard,Open Trivia DB
Quel a été le premier objet enregistré à avoir atteint l'espace ?,Pare-chocs WAC,Plaque d'égout américaine,Spoutnik I,Spoutnik II,Histoire,hard,Open Trivia DB
"« Silhouette », une chanson interprétée par le groupe « KANA-BOON », est utilisée comme seizième générique d'ouverture de quel anime ?",Naruto : Shippuden,Une pièce,Naruto,Gurren Lagann,Divertissement : Anime et manga japonais,hard,Open Trivia DB
"Dans la mythologie nordique, quel est le nom du serpent qui mange les racines du frêne Yggdrasil ?",Nidhogg,Bragi,Odin,Ymir,Mythologie,hard,Open Trivia DB
"Dans l'univers fictif SCP, quelle « classe d'objet » est attribuée aux SCP qui ne peuvent être confinés ?",Apollyon,Thaumiel,Keter-Thaumiel,Cours ésotériques/narratifs,Connaissances générales,hard,Open Trivia DB
"Dans Animal Crossing : New Leaf, laquelle de ces peintures de la galerie d'art de Rounard est toujours authentique ?",Peinture chaude,Peinture joyeuse,Peinture neutre,Peinture mélancolique,Divertissement : Jeux vidéo,hard,Open Trivia DB
Quel constructeur automobile a renoncé à son brevet sur la ceinture de sécurité dans l'intérêt de sauver des vies ?,Volvo,Ferrari,Gué,Renault,Véhicules,hard,Open Trivia DB
Quelle fut la première entreprise à utiliser le terme « Golden Master » ?,Pomme,IBM,Microsoft,Google,Sciences : Informatique,hard,Open Trivia DB
En quelle année a eu lieu la bataille de Verdun ?,1916,1917,1915,1918,Histoire,hard,Open Trivia DB
Quel est le plus grand lac d'eau douce en volume ?,Lac Baïkal,Lac Supérieur,Lac Huron,Lac Michigan,Géographie,hard,Open Trivia DB
Combien de pépins de pomme environ faudrait-il ingérer pour recevoir une dose mortelle de cyanure ?,200,20,2 000,20 000,Connaissances générales,hard,Open Trivia DB
"Dans les jeux « Pikmin », laquelle des couleurs de Pikmin suivantes ne possède pas son propre nid « Oignon » ?",Violet,Ailé,Bleu,Rocher,Divertissement : Jeux vidéo,hard,Open Trivia DB
Quel jeu de la série Dance Dance Revolution a introduit le niveau supplémentaire ?,RDA,DDR Solo 2000,DDRMAX,DDR EXTRÊME,Divertissement : Jeux vidéo,hard,Open Trivia DB
Quel acteur de la série The Young Ones a également incarné Lord Flashheart dans un épisode de Blackadder II ?,Rik Mayall,Adrian Edmondson,Nigel Planer,Christopher Ryan,Divertissement : Télévision,hard,Open Trivia DB
Que signifie le mot suédois « Grunka » en anglais ?,Chose,Personnes,Lieu,Ananas,Connaissances générales,hard,Open Trivia DB
"De Eemhof, Port Zelande et Het Heijderbos sont des villas de vacances appartenant à quelle entreprise ?",Center Parcs,Village de Yelloh,Keycamp,Villa Plus,Connaissances générales,hard,Open Trivia DB
"Dans le jeu Cry of Fear, quel ennemi peut inciter le joueur à se suicider s'il manie une arme à feu chargée ?",Noyé,suicidaire,Citalopram,Psycho,Divertissement : Jeux vidéo,hard,Open Trivia DB
Quelle chaîne PBS a été la première à diffuser « Monty Python's Flying Circus » (1969-1974) aux États-Unis ?,KERA (Dallas-Fort Worth),KLCS (Los Angeles),WETA (Washington D.C.),WNET (New York),Divertissement : Télévision,hard,Open Trivia DB
Laquelle de ces provinces n'est PAS une province de Chine ?,Yangtsé,Fujian,Sichuan,Guangdong,Géographie,hard,Open Trivia DB
L'assassinat de quel membre de la famille royale a déclenché la Première Guerre mondiale ?,L'archiduc François-Ferdinand,Louis Mountbatten,Le roi Charles Ier,Nicolas II,Histoire,hard,Open Trivia DB
Lequel de ces livres Charlie ne lit-elle PAS dans Le Monde de Charlie ?,Les Raisins de la colère,Hamlet,Gatsby le Magnifique,Peter Pan,Divertissement : Livres,hard,Open Trivia DB
"Dans le groupe de metal Slipknot, il y a 9 membres, lequel s'est autoproclamé numéro 6 ?",Shawn Crahan (Clown),Sid Wilson,Cory Taylor,Mick Thomson,Divertissement : Musique,hard,Open Trivia DB
Quel est le territoire qui relie l'Amérique du Nord et l'Amérique du Sud ?,Isthme de Panama,Isthme de Suez,Oural,Australasie,Géographie,hard,Open Trivia DB
Combien de personnes peut-on recruter dans le jeu Suikoden en une seule partie ?,107,108,93,96,Divertissement : Jeux vidéo,hard,Open Trivia DB
"Dans le film « Harry Potter et l'Ordre du Phénix », pourquoi le cri de Harry Potter, après la mort de Sirius Black, a-t-il été étouffé ?",Trop douloureux,Trop fort,Trop dur,Trop violent,Divertissement : Film,hard,Open Trivia DB
Quand la Lituanie a-t-elle déclaré son indépendance de l'Union soviétique ?,11 mars 1990,25 décembre 1991,5 décembre 1991,20 avril 1989,Histoire,hard,Open Trivia DB
Bohdan Khmelnytsky était lequel des personnages suivants ?,Chef des Cosaques ukrainiens,Secrétaire général du Parti communiste de l'URSS,Prince de Valachie,Grand-prince de Novgorod,Histoire,hard,Open Trivia DB
Laquelle de ces villes n'est PAS une ville d'Inde ?,Islamabad,Hyderabad,Ahmedabad,Ghaziabad,Géographie,hard,Open Trivia DB
Quel jour le réseau ARPANET a-t-il subi une panne de 4 heures ?,27 octobre 1980,21 novembre 1969,29 octobre 1969,9 décembre 1991,Histoire,hard,Open Trivia DB
Quelle carte figure sur la couverture du livret de règles bêta de « Magic : The Gathering » ?,Spectre des marais,Île,Hydra de roche,Archers elfiques,Divertissement : Jeux de société,hard,Open Trivia DB
Quel était le nom du réseau d'espionnage qui a aidé les États-Unis à gagner la guerre d'indépendance américaine ?,Anneau Culper,Réseau d'espionnage de New York,Les espions de Washington,Anonyme,Histoire,hard,Open Trivia DB
Comment s'appelle l'équipe affiliée aux Bruins de Boston dans la Ligue américaine de hockey (LAH) ?,Bruins de Providence,Bruins de New Haven,Bruins de Cambridge,Bruins de Hartford,Sportif,hard,Open Trivia DB
Quelle équipe de football anglaise est surnommée « Les Tigres » ?,Ville de Hull,Ville de Cardiff,Ville de Bristol,Manchester City,Sportif,hard,Open Trivia DB
"Selon le folklore algonquien, comment se transforme-t-on en Wendigo ?",Participer à des actes de cannibalisme.,Mutilation excessive de cadavres d'animaux.,Accomplir un rituel impliquant un meurtre.,Boire le sang de nombreux animaux abattus.,Mythologie,hard,Open Trivia DB
Quel est le nom de l'hymne national canadien ?,Ô Canada,Ô Érable rouge,Bannière étoilée de feuilles,Marche du lancer de rondelle,Géographie,hard,Open Trivia DB
Quel est le seul président américain à avoir effectué deux mandats non consécutifs ?,Grover Cleveland,James K. Polk,Franklin D. Roosevelt,Thomas Jefferson,Politique,hard,Open Trivia DB
"Dans la série Super Mario Bros., quel est le nom scientifique de Yoshi ?",T. Yossosaur Munchakoopas,Yoshi,T. Yoshisotop Munchakoopas,Yossy,Divertissement : Jeux vidéo,hard,Open Trivia DB
Comment s'appelle le processus qui transmet un qubit d'information en utilisant deux bits d'information classique ?,Téléportation quantique,Codage super dense,Intrication quantique,Programmation quantique,Sciences : Informatique,hard,Open Trivia DB
En quelle année le mini-camion Chevrolet LUV a-t-il fait ses débuts ?,1972,1982,1975,1973,Véhicules,hard,Open Trivia DB
En quelle année Gabe Newell est-il né ?,1962,1970,1960,1972,célébrités,hard,Open Trivia DB
"Dans le film de 2014 du Youtubeur Jerma985 intitulé « Rat Movie : Le Mystère du Trésor Maya », qui est l'homme qui tente de voler le trésor maya ?",Dick Dastardly Richards,Gabe « L'homme à la colle » Degrossi,Duck Dynasty contrefait Byeah Batman,Seigneur démon Zeraxos,Divertissement : Film,hard,Open Trivia DB
Quelle espèce est appelée « poulet des montagnes » ?,Grenouille,Poulet,Cheval,Voler,Animaux,hard,Open Trivia DB
Qui était la première épouse de Donald Trump ?,Ivana Zelníčková,Mélanie Knauss,Marla Maples,Nancy Davis,célébrités,hard,Open Trivia DB
"Quelle fut la dernière colonie cédée par le Royaume-Uni, marquant la fin de l'Empire britannique ?",Hong Kong,Inde,Australie,Irlande,Histoire,hard,Open Trivia DB
Le préfixe sino- (comme dans sino-américain) est utilisé pour désigner quelle nationalité ?,Chinois,japonais,russe,indien,Géographie,hard,Open Trivia DB
Quel est le quatrième chiffre de π ?,1,2,3,4,Sciences : Mathématiques,hard,Open Trivia DB
"Dans le premier épisode de Yu-Gi-Oh : Duel Monsters, quel livre Seto Kaiba lit-il au lycée Domino ?",Ainsi parlait Zarathoustra,Au-delà du bien et du mal,La République,Méditations,Divertissement : Anime et manga japonais,hard,Open Trivia DB
Quelle est la puissance en chevaux produite par la locomotive SD40-2 ?,3 000,3 200,2 578,2 190,Véhicules,hard,Open Trivia DB
Laquelle de ces entreprises suédoises a été fondée en 1943 ?,IKEA,H&M,Lindex,Clas Ohlson,Connaissances générales,hard,Open Trivia DB
Quel jour la Première Guerre mondiale a-t-elle commencé ?,28 juillet,28 janvier,28 juin,28 avril,Histoire,hard,Open Trivia DB
"Quelle est la capitale du Wisconsin, aux États-Unis ?",Madison,Milwaukee,Wisconsin Dells,Baie Verte,Géographie,hard,Open Trivia DB
Combien de temps a-t-il fallu aux laveuses de vitres motorisées du World Trade Center d'origine pour nettoyer toute la façade du bâtiment ?,1 mois,3 semaines,1 semaine,2 mois,Connaissances générales,hard,Open Trivia DB
Quelle joueuse a remporté la médaille d'or en simple de tennis de table aux Jeux olympiques de 2016 ?,DING Ning (Chine),LI Xiaoxia (Chine),Ai FUKUHARA (Japon),Song Kim (Corée du Nord),Sportif,hard,Open Trivia DB
Quel roi d'Angleterre a dû faire face à la révolte des paysans en 1381 ?,Richard II,Édouard III,Édouard II,Henri IV,Histoire,hard,Open Trivia DB
Quel est le dernier album d'Aphex Twin sorti avant sa pause de dix ans ?,Drukqs,lèche-fenêtre,Syro,Œuvres ambiantes complètes 85-92,Divertissement : Musique,hard,Open Trivia DB
Quel est le premier morceau de l'album « Before These Crowded Streets » du Dave Matthews Band ?,Pantala Naga Pampa,Rester (Perte de temps),Raiponce,Ne buvez pas l'eau,Divertissement : Musique,hard,Open Trivia DB
"Dans le jeu Enter the Gungeon, lequel de ces personnages n'est pas jouable ?",Le Magicien,La balle,Le robot,Le Cultiste,Divertissement : Jeux vidéo,hard,Open Trivia DB
Quelle est la plus haute montagne du Canada ?,Mont Logan,Mont Tremblant,Montagne Whistler,Montagne Bleue,Géographie,hard,Open Trivia DB
Quel est le nom du Boeing B-29 qui a largué la bombe atomique « Little Boy » sur Hiroshima ?,Énola Gay,Le mal nécessaire,Le Grand Artiste,Full house,Histoire,hard,Open Trivia DB
Quel comté anglais fictif a servi de cadre aux romans de Thomas Hardy ?,Wessex,Barsetshire,Fulchester,Ambridge,Divertissement : Livres,hard,Open Trivia DB
"Qui a interprété le rôle de « Charlie Price » dans la comédie musicale « Kinky Boots » à Broadway, à New York, du 26 mai au 6 août 2017 ?",Brendon Urie,Ed Sheeran,Tom Cruise,Dallon Weekes,Divertissement : Comédies musicales et théâtres,hard,Open Trivia DB
Quel est le nom scientifique de l'hominidé éteint connu sous le nom de « Lucy » ?,Australopithèque afarensis,Australopithèque africain,Australopithecus Architeuthis,Australopithèque Antaris,Science et nature,hard,Open Trivia DB
Quel est le plus petit nombre qui peut être exprimé comme la somme de deux cubes positifs de deux manières différentes ?,1729,91,561,4104,Sciences : Mathématiques,hard,Open Trivia DB
Quand Adolf Hitler a-t-il été nommé chancelier d'Allemagne ?,30 janvier 1933,1er septembre 1939,27 février 1933,6 octobre 1939,Histoire,hard,Open Trivia DB
Pamina et Papageno sont des personnages de quel opéra de Mozart ?,La Flûte enchantée,Les Noces de Figaro,L'impresario,L'Oie du Caire,Divertissement : Musique,hard,Open Trivia DB
Qui a écrit la chanson « You Know You Like It » ?,AlunaGeorge,DJ Snake,Steve Aoki,Major Lazer,Divertissement : Musique,hard,Open Trivia DB
Quel fut le premier single du groupe de rock progressif Rush ?,Ne pas s'estomper,Tom Sawyer,Travailleur,Propriétaire d'un cœur solitaire,Divertissement : Musique,hard,Open Trivia DB
Lequel des instruments suivants est utilisé pour mesurer la pression artérielle ?,Sphygmomanomètre,Baromètre,Règle,Hémoérythromètre,Science : Gadgets,hard,Open Trivia DB
Quelle quantité de radiations émet une banane ?,"0,1 microsievert","0,3 microsievert","0,5 microsievert","0,7 microsievert",Science et nature,hard,Open Trivia DB
Pour quel type d'algorithme Ron Rivest n'est-il pas connu ?,Système de partage de secrets,algorithme de hachage,Chiffrement asymétrique,chiffrement de flux,Sciences : Informatique,hard,Open Trivia DB
Quel est le seul satellite de notre système solaire à posséder une atmosphère dense ?,Titan,Europe,Miranda,Callisto,Science et nature,hard,Open Trivia DB
Sur quelle île galloise se trouve Llanfairpwllgwyngyllgogerychwyrndrobwllllantysiliogogogoch ?,Anglesey,Barry,Bardsey,Caldey,Géographie,hard,Open Trivia DB
"Dans Magic : The Gathering, laquelle des cartes suivantes a été la première carte foil commercialisée ?",Dragon de foudre,Revenant,Bête de somme,Ver de la cagoule de terre,Divertissement : Jeux de société,hard,Open Trivia DB
"Dans la première saison de l'émission américaine « Cauchemar en cuisine », Gordon Ramsay a tenté de sauver 10 restaurants différents. Combien ont finalement fermé leurs portes par la suite ?",9,6,3,0,Divertissement : Télévision,hard,Open Trivia DB
Quel a été le premier appareil de jeu portable au monde ?,Course automobile Mattel,Game Boy,Microvision,Game & Watch,Divertissement : Jeux vidéo,hard,Open Trivia DB
"Dans le livre « Le Martien », combien de temps Mark Watney est-il resté piégé sur Mars (en sols) ?",549 jours,765 jours,401 jours,324 jours,Divertissement : Livres,hard,Open Trivia DB
"Que traduit en anglais la phrase latine « Veni, vidi, vici » ?","Je suis venu, j'ai vu, j'ai vaincu","Ne vois pas le mal, n'entends pas le mal, ne dis pas le mal","La vie, la liberté et le bonheur","Passé, présent et futur",Connaissances générales,hard,Open Trivia DB
Qui a marqué le but de la victoire dans les arrêts de jeu lors de la finale de la Ligue des champions de l'UEFA 1999 entre Manchester United et le Bayern Munich ?,Ole Gunnar Solskjær,Dwight Yorke,Andy Cole,David Beckham,Sportif,hard,Open Trivia DB
"Dans les livres de Beatrix Potter, quel type d'animal est Tommy Brock ?",Blaireau,Renard,Grenouille,Lapin,Divertissement : Livres,hard,Open Trivia DB
Quel langage de programmation utilise le moteur Source ?,C++,Python,Java,Lua,Divertissement : Jeux vidéo,hard,Open Trivia DB
Quel est le nom de l'île principale dans PLAYERUNKNOWN'S BATTLEGROUNDS ?,Erangel,Marmara,Severny,Lastovo,Divertissement : Jeux vidéo,hard,Open Trivia DB
"Dans Rainbow Six Siege, quel est le vrai nom de Mozzie ?",Max Goose,Mick Seagull,Hugo Sparrow,Dan Bird,Divertissement : Jeux vidéo,hard,Open Trivia DB
L'idée d'un « ensemble qui contient tous les ensembles qui ne se contiennent pas eux-mêmes » est une idée paradoxale attribuée à quel philosophe anglais ?,Bertrand Russell,Francis Bacon,Jean Locke,Alfred North Whitehead,Sciences : Mathématiques,hard,Open Trivia DB
Dans quel pays les pommes de terre étaient-elles cultivées à l'origine ?,Pérou,États-Unis,Irlande,Nouvelle-Zélande,Histoire,hard,Open Trivia DB
"Lequel de ces artistes musicaux n'a PAS participé au concert Live Aid au stade de Wembley, à Londres, en 1985 ?",Les Rolling Stones,Reine,Elton John,David Bowie,Divertissement : Musique,hard,Open Trivia DB
La technologie CMOS est utilisée pour la fabrication de circuits intégrés. Que signifie CMOS ?,métal-oxyde-semiconducteur complémentaire,semi-conducteur magnétique complémentaire,Système d'exploitation informatique,statique oscillante générée par ordinateur,Sciences : Informatique,hard,Open Trivia DB
Qui a fondé la Khan Academy ?,Sal Khan,Ben Khan,Kitt Khan,Adel Khan,Connaissances générales,hard,Open Trivia DB
"Dans le jeu vidéo Undertale, quelle valeur de plaisir est requise pour obtenir le faux couloir ?",66,91,45,39,Divertissement : Jeux vidéo,hard,Open Trivia DB
"Située au Chili, El Teniente est la plus grande mine souterraine du monde pour quel métal ?",Cuivre,Fer,Nickel,Argent,Connaissances générales,hard,Open Trivia DB
Combien d'exemplaires du célèbre jeu E.T. pour Atari 2600 Atari a-t-elle finalement vendus ?,"1,5 million",1 million,250 mille,Moins de 250 mille,Divertissement : Jeux vidéo,hard,Open Trivia DB
De quelle ville la ville de « Springfield » dans « Les Simpson » s'inspire-t-elle à l'origine ?,"Springfield, Oregon","Springfield, Missouri","Springfield, Illinois","Springfield, Massachusetts",Divertissement : Dessins animés et animation,hard,Open Trivia DB
Où se sont déroulés les Jeux de la XXIIe Olympiade ?,Moscou,Barcelone,Tokyo,Los Angeles,Sportif,hard,Open Trivia DB
Quel roi d'Angleterre a épousé Aliénor d'Aquitaine ?,Henri II,Richard I,Henri Ier,Henri V,Histoire,hard,Open Trivia DB
"En 2014, plus de 6 millions de véhicules General Motors ont été rappelés en raison de quel défaut critique ?",Interrupteur d'allumage défectueux,Pédale d'accélérateur défectueuse,Rupture des conduites de carburant,Plaquettes de frein défectueuses,Véhicules,hard,Open Trivia DB
Quel est le nom scientifique du loup gris ?,Canis Lupus,Canis Aureus,Canis Latrans,Canis Lupus Lycaon,Animaux,hard,Open Trivia DB
Quelle est l'unité SI standard de l'intensité lumineuse ?,Candela,Lumen,Faraday,Coulomb,Science et nature,hard,Open Trivia DB
"Dans l'anime Overlord, qui a créé Cocytus ?",Guerrier Takemikazuchi,Péroncino,Ulbert Alain Odle,Bukubukuchagama,Divertissement : Anime et manga japonais,hard,Open Trivia DB
La bataille d'Hastings a eu lieu en quelle année ?,1066,911,1204,1420,Histoire,hard,Open Trivia DB
"Dans l'univers de World of Warcraft, qui a organisé la création des Paladins ?",Alonsus Faol,Uther le Porteur de Lumière,Alexandros Mograine,"Sargeras, le Seigneur Démon",Divertissement : Jeux vidéo,hard,Open Trivia DB
"Dans la chanson ""Nothern Downpour"" de Panic! At the Disco, dont les paroles suivent ""Je sais que le monde est un os brisé"".","""Alors, faites disparaître vos maux de tête, appelez-le chez vous""",« Alors chante ta chanson jusqu'à ce que tu sois chez toi. »,« Alors faites-leur savoir qu'ils sont livrés à eux-mêmes. »,"""Alors allumez un feu dans leur pierre froide""",Divertissement : Musique,hard,Open Trivia DB
"Dans le jeu vidéo « Metal Gear Solid », quel pistolet Revolver Ocelot considérait-il comme le meilleur jamais fabriqué ?",Colt Single Action Army,Colt Python,Colt M1892,Revolver Colt 1851 Navy,Divertissement : Jeux vidéo,hard,Open Trivia DB
Quel était le nom de code du débarquement allié dans le sud de la France le 15 août 1944 ?,Opération Dragoon,Opération Overlord,Opération Jardin maraîcher,Opération Torche,Histoire,hard,Open Trivia DB
Quel a été le troisième pays à accueillir un restaurant McDonald's ?,Costa Rica,Japon,France,Australie,Connaissances générales,hard,Open Trivia DB
Quel était le nom originel de Hô Chi Minh-Ville ?,Saigon,Hanoï,Dar Es Salaam,Angkor Wat,Géographie,hard,Open Trivia DB
Billy Herrington est originaire de quel État américain ?,New York,Arizona,Californie,Géorgie,célébrités,hard,Open Trivia DB
La xanthophobie est la peur de quelle couleur ?,Jaune,Bleu,Rouge,Vert,Connaissances générales,hard,Open Trivia DB
La maladie débilitante chronique (MDC) infecte exclusivement les membres de quelle famille d'animaux ?,Cervidés,Hominidés,félins,Canidés,Animaux,hard,Open Trivia DB
Lequel de ces animaux appartient à la classe des Chondrichthyens ?,Grand requin blanc,Pieuvre,orque,Poisson-chat,Science et nature,hard,Open Trivia DB
La révolte de Bohême (1618-1620) a commencé après que les protestants de Prague aient fait quoi à leurs seigneurs régents catholiques ?,Je les ai jetés par la fenêtre,Ils ont insulté leurs mères,Ils les ont enfermés dans des palissades,Je les ai pendus.,Histoire,hard,Open Trivia DB
"Dans les bandes dessinées Batman, sous quel autre nom le méchant Dr. Jonathan Crane est-il connu ?",Épouvantail,Fléau,L'homme du calendrier,Gueule d'argile,Divertissement : Bandes dessinées,hard,Open Trivia DB
"Quel est le nom d'une divinité mineure protectrice et créatrice de divers arts, tels que la fabrication du fromage et l'apiculture ?",Aristée,Autonoe,Carme,Céphisso,Mythologie,hard,Open Trivia DB
Le titre « Unison » de Björk contient un sample de quelle chanson d'Oval ?,Aero Deck,Textuell,Panorama,Faire pendant,Divertissement : Musique,hard,Open Trivia DB
"Dans « Call Of Duty : Zombies », « Richtofen » est en possession de deux fioles de sang remplies appartenant à qui ?",Sal DeLuca et Finn O'Leary,Richtofen,Al Arlington et Sal DeLuca,Jessica Rose et Jack Vincent,Divertissement : Jeux vidéo,hard,Open Trivia DB
"Dans Xenoblade Chronicles X, quelle classe utilise un fusil de sniper comme arme principale ?",Aigle partisan,Blast Fencer,Vipère ailée,Guerrier du bastion,Divertissement : Jeux vidéo,hard,Open Trivia DB
Santorin est une île appartenant à quel pays européen ?,Grèce,Italie,Espagne,Turquie,Géographie,hard,Open Trivia DB
Quel animal figure sur le pyjama de Link dans The Legend of Zelda : The Wind Waker ?,Écrevisse,Homard,Saumon,Espadon,Divertissement : Jeux vidéo,hard,Open Trivia DB
"Plus connu sous son surnom de Logan, quel est le vrai nom de Wolverine ?",James Howlett,Logan Wolf,Thomas Wilde,John Savage,Divertissement : Bandes dessinées,hard,Open Trivia DB
"Dans « Hunter x Hunter », pour quoi sont connus les membres de la famille de Killua ?",Assassins,Bandits,Chasseurs,Ninjas,Divertissement : Anime et manga japonais,hard,Open Trivia DB
"Dans le jeu « Super Hang-On », quelle est la vitesse maximale AVEC l'utilisation du turbo ?",324 km/h,320 km/h,280 km/h,286 km/h,Divertissement : Jeux vidéo,hard,Open Trivia DB
"À partir de 2000, la Chine a interdit la fabrication et la vente de toutes les consoles de jeux vidéo. En quelle année cette interdiction a-t-elle été levée ?",2015,2012,2008,2017,Politique,hard,Open Trivia DB
Le peintre Piet Mondrian (1872 - 1944) faisait partie de quel mouvement ?,Néoplasticisme,le précisionnisme,Cubisme,Impressionnisme,Art,hard,Open Trivia DB
"Townsend Coleman a prêté sa voix à quelle tortue dans la série originale de 1987 des ""Tortues Ninja"" ?",Michel-Ange,Léonard de Vinci,Donatello,Raphaël,Divertissement : Dessins animés et animation,hard,Open Trivia DB
Lequel de ces aliments de la série Star Trek n'est PAS de la nourriture klingonne ?,Hors-d'œuvre,Racht,Gagh,Vin de sang,Divertissement : Télévision,hard,Open Trivia DB
Lequel de ces Pokémon de la première génération n'a PAS eu d'évolution dans la quatrième génération ?,Jynx,Electabuzz,Magmar,Rhydon,Divertissement : Jeux vidéo,hard,Open Trivia DB
Laquelle de ces couleurs n'est pas une variante supplémentaire de la couleur violette ?,Kobicha,Byzance,Pompant et puissance,Palatinat,Art,hard,Open Trivia DB
Dans quel pays Toussaint Louverture a-t-il mené avec succès une révolte d'esclaves ?,Haïti,France,Cuba,États-Unis,Histoire,hard,Open Trivia DB
Combien de types de quarks existe-t-il dans le modèle standard de la physique ?,6,2,3,4,Science et nature,hard,Open Trivia DB
Quel micro-État est considéré comme ayant la plus ancienne constitution encore en vigueur ?,Saint-Marin,Andorre,Monaco,Saint-Kitts-et-Nevis,Histoire,hard,Open Trivia DB
"En quelle année Jurassic World sort-il dans l'univers de ""Jurassic Park"" ?",2005,2007,2015,2020,Divertissement : Film,hard,Open Trivia DB
Quel est le prénom du Dr Doofenshmirtz ?,Heinz,Hans,Hank,Heidi,Divertissement : Télévision,hard,Open Trivia DB
Quel abri du jeu vidéo « Fallout 3 » abrite plusieurs clones nommés Gary ?,Coffre-fort 108,Coffre-fort 101,Coffre-fort 87,Coffre-fort 21,Divertissement : Jeux vidéo,hard,Open Trivia DB
"« Oui, l'Amérique peut ! » était le slogan de campagne officieux de cet homme politique américain en 2004.",George W. Bush,John Kerry,Barack Obama,Al Gore,Politique,hard,Open Trivia DB
Laquelle de ces villes russes ne possédait PAS de stade utilisé lors de la Coupe du Monde de la FIFA 2018 ?,Vladivostok,Rostov-sur-le-Don,Iekaterinbourg,Kaliningrad,Sportif,hard,Open Trivia DB
Qui fut le dernier empereur du Mexique ?,Ferdinand Maximilien,Andrés Manuel López Obrador,Napoléon III,Agustín de Iturbide,Histoire,hard,Open Trivia DB
"Dans « Star Trek », de quoi est fait le mets klingon appelé « gagh » ?",vers serpents,vers de terre,Spaghettis,Klingworms,Divertissement : Télévision,hard,Open Trivia DB
Quel est le mot arabe romanisé pour « lune » ?,Qamar,Najma,Kawkab,Shams,Connaissances générales,hard,Open Trivia DB
En quelle année est paru le premier numéro de la bande dessinée « The Walking Dead » ?,2003,2001,2006,1999,Divertissement : Bandes dessinées,hard,Open Trivia DB
Quel boxeur était célèbre pour frapper le gong dans l'introduction des films de J. Arthur Rank ?,Bombardier Billy Wells,Freddie Mills,Terry Spinks,Don Cockell,Divertissement : Film,hard,Open Trivia DB
Combien d'espèces vivantes de hyènes est-il connu ?,4,8,2,6,Animaux,hard,Open Trivia DB
Quel fleuve a été barré pour créer le lac Gatun et le canal de Panama ?,Rivière Chagres,Rivière Tuira,Rivière Chucunaque,Rivière Chepo,Géographie,hard,Open Trivia DB
"Dans « Super Mario Sunshine », comment débloquer le niveau « Montagne Corona » ?",En terminant chaque 7ème épisode,En obtenant 70 Shines,En résolvant tous les épisodes impliquant un « secret »,"En déverrouillant chaque buse, F.L.U.D.D. peut être utilisé",Divertissement : Jeux vidéo,hard,Open Trivia DB
Lequel des termes suivants n'est PAS un mot utilisé pour décrire un tremblement de terre ?,Toboggan à chute libre,secousse prémonitoire,Décrochage,Tremblement,Science et nature,hard,Open Trivia DB
"Quel fut le premier mot canonique de Maggie Simpson, sans compter les courts métrages de Tracey Ullman ?",Papa.,Suite?,Oui !,Rouillé!,Divertissement : Dessins animés et animation,hard,Open Trivia DB
"Dans le livre et le jeu vidéo Metro 2033, quelle est la station de métro de Moscou où se trouve le personnage principal, Artyom ?",VDNKh,Prospekt Mira,Kitay-Gorod,Botanichesky Sad,Divertissement : Jeux vidéo,hard,Open Trivia DB
Quelle fut la punition infligée à Sisipphe pour sa ruse ?,Condamné à faire rouler un rocher en haut d'une colline pour l'éternité.,"Attaché à un rocher pour l'éternité, picoré par les oiseaux.",Debout dans un lac rempli d'eau qu'il ne pouvait pas boire.,Abattre un arbre qui se régénérait après chaque coup de hache.,Mythologie,hard,Open Trivia DB
"Quelle anomalie présente Medaka Kurokami de ""Medaka Box"" ?",La fin,Perfection,Bac à sable,Justice,Divertissement : Anime et manga japonais,hard,Open Trivia DB
Qui est le dieu égyptien de la reproduction et de la laitue ?,Min,Menu,Mut,Meret,Mythologie,hard,Open Trivia DB
"Dans l'univers de « Jurassic Park », quel fut le premier dinosaure cloné par InGen en 1986 ?",Vélociraptor,Tricératops,Troodon,Brachiosaure,Divertissement : Film,hard,Open Trivia DB
"Parmi les sept merveilles du monde, laquelle est la seule à avoir survécu jusqu'à nos jours ?",La Grande Pyramide de Gizeh,Colosse de Rhodes,Phare d'Alexandrie,Statue de Zeus à Olympie,Histoire,hard,Open Trivia DB
Laquelle des langues inuites suivantes a été la PREMIÈRE à utiliser un système d'écriture unique non basé sur l'alphabet latin ?,Inuktitut,Inuinnaqtun,groenlandais,Inupiat,Géographie,hard,Open Trivia DB
Quel jeu de la série « Monster Hunter » a introduit le monstre « Gobul » ?,Monster Hunter Tri,Monster Hunter Freedom Unite,Frontière du chasseur de monstres,Monster Hunter Generations,Divertissement : Jeux vidéo,hard,Open Trivia DB
Où s'est déroulée la seconde guerre des Boers en 1899 ?,Afrique du Sud,Argentine,Népal,Bulgarie,Histoire,hard,Open Trivia DB
"Quel est le nom de l'assassin dans le premier film ""Hellboy"" ?",Karl Ruprecht Kroenen,Klaus Werner von Krupt,Grigori Efimovitch Raspoutine,Ilsa Haupstein,Divertissement : Film,hard,Open Trivia DB
"À l'origine, coquelicot était un autre mot pour désigner le coquelicot, mais c'est une nuance de quoi ?",Rouge,Vert,Bleu,Rose,Connaissances générales,hard,Open Trivia DB
Quand Steam a-t-il été lancé pour la première fois ?,2003,2004,2011,2007,Divertissement : Jeux vidéo,hard,Open Trivia DB
Que représentait le premier film animé ?,Un cheval au galop,Une femme en robe,Un homme qui marche,Un feu crépitant,Divertissement : Film,hard,Open Trivia DB
Laquelle de ces plaques n'est PAS une véritable plaque tectonique ?,Plaque atlantique,Plaque nord-américaine,Plaque eurasienne,Plaque de Nazca,Géographie,hard,Open Trivia DB
Quel était le nom du chien de Jonny dans Les Aventures de Jonny Quest ?,Bandit,Chanceux,Rocheux,Max,Divertissement : Dessins animés et animation,hard,Open Trivia DB
Quand la société Valve Corporation a-t-elle été fondée ?,24 août 1996,26 décembre 1994,22 mars 1997,13 mars 1997,Divertissement : Jeux vidéo,hard,Open Trivia DB
Quand la Finlande célèbre-t-elle sa fête nationale ?,6 décembre,2 janvier,12 novembre,8 février,Géographie,hard,Open Trivia DB
Qui est le doubleur de One Punch Man dans la version japonaise ?,Makoto Furukawa,Zach Aguilar,Kaito Ishikawa,Max Mittelman,Divertissement : Anime et manga japonais,hard,Open Trivia DB
Quel est le pays à majorité musulmane le plus peuplé en 2010 ?,Indonésie,Arabie Saoudite,L'Iran,Soudan,Géographie,hard,Open Trivia DB
Lequel de ces termes désigne scientifiquement le « cerveau gelé » ?,ganglioneuralgie sphénopalatine,Hyacinthoides Italica,Amaranthus Retroflexus,Amblyomma Americanum,Science et nature,hard,Open Trivia DB
Quel est le nom d'une des langues néo-araméens parlées par la population juive du nord-ouest de l'Irak ?,Lishana Deni,Hulaulá,Lishan Didan,Néo-araméen chaldéen,Géographie,hard,Open Trivia DB
Lequel de ces termes anatomiques désigne l'extrémité caudale de la créature ?,Caudal,Ventral,Proximal,Coronaire,Connaissances générales,hard,Open Trivia DB
"Dans la série « Harry Potter », quel est le nom complet du directeur Dumbledore ?",Albus Percival Wulfric Brian Dumbledore,Albus Valum Jetta Mobius Dumbledore,Albus James Lunae Otto Dumbledore,Albus Valencium Horatio Kul Dumbledore,Divertissement : Livres,hard,Open Trivia DB
Quel est le nom scientifique du guépard ?,Acinonyx jubatus,Panthera onca,Lynx rufus,Felis catus,Animaux,hard,Open Trivia DB
"Dans « The Witness », combien de lasers doivent être activés pour accéder à la zone montagneuse ?",7,8,5,12,Divertissement : Jeux vidéo,hard,Open Trivia DB
"Dans « Rick et Morty », de quelle dimension viennent Rick et Morty ?",C-137,J1977,C-136,C500-a,Divertissement : Dessins animés et animation,hard,Open Trivia DB
"Selon la mythologie de « Starbound », que fait le « titre de propriété de la colonie » lorsqu'il est posé ?",Il envoie une annonce pour trouver quelqu'un à louer.,Téléporte une personne depuis un point quelconque de la planète où il est placé.,Téléporte une personne aléatoire à cet endroit.,Matérialise un nouvel être à son emplacement.,Divertissement : Jeux vidéo,hard,Open Trivia DB
"Si quelqu'un disait « tu es olid », qu'est-ce que cela voudrait dire ?",Vous avez une odeur extrêmement désagréable.,Vous êtes hors de forme/faible.,Votre apparence est repoussante.,Tu es incompréhensible/un idiot.,Connaissances générales,hard,Open Trivia DB
La création de l'Entertainment Software Ratings Board (ESRB) est souvent associée à Mortal Kombat et à quel jeu vidéo FMV ?,Piège nocturne,Requin des égouts,La rencontre avec Dédale,Tueur de cadavres,Divertissement : Jeux vidéo,hard,Open Trivia DB
"À quel embranchement biologique appartiennent tous les mammifères, les oiseaux et les reptiles ?",Chordata,Échinodermes,Annélide,Placazoaire,Animaux,hard,Open Trivia DB
Qui fut le premier homme à voyager dans l'espace ?,Youri Gagarine,Virgil Ivan « Gus » Grissom,Neil Armstrong,Buzz Aldrin,Histoire,hard,Open Trivia DB
"Lequel de ces noms correspondait à un bug découvert en avril 2014 dans la bibliothèque de cryptographie OpenSSL, accessible au public ?",Heartbleed,traumatisme de guerre,Sang corrompu,Script Shell,Sciences : Informatique,hard,Open Trivia DB
Le Manoir hanté de Disney abrite un trio de fantômes auto-stoppeurs. Lequel d'entre eux n'en fait PAS partie ?,Harry,Gus,Phineas,Ezra,Connaissances générales,hard,Open Trivia DB
Combien de canaux vocaux la Super Nintendo Entertainment System prend-elle en charge ?,8,6,10,12,Divertissement : Jeux vidéo,hard,Open Trivia DB
Le jeu de société « Ra » a été conçu par quel concepteur ?,Reiner Knizia,Bruno Cathala,Uwe Rosenburg,Allison Kline,Divertissement : Jeux de société,hard,Open Trivia DB
La sciophobie est la peur de quoi ?,Ombres,Manger,Lumières vives,Transport,Connaissances générales,hard,Open Trivia DB
Quel est le terme britannique pour désigner une 64e note ?,Hémi-semi-quavure,Semi-hémi-migue-croche,Double croche,Demise-quaver,Divertissement : Musique,hard,Open Trivia DB
"Dans Magic : The Gathering, quelle était la carte hommage à Marilyn, la défunte épouse de Jamie Wakefield, qui adorait les chevaux ?",Timbermare,Pégase fidèle,Vryn Wingmare,Pégase de Sungrace,Divertissement : Jeux de société,hard,Open Trivia DB
Laquelle de ces couches ne fait pas partie du modèle OSI pour les communications de données ?,Couche de connexion,Couche application,Couche de transport,Couche physique,Sciences : Informatique,hard,Open Trivia DB
"Dans l'univers de Magic: The Gathering, sur quel continent se déroule l'extension Fallen Empires ?",Sarpadia,Otaria,Terisiare,Shiv,Divertissement : Livres,hard,Open Trivia DB
Le film Mad Max : Fury Road utilise le Dies Irae extrait du requiem de quel compositeur ?,Verdi,Mozart,Berlioz,Brahms,Divertissement : Film,hard,Open Trivia DB
En quelle année la Joconde a-t-elle été achevée ?,1504,1487,1523,1511,Art,hard,Open Trivia DB
Quel est le seul problème du prix du millénaire qui ait été résolu jusqu'à présent ?,conjecture de Poincaré,Problème P vs. NP,L'hypothèse de Riemann,La conjecture de Fermat,Sciences : Mathématiques,hard,Open Trivia DB
Quels pays ont participé à la guerre du homard ?,France et Brésil,Le Canada et la Norvège,Australie et Nouvelle-Zélande,États-Unis et Angleterre,Histoire,hard,Open Trivia DB
Qui est le créateur de la boisson gazeuse Dr Pepper ?,Charles Alderton,James Wellington,Johnson Hinsin,Boris Heviltik,Histoire,hard,Open Trivia DB
Qui était l'auteur du manga Uzumaki ?,Junji Ito,Noboru Takahashi,Akira Toriyama,Masashi Kishimoto,Divertissement : Anime et manga japonais,hard,Open Trivia DB
Quel est le grade militaire du protagoniste « Nomad » dans « Crysis » ?,Lieutenant,Capitaine,Premier sergent,Sergent-chef,Divertissement : Jeux vidéo,hard,Open Trivia DB
"Dans l'univers de Magic : The Gathering, sur quel plan se déroule l'extension Homelands ?",Ulgrotha,Bant,Llanowar,Tazeem,Divertissement : Livres,hard,Open Trivia DB
Où se trouve le siège social de la chaîne de restauration rapide « Panda Express » ?,"Rosemead, Californie","Sacramento, Californie","Fresno, Californie","San Diego, Californie",Géographie,hard,Open Trivia DB
"Dans la bande dessinée en ligne « Ava's Demon », à quel péché le personnage de « Nevy Nervine » est-il inspiré ?",Envie,Paresseux,Colère,Luxure,Divertissement : Bandes dessinées,hard,Open Trivia DB
Quel pays a rejoint l'OTAN en tant que 29e membre en 2017 ?,Monténégro,Estonie,Andorre,Islande,Politique,hard,Open Trivia DB
Quel groupe britannique a remporté la première édition des Brit Awards en 1977 ?,Les Beatles,Pink Floyd,Les Rolling Stones,L'OMS,Divertissement : Musique,hard,Open Trivia DB
Quels nucléotides s'apparient avec la guanine ?,Cytosine,Thymine,Adénine,Uracile,Science et nature,hard,Open Trivia DB
"Quel personnage de Touhou Project est apparu pour la première fois en tant que boss intermédiaire dans le huitième jeu, Imperishable Night ?",Tewi Inaba,Mystia Lorelei,Kaguya Houraisan,Rumia,Divertissement : Jeux vidéo,hard,Open Trivia DB
"Dans le mode Zombies de « Call of Duty : Black Ops », comment s'appelle la version « Pack-A-Punched » du « Galil » ?",Lamentation,Liquidateur d'insertion de plomb atomique galvanisé,Gabig,désir de mort prédictif,Divertissement : Jeux vidéo,hard,Open Trivia DB
Lequel de ces pays africains arbore un fusil sur son drapeau ?,Mozambique,Ouganda,Ethiopie,Nigeria,Géographie,hard,Open Trivia DB
Quelle est la deuxième plus grande ville de Lituanie ?,Kaunas,Panevėžys,Vilnius,Klaipėda,Géographie,hard,Open Trivia DB
Dans quelle mise à jour d'Homestuck [S] Game Over est-il sorti ?,25 octobre 2014,13 avril 2009,8 avril 2012,28 août 2003,Divertissement : Bandes dessinées,hard,Open Trivia DB
Quel jeu était exclusif à la Dreamcast ?,Stylo Stylo TriIcelon,Sylvestre et Tweety dans des aventures secrètes,Perfect Dark,Tétrisphère,Divertissement : Jeux vidéo,hard,Open Trivia DB
Combien de canaux vocaux la Nintendo Entertainment System prend-elle en charge nativement ?,5,4,6,3,Divertissement : Jeux vidéo,hard,Open Trivia DB
"Dans l'univers Marvel, quelle race vit sur la planète Svartalfheim ?",Elfes noirs,Géants de givre,Kronans,Skrulls,Divertissement : Bandes dessinées,hard,Open Trivia DB
Lequel de ces concepts le mathématicien Leonhard Euler n'a-t-il PAS développé ?,Une amélioration de la transformée de Fourier rapide,Une méthode de résolution des équations différentielles du premier ordre,"Une identité reliant les nombres e, pi et i","Une formule reliant les sommets, les arêtes et les faces d'un graphe",Sciences : Mathématiques,hard,Open Trivia DB
"Dans le dessin animé de 1968 « Wacky Races », quel était le nom du duo d'hommes préhistoriques qui voyageaient dans le Boulder Mobile ?",Les frères Slag,Les frères Slate,Les frères Rock,Les frères Stone,Divertissement : Dessins animés et animation,hard,Open Trivia DB
"Dans le dessin animé de 1969 « Dastardly et Muttley dans leurs machines volantes », quelles paroles ne figuraient PAS dans le générique ?",Poignardez-le,Attrapez-le,Pique-le,Tab lui,Divertissement : Dessins animés et animation,hard,Open Trivia DB
Lequel des monarques britanniques suivants n'a jamais figuré sur une pièce d'une livre sterling en circulation ?,Édouard VIII,Victoria,George VI,Charles II,Connaissances générales,hard,Open Trivia DB
"Dans le jeu Nintendo Splatoon 2, quel est le nom d'utilisateur de Marina ?",DJ_Hyperfresh,MC.princess,Kidnotsquid123,Je<30ffTh3H00k,Divertissement : Jeux vidéo,hard,Open Trivia DB
Lequel n'est pas un type de neurone ?,Neurone perceptif,Neurone sensoriel,Neurone moteur,Interneurone,Science et nature,hard,Open Trivia DB
Comment s'appelle la courbe plane proposée par Descartes pour remettre en question les techniques de recherche d'extremum de Fermat ?,Folium de Descartes,Paraboloïde elliptique de Descartes,Coordonnées cartésiennes,L'hélicoïde de Descartes,Sciences : Mathématiques,hard,Open Trivia DB
Quelle boîte de nuit de Manchester était considérée comme un lieu central de la scène musicale « Madchester » à la fin des années 80 ?,L'Haçienda,Le projet d'entrepôt,LIV,Le Club des Menteurs,Divertissement : Musique,hard,Open Trivia DB
Qui Hippomène a-t-il vaincu lors d'une course à pied ?,Atalante,Pélée,Thésée,Jason,Mythologie,hard,Open Trivia DB
Combien de millibars (mbar) faut-il pour 1 pouce de mercure (inHg) ?,"33,9",30.0,27.4,10.6,Sciences : Mathématiques,hard,Open Trivia DB
Quel horizon d'un profil de sol est constitué de roche-mère ?,R,O,B,D,Science et nature,hard,Open Trivia DB
Quand Pokémon GO est-il sorti en Amérique du Nord ?,6 juillet 2016,5 juin 2016,24 mai 2016,2 janvier 2017,Divertissement : Jeux vidéo,hard,Open Trivia DB
"Sortie en 2001, la première édition du système d'exploitation Mac OS X d'Apple (version 10.0) a reçu quel nom de code animal ?",Guépard,Puma,Tigre,Léopard,Sciences : Informatique,hard,Open Trivia DB
"Dans quelle école du Surrey, en Angleterre, Steve Backshall a-t-il été scolarisé ?",Collège Collingwood,École Tomlinscote,Collège international Kings,École Lyndhurst,célébrités,hard,Open Trivia DB