question;correct_answer;wrong_answer_1;wrong_answer_2;wrong_answer_3;category;difficulty;source
What polymer is used to make CDs, safety goggles and riot shields?;Polycarbonate;Rubber;Nylon;Bakelite;"Science &amp; Nature";medium;Open Trivia DB
Who won the 2018 Monaco Grand Prix?;Daniel Ricciardo;Sebastian Vettel;Kimi Raikkonen;Lewis Hamilton;Sports;medium;Open Trivia DB
"The ""Tibia"" is found in which part of the body?";Leg;Arm;Hand;Head;"Science &amp; Nature";medium;Open Trivia DB
What collaborative album was released by Kanye West and Jay-Z in 2011?;Watch the Throne;Distant Relatives;What a Time to be Alive;Unfinished Business;Entertainment: Music;easy;Open Trivia DB
"Excluding their instructor, how many members of Class VII are there in the game ""Legend of Heroes: Trails of Cold Steel""?";9;6;10;3;Entertainment: Video Games;medium;Open Trivia DB
"What is the name of the currency in the ""Animal Crossing"" series?";Bells;Sea Shells;Leaves;Bugs;Entertainment: Video Games;medium;Open Trivia DB
"Who created the ""Metal Gear"" Series?";Hideo Kojima;Hiroshi Yamauchi;Shigeru Miyamoto;Gunpei Yokoi;Entertainment: Video Games;easy;Open Trivia DB
The pantheon in Rome was used to worship what god?;Any god they wanted;Athena;Zeus;Both Athena and Zeus;History;hard;Open Trivia DB
How many planets are there in the Solar System?;8;9;11;10;"Science &amp; Nature";easy;Open Trivia DB
Who is Sora's Nobody in Kingdom Hearts?;Roxas;Riku;Kairi;Mickey;Entertainment: Video Games;medium;Open Trivia DB
In the game Warframe, what is the type of fish that is known to eat unwary natives of Cetus?;Sharrac;Glappid;Karkina;Mawfish;Entertainment: Video Games;hard;Open Trivia DB
What's the name of the halloween-related Sims 4 Stuff Pack released September 29th, 2015?;Spooky Stuff;Ghosts n' Ghouls;Nerving Nights;Fearful Frights;Entertainment: Video Games;hard;Open Trivia DB
"In ""Overwatch"", which hero is able to wallride?";Lucio;Reinhardt;Sombra;Mercy;Entertainment: Video Games;easy;Open Trivia DB
What character was once considered to be the 27th letter of the alphabet?;Ampersand;Interrobang;Tilde;Pilcrow;General Knowledge;medium;Open Trivia DB
"Which of the following countries does ""JoJo's Bizarre Adventure: Stardust Crusaders"" not take place in?";Philippines;India;Pakistan;Egypt;"Entertainment: Japanese Anime &amp; Manga";hard;Open Trivia DB
When was Finland's 100th year of being independent?;2017;2016;2018;2015;History;hard;Open Trivia DB
"In the second-generation Pok&eacute;mon games, which Pok&eacute;mon can you start with?";Chikorita, Cyndaquil, and Totodile;Bulbasaur, Charmander, and Squirtle;Treecko,Torchic, and Mudkip;Grassy, Firey, and Watery;Entertainment: Video Games;easy;Open Trivia DB
Leonardo Di Caprio won his first Best Actor Oscar for his performance in which film?;The Revenant;The Wolf Of Wall Street;Shutter Island;Inception;Entertainment: Film;medium;Open Trivia DB
Who was the topscorer for England national football team?;Wayne Rooney;David Beckham;Steven Gerrard;Michael Owen;Sports;medium;Open Trivia DB
In which classic novel by Mark Twain did a beggar and Prince of Wales switch clothes, and learn about social class inequality?;The Prince and the Pauper;Hamlet;Wealthy Boy and the Schmuck;A Modern Twain Story;Entertainment: Books;hard;Open Trivia DB
How many playable characters are there in Yakuza 5?;5;2;3;1;Entertainment: Video Games;easy;Open Trivia DB
"In ""Call Of Duty: Zombies"", completing which map's main easter egg will reward you with the achievement, ""Little Lost Girl""?";Origins;Revelations;Moon;Tranzit;Entertainment: Video Games;medium;Open Trivia DB
Which term best describes the connection of two sections of a musical piece through a transitional passage?;Bridge;Coda;Capo;Binary Form;Entertainment: Music;easy;Open Trivia DB
What word represents the letter 'T' in the NATO phonetic alphabet?;Tango;Target;Taxi;Turkey;General Knowledge;easy;Open Trivia DB
Bikini Atoll is in which country?;Marshall Islands;Fiji;Christmas Islands;Bahamas;Geography;medium;Open Trivia DB
"What is the default name of the Vampire character in ""Shining Soul 2"".";Bloodstar;Sachs;Dracuul;Alucard;Entertainment: Video Games;hard;Open Trivia DB
In human biology, a circadium rhythm relates to a period of roughly how many hours?;24;8;16;32;"Science &amp; Nature";medium;Open Trivia DB
Which of the following is NOT one of Aesop's fables?;The Fox and the Hound;The Fox and the Grapes;The Tortoise and the Hare;The Frog and the Ox;General Knowledge;medium;Open Trivia DB
"With which Greek philosopher would you associate the phrase, ""I know that I know nothing""?";Socrates;Aristotle;Plato;Pythagoras;History;hard;Open Trivia DB
"Which character in the ""Animal Crossing"" series uses the phrase ""zip zoom"" when talking to the player?";Scoot;Drake;Bill;Mallary;Entertainment: Video Games;easy;Open Trivia DB
In the Half-Life universe, the Black Mesa Research Facility is located in which US state?;New Mexico;Nevada;Arizona;Wyoming;Entertainment: Video Games;medium;Open Trivia DB
What term is best associated with Sigmund Freud?;Psychoanalysis;Cognitive-Behavioral Therapy;Theory of Gravity;Dialectical Behavior Therapy;"Science &amp; Nature";medium;Open Trivia DB
The Panama Canal was officially opened by which US president?;Woodrow Wilson;Calvin Coolidge;Herbert Hoover;Theodore Roosevelt;General Knowledge;hard;Open Trivia DB
"One of the deadliest pandemics, the ""Spanish Flu"", killed off what percentage of the human world population at the time?";3 to 6 percent;6 to 10 percent;1 to 3 percent;less than 1 percent;History;medium;Open Trivia DB
A stimpmeter measures the speed of a ball over what surface?;Golf Putting Green;Football Pitch;Cricket Outfield;Pinball Table;Sports;medium;Open Trivia DB
"The main objective of the German operation ""Case Blue"" during World War II was originally to capture what?";Caucasus;Stalingrad;Crimea;Voronezh;History;hard;Open Trivia DB
What year was Netflix founded?;1997;1999;2004;2001;Entertainment: Television;medium;Open Trivia DB
"What was the name of the police officer in the cartoon ""Top Cat""?";Dibble;Barbrady;Mahoney;Murphy;Entertainment: Television;easy;Open Trivia DB
"Who created the indie adventure game ""Night in the Woods""?";Alec Holowka;Ron Gilbert;Tim Schafer;Tommy Refenes;Entertainment: Video Games;easy;Open Trivia DB
By what nickname is Jack Dawkins known in the Charles Dickens novel, 'Oliver Twist'?;The Artful Dodger;Fagin;"Bull&rsquo;s-eye";Mr. Fang;Entertainment: Books;medium;Open Trivia DB
Which of the following Grand Slam tennis tournaments occurs LAST?;US Open;French Open;Wimbledon;Australian Open;Sports;medium;Open Trivia DB
Who is the protagonist in Dead Rising 3?;Nick Ramos;Frank West;Chuck Greene;Isabela Keyes;Entertainment: Video Games;medium;Open Trivia DB
Which popular First Person Shooter (FPS) franchise, got a Real Time Strategy (RTS) game developed based on its universe?;Halo;Battlefield;Call of Duty;Borderlands;Entertainment: Video Games;easy;Open Trivia DB
"What song includes the words ""Numa Numa"" which was subject to a Viral Video in 2004?";Dragostea Din Tei;Despacito;Gangnam Style;Asereje;Entertainment: Music;hard;Open Trivia DB
A doctor with a PhD is a doctor of what?;Philosophy;Psychology;Phrenology;Physical Therapy;General Knowledge;medium;Open Trivia DB
In which year did the First World War begin?;1914;1930;1917;1939;History;medium;Open Trivia DB
In Touhou: Embodiment of Scarlet Devil, what song plays during Flandre Scarlet's boss fight?;U.N. Owen Was Her;Septette for the Dead Princess;Flowering Night;Pierrot of the Star-Spangled Banner;Entertainment: Video Games;medium;Open Trivia DB
The co-creator of Gorillaz, Damon Albarn, is also the lead singer of what band?;Blur;Oasis;Radiohead;Queens of the Stone Age;Entertainment: Music;medium;Open Trivia DB
Who was the 1st President of Mexico?;Guadalupe Victoria;"Benito Ju&aacute;rez";Miguel Hidalgo Y Costilla;Vicente Guerrero;General Knowledge;easy;Open Trivia DB
"Which of the following characters from the game ""Overwatch"" was revealed to be homosexual in December of 2016?";Tracer;Widowmaker;Sombra;Symmetra;Entertainment: Video Games;easy;Open Trivia DB
In Big Hero 6, what fictional city is the Big Hero 6 from?;San Fransokyo;San Tokyo;Tokysisco;Sankyo;Entertainment: Film;easy;Open Trivia DB
Volkswagen's legendary VR6 engine has cylinders positioned at what degree angle?;15 Degree;30 Degree;45 Degree;90 Degree;Vehicles;hard;Open Trivia DB
Who was the longest-serving senator in US history, serving from 1959 to 2010?;Robert Byrd;Daniel Inouye;Strom Thurmond;Joe Biden;Politics;hard;Open Trivia DB
What bird is born with claws on its wing digits?;Hoatzin;Cormorant;Cassowary;Secretary bird;Animals;hard;Open Trivia DB
"J.K. Rowling completed ""Harry Potter and the Deathly Hallows"" in which hotel in Edinburgh, Scotland?";The Balmoral;The Dunstane Hotel;Hotel Novotel;Sheraton Grand Hotel & Spa;Entertainment: Books;medium;Open Trivia DB
Which Japanese company is the world's largest manufacturer of motorcycles?;Honda;Yamaha;Suzuki;Kawasaki;Vehicles;medium;Open Trivia DB
How many times do you fight the Imprisoned in The Legend of Zelda: Skyward Sword?;3;2;4;5;Entertainment: Video Games;medium;Open Trivia DB
"In the 2015 RPG ""Undertale"", which character do you first encounter after falling down into the underground?";Flowey;Toriel;Sans;Papyrus;Entertainment: Video Games;medium;Open Trivia DB
How many scoring zones are there on a conventional dart board?;82;62;42;102;Sports;medium;Open Trivia DB
"What Pok&eacute;mon's Base Stat Total does not change when it evolves?";Scyther;Pikachu;Sneasel;Larvesta;Entertainment: Video Games;hard;Open Trivia DB
Myopia is the scientific term for which condition?;Shortsightedness;Farsightedness;Double Vision;Clouded Vision;"Science &amp; Nature";medium;Open Trivia DB
"When did The Beatles release the LP ""Please Please Me""?";1963;1970;1960;1969;Entertainment: Music;medium;Open Trivia DB
"Which of these is the name of a Japanese system of alternative medicine, literally meaning ""finger pressure""?";Shiatsu;Ukiyo;Majime;Ikigai;General Knowledge;medium;Open Trivia DB
Which video game company developed the 2019 game Rage 2?;Avalanche Studios;Bethesda Game Studios;Infinity Ward;Gearbox Software;Entertainment: Video Games;medium;Open Trivia DB
What is the largest non-continental island in the world?;Greenland;New Guinea;Borneo;Madagascar;Geography;medium;Open Trivia DB
"Who was the guitarist in the band ""The Doors""?";Robby Krieger;Eric Clapton;John Densmore;Jimi Hendrix;Entertainment: Music;medium;Open Trivia DB
"Who is the leader of Team Valor in Pok&eacute;mon Go?";Candela;Willow;Blanche;Spark;Entertainment: Video Games;easy;Open Trivia DB
What's the weakness of american vampires (Scott Snyder's American Vampire)?;Gold;Sunlight;Wood;Silver;Entertainment: Comics;medium;Open Trivia DB
How many playable characters were there in Street Fighter II: Champion Edition?;12;16;8;17;Entertainment: Video Games;medium;Open Trivia DB
Which of these English football clubs is based in Liverpool?;Everton;West Ham United;Crystal Palace;Arsenal;Sports;medium;Open Trivia DB
"What is known as ""the brain"" of the Computer?";Central Processing Unit;Motherboard;Graphics Processing Unit;Keyboard;Science: Computers;medium;Open Trivia DB
The body of the Egyptian Sphinx was based on which animal?;Lion;Bull;Horse;Dog;Geography;easy;Open Trivia DB
What did Gregory Mendel use to test genetic crossovers?;Peas;Cats;Flowers;Parrots;"Science &amp; Nature";easy;Open Trivia DB
What is the 15th letter of the Greek alphabet?;"Omicron (&Omicron;)";"Sigma (&Sigma;)";"Pi (&Pi;)";"Nu (&Nu;)";Geography;easy;Open Trivia DB
What is the northernmost human settlement with year round inhabitants?;Alert, Canada;Nagurskoye, Russia;McMurdo Station, Antarctica;"Honningsv&aring;g, Norway";Geography;medium;Open Trivia DB
Which of the following anime of the mecha genre began airing in 1982?;The Super Dimension Fortress Macross;Mobile Suit Gundam;Armored Trooper VOTOMS;Neon Genesis Evangelion;"Entertainment: Japanese Anime &amp; Manga";medium;Open Trivia DB
In Counter Strike: Global Offensive, what is the code implanted onto the C4 as the Terrorists plant the bomb?;7355608;7890728;7256380;7726354;Entertainment: Video Games;hard;Open Trivia DB
What was Genghis Khan's real name?;"Tem&uuml;jin";"M&ouml;ngke";"&Ouml;gedei";"Tem&uuml;r";History;medium;Open Trivia DB
Which country is completely landlocked by South Africa?;Lesotho;Swaziland;Botswana;Zimbabwe;Geography;hard;Open Trivia DB
In Divinity: Original Sin II, what is the name of the skeletal origin character?;Fane;Lohse;The Red Prince;There are no skeletal origin characters;Entertainment: Video Games;easy;Open Trivia DB
Which mountain has the highest peak in Africa?;Mount Kilimanjaro, Tanzania;Mount Kenya, Kenya;Mount Stanley, DR Congo/Uganda;Mount Speke, Uganda;General Knowledge;medium;Open Trivia DB
The Tsar Bomba, the most powerful nuclear bomb ever tested, had a yield of 50 megatons but theoretically had a maximum yield of how much?;100 Megatons;200 Megatons;75 Megatons;150 Megatons;History;medium;Open Trivia DB
In the anime Initial D, how does Takumi Fujiwara describe a drift?;'. . . the front tires slide so the car won't face the inside';'. . . the wheels lose traction, making the car slide sideways';'. . . the car oversteers through a curve, causing it to turn faster';'. . . you turn a lot';"Entertainment: Japanese Anime &amp; Manga";hard;Open Trivia DB
"In the 2002 video game ""Kingdom Hearts"", how many Keyblades are usable?";18;13;16;15;Entertainment: Video Games;easy;Open Trivia DB
Which was the first of Alfred Hitchcock's movies to be filmed in colour?;Rope;Psycho;Vertigo;Rebecca;Entertainment: Film;hard;Open Trivia DB
How many carbon cars are there in Burnout Paradise?;6;4;3;5;Entertainment: Video Games;easy;Open Trivia DB
What Magic: The Gathering card's flavor text is just 'Ribbit.'?;Turn to Frog;Spore Frog;Bloated Toad;Frogmite;Entertainment: Board Games;hard;Open Trivia DB
In the Homestuck Series, what is the alternate name for the Kingdom of Lights?;Prospit;No Name;Golden City;Yellow Moon;Entertainment: Comics;hard;Open Trivia DB
In the game Call of Duty, what is the last level where you play as an American soldier?;Festung Recogne;Ste. Mere-Eglise (Day);Chateau;Brecourt;Entertainment: Video Games;hard;Open Trivia DB
In June 2017, Saudi Arabia and Egypt broke off ties with which country over its supposed support for terrorism?;Qatar;Bahrain;United States of America;Russia;Politics;hard;Open Trivia DB
"What was the name of the Mysterious Island, in Jules Verne's ""The Mysterious Island""?";Lincoln Island;Vulcania Island;Prometheus Island;Neptune Island;Entertainment: Books;medium;Open Trivia DB
What numbers did Sayaka Maizono write on the wall in Dangan Ronpa Trigger Happy Havoc?;11037;4, 8, 15, 16, 23, 42;55730;3, 9, 11, 12, 15, 17,;Entertainment: Video Games;medium;Open Trivia DB
What was the destination of the missing flight MH370?;Beijing;Kuala Lumpur;Singapore;Tokyo;General Knowledge;medium;Open Trivia DB
What was George Michael's chart-topping 1987 debut studio album?;Faith;Songs from the Last Century;Patience;Older;Entertainment: Music;medium;Open Trivia DB
Who is the founder of Palantir?;Peter Thiel;Mark Zuckerberg;Marc Benioff;Jack Dorsey;Science: Computers;hard;Open Trivia DB
The Panama Canal was finished under the administration of which U.S. president?;Woodrow Wilson;Franklin Delano Roosevelt;Herbert Hoover;Theodore Roosevelt;History;medium;Open Trivia DB
According to scholarly estimates, what percentage of the world population at the time died due to Tamerlane's conquests?;5%;1%;3%;<1%;History;medium;Open Trivia DB
What was the nickname of the original model for Half-Life's protagonist Gordon Freeman?;Ivan the Space Biker;Gordon the Space Biker;Ivan the Alien Biker;Gordon the Alien Biker;Entertainment: Video Games;hard;Open Trivia DB
What name did Tom Hanks give to his volleyball companion in the film `Cast Away`?;Wilson;Friday;Jones;Billy;Entertainment: Film;easy;Open Trivia DB
"Where in La Coru&ntilde;a (Spain) is the headquarters of ""Inditex"", the biggest fashion group in the world?";Arteijo;Sanjenjo;"Mug&iacute;a";"&Oacute;rdenes";General Knowledge;hard;Open Trivia DB
"Which of these characters live in a pineapple under the sea in the cartoon ""SpongeBob SquarePants"".";SpongeBob SquarePants;Patrick Star;Squidward Tentacles;Mr. Krabs;"Entertainment: Cartoon &amp; Animations";easy;Open Trivia DB
What technology is named after a tenth-century ruler of Denmark and Norway?;Bluetooth;Wi-Fi;GPS;Internet;General Knowledge;easy;Open Trivia DB
In computing, what does LAN stand for?;Local Area Network;Long Antenna Node;Light Access Node;Land Address Navigation;Science: Computers;easy;Open Trivia DB
What was the first feature-length computer-animated movie?;Toy Story;Tron;Lion king;101 Dalmatians;Entertainment: Film;easy;Open Trivia DB
"According to Sherlock Holmes, ""If you eliminate the impossible, whatever remains, however improbable, must be the...""";Truth;Answer;Cause;Source;General Knowledge;easy;Open Trivia DB
Butters Stotch, Pip Pirrup, and Wendy Testaburger are all characters in which long running animated TV series?;South Park;The Simpsons;Family Guy;Bob's Burgers;"Entertainment: Cartoon &amp; Animations";easy;Open Trivia DB
What is the name of the peninsula containing Spain and Portugal?;Iberian Peninsula;European Peninsula;Peloponnesian Peninsula;Scandinavian Peninsula;Geography;easy;Open Trivia DB
"Which show is known for the songs ""You are a Pirate"", ""Cooking by the Book"" and ""We Are Number One""?";LazyTown;Sofia the First;DuckTales;Tom and Jerry;Entertainment: Television;easy;Open Trivia DB
Which country was NOT part of the Soviet Union?;Romania;Turkmenistan;Belarus;Tajikistan;Geography;easy;Open Trivia DB
Who won the 10th season of Big Brother in the United States?;Dan Gheesling;Adam Jasinski;Hayden Moss;Dick Donato;Entertainment: Television;easy;Open Trivia DB
"Who played the female lead in the 1933 film ""King Kong""?";Fay Wray;Jean Harlow;Vivien Leigh;Mae West;Entertainment: Film;easy;Open Trivia DB
What is the atomic mass of Carbon?;12;14;16;10;"Science &amp; Nature";easy;Open Trivia DB
In Avengers: Infinity War, where was the Soul Stone located?;Vormir;Xandar;Knowhere;Asgard;Entertainment: Film;easy;Open Trivia DB
In Minecraft, which two items must be combined to craft a torch?;Stick and Coal;Stick and Fire;Wood and Coal;Wood and Fire;Entertainment: Video Games;easy;Open Trivia DB
According to the United States Constitution, how old must a person be to be elected President of the United States?;35;30;40;45;Politics;easy;Open Trivia DB
Which English football club has the nickname 'The Foxes'?;Leicester City;Northampton Town;Bradford City;West Bromwich Albion;Sports;easy;Open Trivia DB
"What was Frank West's job in ""Dead Rising""?";Photojournalist;Janitor;Chef;Taxi Driver;Entertainment: Video Games;easy;Open Trivia DB
The asteroid belt is located between which two planets?;Mars and Jupiter;Jupiter and Saturn;Mercury and Venus;Earth and Mars;"Science &amp; Nature";easy;Open Trivia DB
"Where is the train station ""Llanfair&shy;pwllgwyngyll&shy;gogery&shy;chwyrn&shy;drobwll&shy;llan&shy;tysilio&shy;gogo&shy;goch""?";Wales;Moldova;Czech Republic;Denmark;General Knowledge;easy;Open Trivia DB
How many countries does the United States share a land border with?;2;1;3;4;Geography;easy;Open Trivia DB
Which movie released in 2016 features Superman and Batman fighting?;Batman v Superman: Dawn of Justice;Batman v Superman: Superapocalypse;Batman v Superman: Black of Knight;Batman v Superman: Knightfall;Entertainment: Film;easy;Open Trivia DB
"In the TV show ""Mad Men"", what was Donald Draper's birthname?";"Richard ""Dick"" Whitman";Donald Draper;John Ashbury;"Michael ""Mikey"" Wilhelm";Entertainment: Television;easy;Open Trivia DB
"Who is the leader of Team Mystic in Pok&eacute;mon Go?";Blanche;Candela;Spark;Willow;Entertainment: Video Games;easy;Open Trivia DB
In the original Mega Man series, who is Mega Man's arch nemesis?;Dr. Wily;Dr. Light;Dr. Bad;Mr. Z;Entertainment: Video Games;easy;Open Trivia DB
According to the Book of Genesis in the Old Testament, how many days did it take God to create the world?;Six;Seven;One;Twelve;General Knowledge;easy;Open Trivia DB
What is the most expensive weapon in Counter-Strike: Global Offensive?;Scar-20/G3SG1;M4A1;AWP;R8 Revolver;Entertainment: Video Games;easy;Open Trivia DB
What was the nickname given to the Hughes H-4 Hercules, a heavy transport flying boat which achieved flight in 1947?;Spruce Goose;Noah's Ark;Fat Man;Trojan Horse;General Knowledge;easy;Open Trivia DB
What does the term USB stand for?;Universal Serial Bus;Universal Simtex Blot;Unified Signal Bus;Unityped Semtex Backer;Science: Computers;easy;Open Trivia DB
What is the unit of electrical resistance?;Ohm;Mho;Tesla;Joule;"Science &amp; Nature";easy;Open Trivia DB
What is the last name of Edward and Alphonse in the Fullmetal Alchemist series.;Elric;Ellis;Eliek;Elwood;"Entertainment: Japanese Anime &amp; Manga";easy;Open Trivia DB
Who was the first president of the United States?;George Washington;James Madison;Thomas Jefferson;James K. Polk;History;easy;Open Trivia DB
Which game was the Game of the Year in 2018?;God of War;Detroit: Become Human;Red Dead Redemption 2;A Way Out;History;easy;Open Trivia DB
Which South American country fought Great Britain over the Falkland Islands in 1982?;Argentina;Brazil;Chile;Venezuela;History;easy;Open Trivia DB
Who is the main protagonist of Dead Space?;Isaac Clarke;Commander Shepard;Gordon Freeman;Master Chief;Entertainment: Video Games;easy;Open Trivia DB
"The ""British Invasion"" was a cultural phenomenon in music where British boy bands became popular in the USA in what decade?";60's;50's;40's;30's;Entertainment: Music;easy;Open Trivia DB
What is the world's oldest known piece of fiction?;Epic of Gilgamesh;Papyrus of Ani;Code of Hammurabi;Rosetta Stone;Art;easy;Open Trivia DB
Which 'Family Guy' character got his own spin-off show in 2009?;Cleveland Brown;Glenn Quagmire;Joe Swanson;The Greased-up Deaf Guy;"Entertainment: Cartoon &amp; Animations";easy;Open Trivia DB
Which country, not including Japan, has the most people of Japanese descent?;Brazil;China;South Korea;United States of America;General Knowledge;easy;Open Trivia DB
"In the survival horror game, ""Cry of Fear,"" what was the name of Simon's close friend/potential love interest?";Sophie;Olivia;Jessica;Alice;Entertainment: Video Games;easy;Open Trivia DB
What company develops the Rock Band series of rhythm games?;Harmonix;Activision;Konami;Electronic Arts;Entertainment: Video Games;easy;Open Trivia DB
"In ""Overwatch"", what is the name of the company that made D.Va's mech?";MEKA;MI8;KPAMC;JSAMB;Entertainment: Video Games;easy;Open Trivia DB
What is the hottest planet in the Solar System?;Venus;Mars;Mercury;Jupiter;"Science &amp; Nature";easy;Open Trivia DB
The Ottoman Empire was dissolved after their loss in which war?;World War I;Crimean War;Serbian Revolution;Second Balkan War;History;easy;Open Trivia DB
When Gmail first launched, how much storage did it provide for your email?;1GB;512MB;5GB;Unlimited;Science: Computers;easy;Open Trivia DB
The greek god Poseidon was the god of what?;The Sea;War;Sun;Fire;Mythology;easy;Open Trivia DB
Named after a character he played in a 1969 film, what is the name of the ski resort in Utah that Robert Redford bought in 1968?;Sundance;Woodward;Turner;Booker;Celebrities;easy;Open Trivia DB
"What animation studio produced ""Gurren Lagann""?";Gainax;Kyoto Animation;Pierrot;A-1 Pictures;"Entertainment: Japanese Anime &amp; Manga";easy;Open Trivia DB
"The derisive acronym ""PIIGS"" refers to which of the following European countries and their economic statuses?";Portugal, Ireland, Italy, Greece, Spain;Poland, Iceland, Italy, Greece, Serbia;Poland, Iceland, Italy, Greenland, Spain;Portugal, Iceland, Ireland, Greece, Serbia;Geography;easy;Open Trivia DB
"Who starred in the film 1973 movie ""Enter The Dragon""?";Bruce Lee;Jackie Chan;Jet Li;Yun-Fat Chow;Entertainment: Film;easy;Open Trivia DB
What does GHz stand for?;Gigahertz;Gigahotz;Gigahetz;Gigahatz;Science: Computers;easy;Open Trivia DB
"What video game sparked controversy because of its hidden ""Hot Coffee"" minigame?";Grand Theft Auto: San Andreas;Grand Theft Auto: Vice City;Hitman: Blood Money;Cooking Mama;Entertainment: Video Games;easy;Open Trivia DB
In baseball, how many fouls are an out?;0;5;3;2;Sports;easy;Open Trivia DB
Who rode on horseback to warn the Minutemen that the British were coming during the U.S. Revolutionary War?;Paul Revere;Thomas Paine;Henry Longfellow;Nathan Hale;History;easy;Open Trivia DB
Who was the first prime minister of Canada?;John Macdonald;John Abbott;Alexander Mackenzie;Robert Borden;History;easy;Open Trivia DB
Which language is most widely spoken in Switzerland?;German;French;Italian;Swiss;General Knowledge;easy;Open Trivia DB
What battle was the longest in World War I, lasting approximately 303 days?;Battle of Verdun;Battle of Passchendaele;Battle of Amiens;Battle of Stalingrad;History;easy;Open Trivia DB
Which of the following nations was NOT a belligerent in World War I?;Denmark;Portugal;Greece;Romania;General Knowledge;easy;Open Trivia DB
"Which Van Gogh painting depicts the view from his asylum in Saint-R&eacute;my-de-Provence in southern France?";The Starry Night;Wheatfields with Crows;The Sower with Setting Sun;The Church at Auvers;Art;easy;Open Trivia DB
"In ""Breaking Bad"", Walter White is a high school teacher diagnosed with which form of cancer?";Lung Cancer;Prostate Cancer;Brain Cancer;Testicular Cancer;Entertainment: Television;easy;Open Trivia DB
Which Animal Crossing game was for the Nintendo Wii?;Animal Crossing: City Folk;Animal Crossing: New Leaf;Animal Crossing: Wild World;Animal Crossing: Population Growing!;Entertainment: Video Games;easy;Open Trivia DB
"Where would you find the ""Spanish Steps""?";Rome, Italy;Barcelona, Spain;Berlin, Germany;London, England;Geography;easy;Open Trivia DB
How would one say goodbye in Spanish?;"Adi&oacute;s";Hola;Au Revoir;Salir;General Knowledge;easy;Open Trivia DB
How many syllables make up a haiku?;17;15;10;21;General Knowledge;easy;Open Trivia DB
"Who voiced the Genie in Disney's ""Aladdin""?";Robin Williams;Billy Crystal;Adam Sandler;Jim Carrey;"Entertainment: Cartoon &amp; Animations";easy;Open Trivia DB
Which of the following songs was not originally released by Sir Elton John?;You'll Be In My Heart;Crocodile Rock;Candle in the Wind;I Don't Wanna Go On With You Like That;Entertainment: Music;easy;Open Trivia DB
Who was the King of Gods in Ancient Greek mythology?;Zeus;Apollo;Hermes;Poseidon;Mythology;easy;Open Trivia DB
In Rust, how many Timed Explosive Charges does it take to destroy a Ladder Hatch?;1;3;2;5;Entertainment: Video Games;easy;Open Trivia DB
Who was the most streamed artist on Spotify in 2019?;Post Malone;Billie Eilish;Ariana Grande;Drake;Entertainment: Music;easy;Open Trivia DB
"What year did ""Attack on Titan"" first air?";2013;2014;2012;2015;"Entertainment: Japanese Anime &amp; Manga";easy;Open Trivia DB
Who won the 2017 Formula One World Drivers' Championship?;Lewis Hamilton;Sebastian Vettel;Nico Rosberg;Max Verstappen;Sports;easy;Open Trivia DB
What is the full meaning of RAM?;Random Access Memory;Random Assist Memory;Rand Assist Mandate;Ram;General Knowledge;easy;Open Trivia DB
"Who is the author of the manga series ""Astro Boy""?";Osamu Tezuka;Mitsuteri Yokoyama;Takao Saito;Yoshihiro Tatsumi;"Entertainment: Japanese Anime &amp; Manga";easy;Open Trivia DB
In which country is the city of Rio de Janeiro?;Brazil;Peru;Chile;Venezuela;Geography;easy;Open Trivia DB
Which one of these superhero teams appears in the Invincible comics?;Guardians of the Globe;Avengers;Justice League;Teenage Mutant Ninja Turtles;Entertainment: Comics;easy;Open Trivia DB
Which of the following is the world's best-selling book?;The Lord of the Rings;The Little Prince;Harry Potter and the Philosopher's Stone;The Da Vinci Code;Entertainment: Books;easy;Open Trivia DB
In Avengers: Infinity War, the Reality Stone (aka the Aether) was kept under safe possession by who?;The Collector;Doctor Strange;The Grandmaster;Scarlet Witch;Entertainment: Film;easy;Open Trivia DB
"The two main characters of ""No Game No Life"", Sora and Shiro, together go by what name?";Blank;Immanity;Disboard;Warbeasts;"Entertainment: Japanese Anime &amp; Manga";easy;Open Trivia DB
Which of the following landmarks is not located in New York City?;Lincoln Memorial;Empire State Building;Times Square;Central Park;General Knowledge;easy;Open Trivia DB
How many moons does the Earth have?;1;0;2;3;"Science &amp; Nature";easy;Open Trivia DB
Which company did Valve cooperate with in the creation of the Vive?;HTC;Oculus;Google;Razer;General Knowledge;easy;Open Trivia DB
What is on display in the Madame Tussaud's museum in London?;Wax sculptures;Designer clothing;Unreleased film reels;Vintage cars;General Knowledge;easy;Open Trivia DB
Which of the following was NOT a playable character in the game Kingdom Hearts: Birth by Sleep?;Ignis;Ventus;Terra;Aqua;Entertainment: Video Games;easy;Open Trivia DB
Gordon Freeman is said to have burnt and destroyed what food in the break room microwave?;Casserole;Sub Sandwich;Chicken Soup;Pepperoni Pizza;Entertainment: Video Games;easy;Open Trivia DB
Which film has been critically regarded as the best film of all time?;Citizen Kane;Avatar;The Godfather Part II;The Room;Entertainment: Film;easy;Open Trivia DB
What is the closest planet to our solar system's sun?;Mercury;Mars;Jupiter;Earth;General Knowledge;easy;Open Trivia DB
Which of these films is NOT set in Los Angeles?;RoboCop;Blade Runner;The Terminator;Predator 2;Entertainment: Film;easy;Open Trivia DB
What game was used to advertise Steam?;Counter-Strike 1.6;Half-Life;Half-Life 2;Team Fortress;Entertainment: Video Games;easy;Open Trivia DB
What is the historical name of Sri Lanka?;Ceylon;Myanmar;Colombo;Badulla;History;easy;Open Trivia DB
On a standard American QWERTY keyboard, what symbol will you enter if you hold the shift key and press 1?;Exclamation Mark;Dollar Sign;Percent Sign;Asterisk;Science: Computers;easy;Open Trivia DB
"Who is the protagonist in the game ""The Walking Dead: Season One""?";Lee Everett;Clementine;Kenny;Rick Grimes;Entertainment: Video Games;easy;Open Trivia DB
Which of the following is not a Flintstones character?;Lord Rockingham IX;Rockhead Slate;The Great Gazoo;Barney Rubble;"Entertainment: Cartoon &amp; Animations";easy;Open Trivia DB
By definition, where does an abyssopelagic animal live?;At the bottom of the ocean;In the desert;On top of a mountain;Inside a tree;Animals;easy;Open Trivia DB
What caused the titular mascot of Yo-Kai Watch, Jibanyan, to become a yokai?;Being run over by a truck;Ate one too many chocobars;Through a magical ritual;When he put on the harmaki;"Entertainment: Japanese Anime &amp; Manga";easy;Open Trivia DB
Which one of these was not a beach landing site in the Invasion of Normandy?;Silver;Gold;Juno;Sword;History;easy;Open Trivia DB
What is the powerhouse of the cell?;Mitochondria;Ribosome;Redbull;Nucleus;"Science &amp; Nature";easy;Open Trivia DB
What was James Coburn's last film role before his death?;American Gun;Monsters Inc;Texas Rangers;Snow Dogs;Celebrities;easy;Open Trivia DB
In which year was Nelson Mandela released from prison;1990;1994;1992;1980;History;easy;Open Trivia DB
What is the collective noun for a group of crows?;Murder;Pack;Gaggle;Herd;Animals;easy;Open Trivia DB
What was the name of the cancelled sequel of Team Fortress?;Team Fortress 2: Brotherhood of Arms;Team Fortress 2: Desert Mercenaries;Team Fortress 2: Operation Gear Grinder;Team Fortress 2: Return to Classic;Entertainment: Video Games;easy;Open Trivia DB
"In the words of his 1973 song, Bob Dylan is ""knock, knock, knockin"" on which door?";Heaven's;Opportunity's;Angie's;Eileen's;Entertainment: Music;easy;Open Trivia DB
What superhero has been played in film by actors Michael Keaton, Val Kilmer, George Clooney and Christian Bale?;Batman;Superman;Iron Man;Spiderman;Entertainment: Film;easy;Open Trivia DB
If soccer is called football in England, what is American football called in England?;American football;Combball;Handball;Touchdown;Geography;easy;Open Trivia DB
Neil Hamburger is played by which comedian?;Gregg Turkington;Nathan Fielder;Tim Heidecker;Todd Glass;Celebrities;easy;Open Trivia DB
"In ""Call Of Duty: Zombies"", what is the name of the machine that upgrades weapons?";Pack-A-Punch;Wunderfizz;Gersch Device;Mule Kick;Entertainment: Video Games;easy;Open Trivia DB
How many colors are there in a rainbow?;7;8;9;10;General Knowledge;easy;Open Trivia DB
Which Greek & Roman god was known as the god of music, truth and prophecy, healing, the sun and light, plague, poetry, and more?;Apollo;Aphrodite;Artemis;Athena;Mythology;easy;Open Trivia DB
How many stars are featured on New Zealand's flag?;4;5;2;0;Geography;easy;Open Trivia DB
When someone is inexperienced they are said to be what color?;Green;Red;Blue;Yellow;General Knowledge;easy;Open Trivia DB
Which of the following languages does NOT use the Latin alphabet?;Georgian;Turkish;Swahili;Vietnamese;Geography;easy;Open Trivia DB
In what city in the dystopia alternate future of Half-Life 2 do you first start in?;City 17;City 18;City 6;City 45;Entertainment: Video Games;easy;Open Trivia DB
What is Cuba's official, most widely spoken language?;Spanish;Portuguese;French;Italian;General Knowledge;easy;Open Trivia DB
"Which famous world leader is famed for the saying, ""Let them eat cake"", yet is rumored that he/she never said it at all?";Marie Antoinette;Czar Nicholas II;Elizabeth I;Henry VIII;History;easy;Open Trivia DB
"Who is the main character in ""The Stanley Parable""?";Stanley;The Adventure Line;The Narrator;The Boss;Entertainment: Video Games;easy;Open Trivia DB
When was the FC Schalke 04 founded?;1904;1909;2008;1999;Sports;easy;Open Trivia DB
"In the 1951 movie ""The Day The Earth Stood Still"" which US city did the alien spaceship land in?";Washington D.C.;Los Angeles;New York;Philadelphia;Entertainment: Film;easy;Open Trivia DB
"If you are caught ""Goldbricking"", what are you doing wrong?";Slacking;Smoking;Stealing;Cheating;General Knowledge;easy;Open Trivia DB
"The ""Day of Defeat"" series of games take place during which war?";World War II;World War I;Vietnam War;Iraq War;Entertainment: Video Games;easy;Open Trivia DB
"What is the name of the game developer who created ""Call Of Duty: Zombies""?";Treyarch;Sledgehammer Games;Infinity Ward;Naughty Dog;Entertainment: Video Games;easy;Open Trivia DB
How many kilobytes in one gigabyte (in decimal)?;1000000;1024;1000;1048576;Science: Computers;easy;Open Trivia DB
"In ""Xenoblade Chronicles 2"", Which party member cannot use normal blades?";Tora;Rex;Zeke;Nia;Entertainment: Video Games;easy;Open Trivia DB
What year was Super Mario Bros. released?;1985;1983;1987;1986;Entertainment: Video Games;easy;Open Trivia DB
What planet is not named after a Greek or Roman god?;Earth;Jupiter;Mars;Mercury;General Knowledge;easy;Open Trivia DB
What is an example of a bacterial pathogen?;Cholera;Measles;AIDS;Ringworm;"Science &amp; Nature";easy;Open Trivia DB
Which 80s band is fronted by singer/guitarist Robert Smith?;The Cure;The Smiths;Echo & the Bunnymen;New Order;Entertainment: Music;easy;Open Trivia DB
"Which artist released the 2012 single ""Harlem Shake"", which was used in numerous YouTube videos in 2013?";Baauer;RL Grime;NGHTMRE;Flosstradamus;Entertainment: Music;easy;Open Trivia DB
How many spaces are there on a standard Monopoly board?;40;28;55;36;Entertainment: Board Games;easy;Open Trivia DB
Who is the main protagonist in Danganronpa 2: Goodbye Despair?;Hajime Hinata;Nagito Komaeda;Makoto Naegi;Junko Enoshima;Entertainment: Video Games;easy;Open Trivia DB
In Five Nights at Freddy's 1, how can you make Golden Freddy disappear?;Enable cameras;Turn on the light;Shut the door;Do nothing;Entertainment: Video Games;easy;Open Trivia DB
The name of Junko Enoshima's imposter at the beginning of Danganronpa: Trigger Happy Havoc is?;Mukuro Ikusaba;Ryota Mitarai;Ultimate Imposter;Komaru Naegi;"Entertainment: Japanese Anime &amp; Manga";easy;Open Trivia DB
Which type of rock is created by intense heat AND pressure?;Metamorphic;Sedimentary;Igneous;Diamond;"Science &amp; Nature";easy;Open Trivia DB
"In the anime ""My Hero Academia"", which character is shown with the ability to manipulate gravity?";Uraraka;Bakugo;Deku;Asui;"Entertainment: Japanese Anime &amp; Manga";easy;Open Trivia DB
Of the following months, which has the most amount of days?;December;April;September;November;General Knowledge;easy;Open Trivia DB
Which of these actors have NOT played Spiderman in the movies?;Michael Cera;Tobey Maguire;Andrew Garfield;Tom Holland;Entertainment: Film;easy;Open Trivia DB
"Who is considered the ""Father of Modern Philosophy""?";"Ren&eacute; Descartes";Plato;Albert Einstein;Antoine Lavoiser;General Knowledge;easy;Open Trivia DB
What country has had prime ministers named Eden, Major, Peel, Law, Brown and Heath?;United Kingdom;Australia;New Zealand;Canada;General Knowledge;easy;Open Trivia DB
What is the largest planet in the Solar System?;Jupiter;Saturn;Earth;Mars;"Science &amp; Nature";easy;Open Trivia DB
What is the SI unit for resistance?;Ohms;Ampheres;Siemens;Volts;Science: Gadgets;easy;Open Trivia DB
"What is the name of the 4-armed Chaos Witch from the 2016 video game ""Battleborn""?";Orendi;Orendoo;Oranda;Randy;Entertainment: Video Games;easy;Open Trivia DB
"Who played Deputy Marshal Samuel Gerard in the 1993 film ""The Fugitive""?";Tommy Lee Jones;Harrison Ford;Harvey Keitel;Martin Landau;Entertainment: Film;easy;Open Trivia DB
What band featured Sting, Stewart Copeland and Andy Summers?;The Police;Def Leppard;The Cure;Bon Jovi;Entertainment: Music;easy;Open Trivia DB
"What is the relationship between Rick and Morty in the show ""Rick and Morty""?";Grandfather and Grandson;Father and Son;Best Friends;Crimefighting Partners;"Entertainment: Cartoon &amp; Animations";easy;Open Trivia DB
"Who painted ""Swans Reflecting Elephants"", ""Sleep"", and ""The Persistence of Memory""?";Salvador Dali;Jackson Pollock;Vincent van Gogh;Edgar Degas;Art;easy;Open Trivia DB
Which actor plays Obi-Wan Kenobi in Star Wars Episodes I-III?;Ewan McGregor;Alec Guinness;Hayden Christensen;Liam Neeson;Entertainment: Film;easy;Open Trivia DB
"Which of the following is a class in the game ""Hearthstone""?";Priest;Sage;Cleric;Monk;Entertainment: Video Games;easy;Open Trivia DB
Which of the following Pacific Islander countries is ruled by a constitutional monarchy?;Tonga;Palau;Fiji;Kiribati;Politics;easy;Open Trivia DB
"In ""Shrek"", what comedic actor voices Donkey?";Eddie Murphy;Chris Rock;Richard Pryor;Bernie Mac;General Knowledge;easy;Open Trivia DB
Who is the frontman of the band 30 Seconds to Mars?;Jared Leto;Gerard Way;Matthew Bellamy;Mike Shinoda;Entertainment: Music;easy;Open Trivia DB
What is the name of Manchester United's home stadium?;Old Trafford;Anfield;City of Manchester Stadium;St James Park;Sports;easy;Open Trivia DB
Lanky, Funky, and Chunky are all characters featured in which series owned by Nintendo?;Donkey Kong;Mario;Kirby;Zelda;Entertainment: Video Games;easy;Open Trivia DB
Which of the following collision avoidance systems helps airplanes avoid colliding with each other?;TCAS;GPWS;OCAS;TAWS;Vehicles;easy;Open Trivia DB
What was the first ever London Underground line to be built?;Metropolitan Line;Circle Line;Bakerloo Line;Victoria Line;General Knowledge;easy;Open Trivia DB
In Danganronpa: Trigger Happy Havoc, what is the protagonist's name?;Makoto Naegi;Hajime Hinata;Nagito Komaeda;Komaru Naegi;Entertainment: Video Games;easy;Open Trivia DB
How many dots are on a single die?;21;24;15;18;Entertainment: Board Games;easy;Open Trivia DB
"The &ldquo;fairy&rdquo; type made it&rsquo;s debut in which generation of the Pokemon core series games?";6th;2nd;7th;4th;Entertainment: Video Games;easy;Open Trivia DB
"Swedish DJ Tim Bergling, who produced songs such as ""Levels"" and ""Wake Me Up"", is better known under what alias?";Avicii;deadmau5;Alesso;Skrillex;Entertainment: Music;easy;Open Trivia DB
Who plays the character of Po in the Kung Fu Panda movies?;Jack Black;Mirana Jonnes;McConahey Ramses;Jim Petersson;Entertainment: Film;easy;Open Trivia DB
"According to their longtime nickname, what kind of ""duo"" are Batman & Robin?";Dynamic;Dangerous;Dynastic;Delirious;Entertainment: Comics;easy;Open Trivia DB
"Who directed ""E.T. the Extra-Terrestrial"" (1982)?";Steven Spielberg;Stanley Kubrick;James Cameron;Tim Burton;Entertainment: Film;easy;Open Trivia DB
Red Vines is a brand of what type of candy?;Licorice;Lollipop;Chocolate;Bubblegum;General Knowledge;easy;Open Trivia DB
What war is Call Of Duty: Black Ops based on?;Cold War;WW3;Vietnam;WW1;Entertainment: Video Games;easy;Open Trivia DB
"Who is the armored titan in ""Attack On Titan""?";Reiner Braun;Armin Arlelt;Mikasa Ackermann;Eren Jaeger;"Entertainment: Japanese Anime &amp; Manga";easy;Open Trivia DB
Which of the following ancient peoples was NOT classified as Hellenic (Greek)?;Illyrians;Dorians;Achaeans;Ionians;History;easy;Open Trivia DB
What does the D stand for in D-pad, found on most video game controllers?;Directional;Dynamic;Dial-up;Design;Entertainment: Video Games;easy;Open Trivia DB
"In ""Jurassic World"", what is the name of the dinosaur that is a genetic hybrid?";Indominus Rex;Mosasaurus;Pteranodon;Tyrannosaurus Rex;Entertainment: Film;easy;Open Trivia DB
Which gaming console is developed by Sony?;PlayStation;Xbox;Atari;Nintendo Switch;Science: Gadgets;easy;Open Trivia DB
Which Italian city is home of the car manufacturer 'Fiat'?;Turin;Maranello;Modena;Rome;Vehicles;easy;Open Trivia DB
Which of these video game engines was made by the company Epic Games?;Unreal;Unity;Game Maker: Studio;Cry Engine;Entertainment: Video Games;easy;Open Trivia DB
Which artist painted the late 15th century mural 'The Last Supper'?;Leonardo da Vinci;Piero della Francesca;Paolo Uccello;Luca Pacioli;Art;easy;Open Trivia DB
What machine element is located in the center of fidget spinners?;Bearings;Axles;Gears;Belts;General Knowledge;easy;Open Trivia DB
Who painted the biblical fresco The Creation of Adam?;Michelangelo;Leonardo da Vinci;Caravaggio;Rembrandt;Art;easy;Open Trivia DB
"Which rap group released the album ""Straight Outta Compton""?";N.W.A;Wu-Tang Clan;Run-D.M.C.;Beastie Boys;Entertainment: Music;easy;Open Trivia DB
Which Teenage Mutant Ninja Turtle traditionally wears an orange bandana?;Michelangelo;Leonardo;Donatello;Raphael;"Entertainment: Cartoon &amp; Animations";easy;Open Trivia DB
"How many times do you fight Gilgamesh in ""Final Fantasy 5""?";6;4;5;3;Entertainment: Video Games;easy;Open Trivia DB
In which year was League of Legends released?;2009;2010;2003;2001;Entertainment: Video Games;easy;Open Trivia DB
"The ""K"" in ""K-Pop"" stands for which word?";Korean;Kenyan;Kazakhstan;Kuwaiti;Entertainment: Music;easy;Open Trivia DB
"In the ""Hitman"" series, what is the name of the main character?";Agent 47;Agent 27;Agent Smith;Agent 67;Entertainment: Video Games;easy;Open Trivia DB
"Which famous spy novelist wrote the childrens' story ""Chitty-Chitty-Bang-Bang""?";Ian Fleming;Joseph Conrad;John Buchan;Graham Greene;Entertainment: Books;easy;Open Trivia DB
Which of the following is not one of the groups on the periodic table?;Fluorines;Alkali Metals;Halogens;Noble Gases;"Science &amp; Nature";easy;Open Trivia DB
How many pieces are there on the board at the start of a game of chess?;32;16;20;36;Entertainment: Board Games;easy;Open Trivia DB
In the anime Noragami who is one of the main protagonists?;Yukine;Karuha;Mineha;Mayu;"Entertainment: Japanese Anime &amp; Manga";easy;Open Trivia DB
What is the mathematician Euler's first name?;Leonhard;Lionel;Andrin;Ajan;Science: Mathematics;easy;Open Trivia DB
What is the speed of light in a vacuum?;299,792,458 m/s;50,461 m/s;308,215,043 m/s;751,665,014,151 m/s;"Science &amp; Nature";easy;Open Trivia DB
What name was historically used for the Turkish city currently known as Istanbul?;Constantinople;"H&uuml;davendigar";"S&ouml;ğ&uuml;t";Adrianople;Geography;easy;Open Trivia DB
What is the name of the album released in 2014 by American band Maroon 5?;V;X;III;IV;Entertainment: Music;easy;Open Trivia DB
In a standard game of Monopoly, what colour are the two cheapest properties?;Brown;Green;Yellow;Blue;Entertainment: Board Games;easy;Open Trivia DB
"Which European city is known as the ""City of Light""?";Paris;Rome;London;Madrid;Geography;easy;Open Trivia DB
Which one of the following rhythm games was made by Harmonix?;Rock Band;Meat Beat Mania;Guitar Hero Live;Dance Dance Revolution;General Knowledge;easy;Open Trivia DB
What is the first Sony PlayStation console that runs on CD?;PS;PS2;PS3;PS4;Entertainment: Video Games;easy;Open Trivia DB
What amount of bits commonly equals one byte?;8;1;2;64;Science: Computers;easy;Open Trivia DB
What organ of the body produces bile?;Liver;Gallbladder;Pancreas;Stomach;General Knowledge;easy;Open Trivia DB
"What year was the game ""Overwatch"" revealed?";2014;2015;2011;2008;Entertainment: Video Games;easy;Open Trivia DB
"What's the name of the main protagonist in the ""Legend of Zelda"" franchise?";Link;Mario;Zelda;Pit;Entertainment: Video Games;easy;Open Trivia DB
"In the 2012 animated film ""Wolf Children"", what are the names of the wolf children?";Ame & Yuki;Hana & Yuki;Ame & Hana;Chuck & Anna;"Entertainment: Japanese Anime &amp; Manga";easy;Open Trivia DB
How many albums did King Gizzard & the Lizard Wizard release in 2017?;5;3;6;2;Entertainment: Music;easy;Open Trivia DB
"Satella in ""Re:Zero"" is the witch of what?";Envy;Pride;Sloth;Wrath;"Entertainment: Japanese Anime &amp; Manga";easy;Open Trivia DB
"This movie contains the quote, ""Houston, we have a problem.""";Apollo 13;The Right Stuff;Capricorn One;Marooned;Entertainment: Film;easy;Open Trivia DB
"""Grande Valse"" is a phrase from the song ""Gran Vals"". What is that song segment known as?";Nokia Tune;Hello Moto [Motorola Ringtone];Droid Ringtone;Microsoft Ringtone;Entertainment: Music;easy;Open Trivia DB
"In ""Undertale"", how many main endings are there?";3;2;5;13;Entertainment: Video Games;easy;Open Trivia DB
The Canadian $1 coin is colloquially known as a what?;Loonie;Boolie;Foolie;Moodie;General Knowledge;easy;Open Trivia DB
"What breed of dog was Marley in the film ""Marley & Me"" (2008)?";Labrador Retriever;Golden Retriever;Dalmatian;Shiba Inu;Entertainment: Film;easy;Open Trivia DB
What is the official language of Brazil?;Portuguese;Brazilian;Spanish;English;General Knowledge;easy;Open Trivia DB
What is the title of song on the main menu in Halo?;Halo;Opening Suite;Shadows;Suite Autumn;Entertainment: Video Games;easy;Open Trivia DB
In the game Half-Life, which enemy is showcased as the final boss?;The Nihilanth;Dr. Wallace Breen;G-Man;The Gonarch;Entertainment: Video Games;easy;Open Trivia DB
What is Laos?;Country;Region;River;City;Geography;easy;Open Trivia DB
"Who played the Waitress in the Spam sketch of ""Monty Python's Flying Circus""?";Terry Jones;Eric Idle;Graham Chapman;John Cleese;Entertainment: Television;easy;Open Trivia DB
What do the letters in the GMT time zone stand for?;Greenwich Mean Time;Global Meridian Time;General Median Time;Glasgow Man Time;General Knowledge;easy;Open Trivia DB
"In ""Yo! Noid 2,"" The Noid can perform what special move?";Dab;Pizza Throw;Dodge Roll;Spin Dash;Entertainment: Video Games;easy;Open Trivia DB
"When Donkey Kong died in the ""Donkey Kong Country"" episode ""It's a Wonderful Life"", who was his guardian angel?";Eddie the Mean Old Yeti;Kiddy Kong;Diddy Kong;King K. Rool;Entertainment: Television;easy;Open Trivia DB
Harvard University is located in which city?;Cambridge;Providence;New York;Washington D.C.;Geography;easy;Open Trivia DB
What year was the game Team Fortress 2 released?;2007;2009;2005;2010;Entertainment: Video Games;easy;Open Trivia DB
What is Tasmania?;An Australian State;A flavor of Ben and Jerry's ice-cream;A Psychological Disorder;The Name of a Warner Brothers Cartoon Character;General Knowledge;easy;Open Trivia DB
Which country hosted the 2020 Summer Olympics?;Japan;China;Australia;Germany;Sports;easy;Open Trivia DB
Which one of these characters is NOT a playable fighter in Super Smash Bros. Ultimate?;Kumatora;King K. Rool;Incineroar;Corrin;Entertainment: Video Games;easy;Open Trivia DB
"What mythology did the god ""Apollo"" come from?";Greek and Roman;Roman and Spanish;Greek and Chinese;Greek, Roman and Norse;Mythology;easy;Open Trivia DB
What do sailors call the front of a boat?;Bow;Stern;Port;Starboard;General Knowledge;easy;Open Trivia DB
Which restaurant's mascot is a clown?;McDonald's;Whataburger;Burger King;Sonic;General Knowledge;easy;Open Trivia DB
What is the equation for the area of a sphere?;"(4/3)&pi;r^3";"4&pi;r^2";"(1/3)&pi;hr^2";"&pi;r^4";Science: Mathematics;easy;Open Trivia DB
"In what sport is a ""shuttlecock"" used?";Badminton;Table Tennis;Rugby;Cricket;Sports;easy;Open Trivia DB
What does the F stand for in the FBI?;Federal;Foreign;Formal;First;General Knowledge;easy;Open Trivia DB
What is Grumpy Cat's real name?;Tardar Sauce;Sauce;Minnie;Broccoli;Animals;easy;Open Trivia DB
When was Pong released?;November 29, 1972;March 29, 2017;November 29, 1970;December 14, 1974;General Knowledge;easy;Open Trivia DB
In Night In The Woods, where does Gregg work?;Snack Falcon;Ol' Pickaxe;"Video Outpost ""Too""";Food Donkey;Entertainment: Video Games;easy;Open Trivia DB
In Black Hammer, what city did the heroes save from the Anti-God?;Spiral City;Mega-City One;Rockwood;Star City;Entertainment: Comics;easy;Open Trivia DB
Who had a 1969 top 5 hit with the song,  'A Boy Named Sue'?;Johnny Cash;Bob Dylan;Willie Nelson;Kris Kristofferson;Entertainment: Music;easy;Open Trivia DB
When was the DVD invented?;1995;2000;1990;1980;Science: Gadgets;easy;Open Trivia DB
"Which ""Call Of Duty: Zombies"" map introduced the ""Staffs Of The Ancients""?";Origins;Shangri-La;Revelations;Nuketown;Entertainment: Video Games;easy;Open Trivia DB
What is the least number of sides a polygon can have?;3;1;2;7;Science: Mathematics;easy;Open Trivia DB
In chess, which is a characteristic of the King's Gambit?;Sacrificing a pawn;Sacrificing the king for a queen;Castling kingside;Moving the king on the 2nd move;Entertainment: Board Games;easy;Open Trivia DB
Which nation claims ownership of Antarctica?;No one, but there are claims.;United States of America;United Nations;Australia;Geography;easy;Open Trivia DB
What is the hottest planet in the solar system;Venus;Jupiter;Mercury;Mars;"Science &amp; Nature";easy;Open Trivia DB
Wombats are native to which Country?;Australia;New Zealand;Papua New Guinea;Palau;Animals;easy;Open Trivia DB
Who made Garry's Mod?;Garry Newman;Randy Newman;Facepunch Studios;Gabe Newell;Entertainment: Video Games;easy;Open Trivia DB
"In the game ""Overwatch,"" what are the names of the two Australian criminals from the Junkers faction?";Junkrat and Roadhog;Roadrat and Junkhog;Ana and Pharah;McCree and Deadeye;Entertainment: Video Games;easy;Open Trivia DB
Which of the following African countries was most successful in resisting colonization?;Ethiopia;"C&ocirc;te d&rsquo;Ivoire";Congo;Namibia;History;easy;Open Trivia DB
League of Legends, DOTA 2, Smite and Heroes of the Storm are all part of which game genre?;Multiplayer Online Battle Arena (MOBA);Real Time Strategy (RTS);First Person Shooter (FPS);Role Playing Game (RPG);Entertainment: Video Games;easy;Open Trivia DB
The Italian automaker Lamborghini uses what animal as its logo?;Bull;Bat;Horse;Snake;Vehicles;easy;Open Trivia DB
How many bits are commonly in a single byte?;Eight bits;Six bits;Twelve bits;Fifteen bits;Science: Computers;easy;Open Trivia DB
In Kingdom Hearts, how many members does Organization XIII have in total?;14;10;13;12;Entertainment: Video Games;easy;Open Trivia DB
Who directed the Kill Bill movies?;Quentin Tarantino;Arnold Schwarzenegger;David Lean;Stanley Kubrick;Entertainment: Film;easy;Open Trivia DB
Who plays Alice in the Resident Evil movies?;Milla Jovovich;Madison Derpe;Milla Johnson;Kim Demp;Entertainment: Film;easy;Open Trivia DB
The biggest distinction between a eukaryotic cell and a prokaryotic cell is:;The presence or absence of a nucleus;The overall size;The presence or absence of certain organelles;The mode of reproduction;"Science &amp; Nature";easy;Open Trivia DB
The buried remains of which English explorer of Australia were found in London  in January 2019?;Matthew Flinders;William Bourke;Abel Tasman;Dirk Hartog;General Knowledge;easy;Open Trivia DB
What mytological creatures have women's faces and vultures' bodies?;Harpies;Mermaids;Nymph;Lilith;Mythology;easy;Open Trivia DB
What does IWHBYD stand for on the skull in the Halo series?;I Would Have Been Your Daddy;I Wanna Have Babies You Down;I Would Hate Being Your Driver;I Would Have Bought Your Dog;Entertainment: Video Games;easy;Open Trivia DB
What do you call a baby bat?;Pup;Cub;Chick;Kid;Animals;easy;Open Trivia DB
Trypophobia is the fear of;groups of holes;swimming in deep water;public speaking;eating too much;General Knowledge;easy;Open Trivia DB
"When one is ""envious"", they are said to be what color?";Green;Red;Blue;Yellow;General Knowledge;easy;Open Trivia DB
What was the best selling album of 2015?;Adele, 25;Fetty Wap, Fetty Wap;Taylor Swift, 1989;Justin Bieber, Purpose;Entertainment: Music;easy;Open Trivia DB
"Which modern country is known as ""The Graveyard of Empires""?";Afghanistan;China;Iraq;Russia;History;easy;Open Trivia DB
When is the Ides of March?;March 15;March 14;March 31;March 1;History;easy;Open Trivia DB
"On the show ""Rick and Morty"", in episode ""Total Rickall"", who was a parasite?";Pencilvester;Beth Smith;Summer Smith;Mr. Poopy Butthole;Entertainment: Television;easy;Open Trivia DB
In what Harry Potter book was a Horcrux first encountered?;The Chamber of Secrets;The Half-Blood Prince;The Goblet of Fire;The Deathly Hallows;Entertainment: Books;easy;Open Trivia DB
In the game Warframe, what is the bipedal robot from the Corpus faction called?;MOA;Corpus Tech;Crewman;Corpus Walker;Entertainment: Video Games;easy;Open Trivia DB
Who is the star of the AMC series Breaking Bad?;Walter White;Saul Goodman;Jesse Pinkman;Skyler White;Entertainment: Television;easy;Open Trivia DB
In the cartoon 'SpongeBob SquarePants', what did the acronym E.V.I.L stand for?;Every Villain Is Lemons;Every Villain Is Lemonade;Every Villain Is Limes;Each Villain Is Lemonade;Entertainment: Television;easy;Open Trivia DB
In what year was Hearthstone released?;2014;2011;2013;2012;Entertainment: Video Games;easy;Open Trivia DB
"The ""Trail of Tears"" was a result of which United States President's Indian Removal Policy?";Andrew Jackson;Harry S. Truman;Martin Van Buren;John Quincy Adams;History;easy;Open Trivia DB
What is the surname of one of the male teachers in the BBC series Postman Pat?;Pringle;Walker;Dorito;Lays;"Entertainment: Cartoon &amp; Animations";easy;Open Trivia DB
Which NFL team plays for New England?;Patriots;Chiefs;Dolphins;49ers;Sports;easy;Open Trivia DB
Sting, the lead vocalist of The Police, primarily plays what instrument?;Bass Guitar;Drums;Guitar;Keyboards;Entertainment: Music;easy;Open Trivia DB
How many planets are in our Solar System?;Eight;Nine;Seven;Ten;"Science &amp; Nature";easy;Open Trivia DB
"Which country produced football players such as Cafu, Roberto Carlos and Pel&eacute;?";Brazil;Argentina;Portugal;Spain;Sports;easy;Open Trivia DB
In which Indian city can the Taj Mahal be found?;Agra;Mumbai;Faridabad;Thane;Geography;easy;Open Trivia DB
Which team won 2014 FIFA World Cup in Brazil?;Germany;Argentina;Brazil;Netherlands;Sports;easy;Open Trivia DB
In World of Warcraft, What was the name of the spell that caused a plague that famously killed millions of players in 2005?;Corrupted Blood;Necrotic Plague;Unbound Infestation;Mutated Infection;Entertainment: Video Games;easy;Open Trivia DB
In Roman Numerals, what does XL equate to?;40;60;15;90;Science: Mathematics;easy;Open Trivia DB
"Whose albums included ""Back in Black"" and ""Ballbreaker""?";AC/DC;Iron Maiden;Black Sabbath;Metallica;Entertainment: Music;easy;Open Trivia DB
"The metric prefix ""atto-"" makes a measurement how much smaller than the base unit?";One Quintillionth;One Billionth;One Quadrillionth;One Septillionth;Science: Mathematics;easy;Open Trivia DB
Which one of the following musical instruments is NOT a part of the Woodwind section?;Trumpet;Clarinet;Oboe;Alto Saxophone;Entertainment: Music;easy;Open Trivia DB
"Whose 2016 presidential campaign slogan was ""Make America Great Again""?";Donald Trump;Ted Cruz;Marco Rubio;Bernie Sanders;Politics;easy;Open Trivia DB
Which of these African regions does *not* directly border the Democratic Republic of The Congo?;Sudan;Central African Republic;Tanzania;Zambia;Geography;easy;Open Trivia DB
Which Mario spin-off game did Waluigi make his debut?;Mario Tennis;Mario Party 3;Mario Kart: Double Dash!!;Mario Golf: Toadstool Tour;Entertainment: Video Games;easy;Open Trivia DB
In networking, what does OSPF stand for?;Open Shortest Path First;Order State Part First;Order Sense Ping Find;Open Signal Path Finder;Science: Computers;easy;Open Trivia DB
"Who was given the title ""Full Metal"" in the anime series ""Full Metal Alchemist""?";Edward Elric;Alphonse Elric;Van Hohenheim;Izumi Curtis;"Entertainment: Japanese Anime &amp; Manga";easy;Open Trivia DB
Which figure from Greek mythology traveled to the underworld to return his wife Eurydice to the land of the living?;Orpheus;Hercules;Perseus;Daedalus;Mythology;easy;Open Trivia DB
"In the video game franchise ""Halo"", what is the UNSC's main opposing faction called?";The Covenant;The Reckoning;The Peoples;The Slaughterers;Entertainment: Video Games;easy;Open Trivia DB
What is the name of the city that The Flintstones is based in?;Bedrock;Stoneville;Rockhampton;Boulder City;"Entertainment: Cartoon &amp; Animations";easy;Open Trivia DB
"The term ""battery"" to describe an electrical storage device was coined by?";Benjamin Franklin;Nikola Tesla;Luigi Galvani;Alessandro Volta;Science: Gadgets;easy;Open Trivia DB
In what year was the M1911 pistol designed?;1911;1907;1899;1917;History;easy;Open Trivia DB
What year was the game Dishonored released?;2012;2011;2008;2013;Entertainment: Video Games;easy;Open Trivia DB
How many Harry Potter books are there?;7;8;5;6;Entertainment: Books;easy;Open Trivia DB
Which team won the 2015-16 English Premier League?;Leicester City;Liverpool;Cheslea;Manchester United;Sports;easy;Open Trivia DB
Which is the capital of Spain?;Madrid;Paris;Barcelona;Lisboa;General Knowledge;easy;Open Trivia DB
In My Little Pony, what is the name of Applejack's younger sister?;Apple Bloom;Red Delicious;Apple Sweets;Apple Fritter;"Entertainment: Cartoon &amp; Animations";easy;Open Trivia DB
When was the Playstation 3 released?;November 11, 2006;January 8, 2007;December 25, 2007;July 16, 2006;General Knowledge;easy;Open Trivia DB
Which race in Guild Wars 2 believes in the Eternal Alchemy?;Asura;Humans;Norn;Charr;Entertainment: Video Games;easy;Open Trivia DB
Which of the following card games revolves around numbers and basic math?;Uno;Go Fish;Twister;Munchkin;General Knowledge;easy;Open Trivia DB
What language does Node.js use?;JavaScript;Java;Java Source;Joomla Source Code;Science: Computers;easy;Open Trivia DB
What is the largest country in the world?;Russia;Canada;China;United States;Geography;easy;Open Trivia DB
"In the movie ""Cast Away"" the main protagonist's best friend while on the island is named";Wilson;Carson;Jackson;Willy;Entertainment: Film;easy;Open Trivia DB
Who is the true moon princess in Sailor Moon?;Sailor Moon;Sailor Venus;Sailor Mars;Sailor Jupiter;"Entertainment: Japanese Anime &amp; Manga";easy;Open Trivia DB
What color is Ryūko Matoi's half of the Scissor Blade in the anime Kill la KIll?;Red;Green;Blue;Purple;"Entertainment: Japanese Anime &amp; Manga";easy;Open Trivia DB
"Which of the following is not the name of a ""Bond Girl""?";Vanessa Kensington;Pam Bouvier;Mary Goodnight;Wai Lin;Entertainment: Film;easy;Open Trivia DB
When did the TV show Rick and Morty first air on Adult Swim?;2013;2014;2016;2015;Entertainment: Television;easy;Open Trivia DB
Which country developed the AK-47 assault rifle?;Soviet Union;Iran;Israel;Poland;General Knowledge;easy;Open Trivia DB
Which German field marshal was known as the `Desert Fox`?;Erwin Rommel;Ernst Busch;Wolfram Freiherr von Richthofen;Wilhelm List;History;easy;Open Trivia DB
Who played Thanos in Avengers: Infinity War and Avengers: End Game?;Josh Brolin;Tom Hiddleston;Adam Sandler;Sean Gunn;Entertainment: Film;easy;Open Trivia DB
How many sides does a heptagon have?;7;5;4;9;Science: Mathematics;easy;Open Trivia DB
Which of the following Japanese islands is the biggest?;Honshu;Hokkaido;Shikoku;Kyushu;Geography;easy;Open Trivia DB
"Which actor portrays ""Walter White"" in the series ""Breaking Bad""?";Bryan Cranston;Andrew Lincoln;Aaron Paul;RJ Mitte;Entertainment: Television;easy;Open Trivia DB
"In ""One Piece,"" what color is Tony Tony Chopper's nose?";Blue;Black;Grey;Red;"Entertainment: Japanese Anime &amp; Manga";easy;Open Trivia DB
"In the 1993 Disney animated series ""Bonkers"", what is the name of Bonker's second partner?";Miranda Wright;Dick Tracy;Eddie Valiant;Dr. Ludwig von Drake;"Entertainment: Cartoon &amp; Animations";easy;Open Trivia DB
The Nike apparel and footwear brand takes it's name from the Greek goddess of what?;Victory;Courage;Strength;Honor;Mythology;easy;Open Trivia DB
"Who is the leader of Team Instinct in Pok&eacute;mon Go?";Spark;Candela;Blanche;Willow;Entertainment: Video Games;easy;Open Trivia DB
Who is the author of Jurassic Park?;Michael Crichton;Peter Benchley;Chuck Paluhniuk;Irvine Welsh;General Knowledge;easy;Open Trivia DB
"Which car tire manufacturer is famous for its ""P Zero"" line?";Pirelli;Goodyear;Bridgestone;Michelin;Vehicles;easy;Open Trivia DB
Which is the longest bone in the human body?;Femur;Scapula;Fibula;Ulna;"Science &amp; Nature";easy;Open Trivia DB
What is the title of the first Sherlock Holmes book by Arthur Conan Doyle?;A Study in Scarlet;The Sign of the Four;A Case of Identity;The Doings of Raffles Haw;Entertainment: Books;easy;Open Trivia DB
"What is the name of the main character in ""The Flash"" TV series?";Barry Allen;Oliver Queen;Bart Allen;Bruce Wayne;Entertainment: Television;easy;Open Trivia DB
What comes after a Million, a Billion, and a Trillion?;Quadrillion;Sextillion;Quintillion;Septillion;Science: Mathematics;easy;Open Trivia DB
"What is the name of the planet that the Doctor from television series ""Doctor Who"" comes from?";Gallifrey;Sontar;Skaro;Mondas;Entertainment: Television;easy;Open Trivia DB
In the show Stranger Things, what is Eleven's favorite breakfast food?;Eggo Waffles;Toast;Captain Crunch;Bacon and Eggs;Entertainment: Television;easy;Open Trivia DB
"Who created the 2011 Video Game ""Minecraft""?";Markus Persson;Jens Bergensten;Daniel Rosenfeld;Carl Manneh;Entertainment: Video Games;easy;Open Trivia DB
Hippocampus is the Latin name for which marine creature?;Seahorse;Dolphin;Whale;Octopus;Animals;easy;Open Trivia DB
"""Doctor Who"" star David Tennant performed in a rendition of which Shakespearean play?";Hamlet;The Tempest;Othello;The Taming of the Shrew;"Entertainment: Musicals &amp; Theatres";easy;Open Trivia DB
How many studio albums have the duo Daft Punk released?;4;1;5;2;Entertainment: Music;easy;Open Trivia DB
What is the name of a nine sided polygon?;Nonagon;Hexagon;Octagon;Heptagon;Science: Mathematics;easy;Open Trivia DB
How old was Adolf Hitler when he died?;56;43;65;47;History;easy;Open Trivia DB
In the Super Mario Bros. Movie (2023), who plays Toad?;Keegan-Michael Key;Seth Rogan;Charlie Day;Jack Black;Entertainment: Film;easy;Open Trivia DB
What does LTS stand for in the software market?;Long Term Support;Long Taco Service;Ludicrous Transfer Speed;Ludicrous Turbo Speed;Science: Computers;easy;Open Trivia DB
What is the Capital of the United States?;Washington, D.C.;Los Angelas, CA;New York City, NY;Houston, TX;Geography;easy;Open Trivia DB
In the lore of the PAYDAY series, which criminal was arrested and then latered rescued by the PAYDAY gang?;Hoxton;Dallas;Wolf;Chains;Entertainment: Video Games;easy;Open Trivia DB
What country was the Trabant 601 manufactured in?;East Germany;Soviet Union;Hungary;France;Vehicles;easy;Open Trivia DB
"In ""Phoenix Wright: Ace Attorney"" which character is the District Chief of Police?";Damon Gant;Miles Edgeworth;Lana Skye;Mike Meekins;Entertainment: Video Games;easy;Open Trivia DB
What was the name of the teenage witch played by Melisa Joan Hart who lives with her witch aunts Hilda and Zelda?;Sabrina;Hermione;Dorothy;Dahlia;Entertainment: Television;easy;Open Trivia DB
Guyana is in which continent?;South America;Africa;North America;Asia;Geography;easy;Open Trivia DB
"In ""ALF"", what was ALF's real name?";Gordon Shumway;Gordon Milipp;Gordon Foster;Gordon von Gam;Entertainment: Film;easy;Open Trivia DB
What is the Zodiac symbol for Gemini?;Twins;Fish;Scales;Maiden;General Knowledge;easy;Open Trivia DB
When was Google founded?;September 4, 1998;October 9, 1997;December 12, 1989;Feburary 7th, 2000;History;easy;Open Trivia DB
"In the game ""DELTARUNE"", what is Ralsei's special ability?";Pacify;Persuade;Eliminate;Hug;Entertainment: Video Games;easy;Open Trivia DB
The medical term for the belly button is which of the following?;Umbilicus;Nevus;Nares;Paxillus;"Science &amp; Nature";easy;Open Trivia DB
Which boxer was banned for taking a bite out of Evander Holyfield's ear in 1997?;Mike Tyson;Roy Jones Jr.;Evander Holyfield;Lennox Lewis;Sports;easy;Open Trivia DB
Which class of animals are newts members of?;Amphibian;Fish;Reptiles;Mammals;Animals;easy;Open Trivia DB
In the video-game franchise Kingdom Hearts, the main protagonist, carries a weapon with what shape?;Key;Sword;Pen;Cellphone;General Knowledge;easy;Open Trivia DB
"""Some people call me the space cowboy"" is the first line from what song?";The Joker;Fandango;Take The Money and Run;Fly Like an Eagle;Entertainment: Music;easy;Open Trivia DB
"In the 1986 film ""The Wraith"", what concept car is used for the Turbo Interceptor?";Dodge M4S;Pontiac Banshee;General Motors Firebird;Dodge Copperhead;Entertainment: Film;easy;Open Trivia DB
"What is the name of Chris's brother in ""Everybody Hates Chris""?";Drew;Jerome;Greg;Joe;Entertainment: Television;easy;Open Trivia DB
Who was the Confederate general in the American Civil War?;Robert E. Lee;George A. Custer;Ulysses S. Grant;George B. McClellan;History;easy;Open Trivia DB
Who is the lead singer of Green Day?;Billie Joe Armstrong;Mike Dirnt;Sean Hughes;"Tr&eacute; Cool";Entertainment: Music;easy;Open Trivia DB
How many soccer players should be on the field at the same time?;22;20;24;26;Sports;easy;Open Trivia DB
How many sides does a trapezium have?;4;3;5;6;Science: Mathematics;easy;Open Trivia DB
What is the first element on the periodic table?;Hydrogen;Helium;Oxygen;Lithium;"Science &amp; Nature";easy;Open Trivia DB
Jaguar Cars was previously owned by which car manfacturer?;Ford;Chrysler;General Motors;Fiat;Vehicles;easy;Open Trivia DB
Who wrote the novel 'Fear And Loathing In Las Vegas'?;Hunter S. Thompson;F. Scott Fitzgerald;Henry Miller;William S. Burroughs;Entertainment: Books;easy;Open Trivia DB
How many moons does Pluto have?;Five;Two;Three;One;"Science &amp; Nature";easy;Open Trivia DB
"Which of these levels does NOT appear in the console/PC versions of the game ""Sonic Generations""?";Mushroom Hill;City Escape;Planet Wisp;Sky Sanctuary;Entertainment: Video Games;easy;Open Trivia DB
What does the letter 'S' stand for in 'NASA'?;Space;Science;Society;Star;"Science &amp; Nature";easy;Open Trivia DB
Which one of these countries was NOT in the Central Powers during WWI?;Spain;Austria-Hungary;Turkey;Germany;History;easy;Open Trivia DB
Which of these animals are not real?;Nemean Lion;Sea Dragon;Tasmanian Devil;Giant Squid;Animals;easy;Open Trivia DB
"The Red Hot Chili Pepper song ""Give It Away"" is from what album?";Blood Sugar Sex Magik;One Hot Minute;By the Way;Stadium Arcadium;Entertainment: Music;easy;Open Trivia DB
In Star Trek: The Next Generation, what is the name of Data's cat?;Spot;Mittens;Tom;Kitty;Entertainment: Television;easy;Open Trivia DB
"""Hallelujah"" is a song written by which Canadian recording artist?";Leonard Cohen;Kory Lefkowits;Ryan Letourneau;Justin Bieber;Entertainment: Music;easy;Open Trivia DB
What was the cause of Marilyn Monroes suicide?;Drug Overdose;Knife Attack;House Fire;Gunshot;Celebrities;easy;Open Trivia DB
When was the game 'Portal 2' released?;2011;2014;2009;2007;Entertainment: Video Games;easy;Open Trivia DB
What is the elemental symbol for mercury?;Hg;Me;Mc;Hy;"Science &amp; Nature";easy;Open Trivia DB
What was the first James Bond film?;Dr. No;Goldfinger;From Russia With Love;Thunderball;Entertainment: Film;easy;Open Trivia DB
"This movie contains the quote, ""I feel the need ... the need for speed!""";Top Gun;Days of Thunder;The Color of Money;Cocktail;Entertainment: Film;easy;Open Trivia DB
In 1720, England was in massive debt and became involved in the South Sea Bubble. Who was the main mastermind behind it?;John Blunt;Daniel Defoe;Robert Harley;John Churchill;History;easy;Open Trivia DB
"Who wrote the award winning musical ""In The Heights""?";Lin-Manuel Miranda;Steven Sondheim;Francis Scott Key;John Phillips Sousa;"Entertainment: Musicals &amp; Theatres";easy;Open Trivia DB
"In ""Mean Girls"", who has breasts that tell when it's raining?";Karen Smith;Gretchen Weiners;Janice Ian;Cady Heron;Entertainment: Film;easy;Open Trivia DB
When was Marvel Comics founded?;1939;1932;1951;1936;Entertainment: Comics;easy;Open Trivia DB
"Who directed the 2015 movie ""The Revenant""?";"Alejandro G. I&ntilde;&aacute;rritu";Christopher Nolan;David Fincher;Wes Anderson;Entertainment: Film;easy;Open Trivia DB
"Which Pokemon generation did the fan-named ""Masuda Method"" first appear in?";Diamond/Pearl;Ruby/Sapphire;Black/White;X/Y;Entertainment: Video Games;easy;Open Trivia DB
How many strings are there on a cello?;4;5;6;8;Entertainment: Music;easy;Open Trivia DB
Who is the main antagonist in the Portal franchise?;GLaDOS;Chell;Wheatley;Rick;Entertainment: Video Games;easy;Open Trivia DB
"In ""Call Of Duty: Zombies"", what is the name of the Pack-A-Punched Crossbow?";Awful Lawton;Longinus;V-R11;Predator;Entertainment: Video Games;easy;Open Trivia DB
What is the shape of the toy invented by Hungarian professor Ernő Rubik?;Cube;Sphere;Cylinder;Pyramid;General Knowledge;easy;Open Trivia DB
What color is produced by mixing black and white?;Grey;Black;Brown;White;Art;easy;Open Trivia DB
Which city is the capital of the United States of America?;Washington D.C;Seattle;Albany;Los Angeles;Geography;easy;Open Trivia DB
In an orchestra, what is the lowest member of the brass family?;Tuba;Trombone;Contrabass;Bassoon;Entertainment: Music;easy;Open Trivia DB
Which of the following was Brazil was a former colony under?;Portugal;Spain;The Netherlands;France;History;easy;Open Trivia DB
Which of these following weapon or equipment exists in Counter Strike but not in Counter Strike: Source?;Tactical Shield;Molotov Cocktail;MP5 Navy;TMP;Entertainment: Video Games;easy;Open Trivia DB
Who is the main character of the game Half-Life: Opposing Force?;Adrian Shephard;Gordon Freeman;Alyx Vance;Barney Calhoun;Entertainment: Video Games;easy;Open Trivia DB
Who is the lead singer of the British pop rock band Coldplay?;Chris Martin;Jonny Buckland;Guy Berryman;Will Champion;Entertainment: Music;easy;Open Trivia DB
How many cards are there in a standard deck of playing cards?;52;32;40;64;General Knowledge;easy;Open Trivia DB
Which Grand Theft Auto (GTA) games have the same setting?;GTA V and GTA San Andreas;GTA V and GTA Vice City;GTA IV and GTA San Andreas;GTA IV and GTA Vice City;Entertainment: Video Games;easy;Open Trivia DB
In the original Spyro game who is the first villain?;Gnasty Gnorc;Ripto;Sorceress;Cynder;Entertainment: Video Games;easy;Open Trivia DB
"In which year was the pen and paper RPG ""Deadlands"" released?";1996;2003;1999;1993;Entertainment: Board Games;easy;Open Trivia DB
Where did first known lesbian rights organization in the United States, Daughters of Bilitis, start?;San Francisco;New York;Chicago;Los Angeles;History;easy;Open Trivia DB
"What is the Alien Race in the game ""Lego Racers 2"" known as?";Ramas;Slizers;Roboriders;Turagas;Entertainment: Video Games;easy;Open Trivia DB
What UK Train does NOT go over 125MPH?;Sprinter;Class 43;Javelin;Pendolino;Vehicles;easy;Open Trivia DB
Which of the following is not a faction in Tom Clancy's The Division?;CDC;Cleaners;Last Man Batallion;Rikers;Entertainment: Video Games;easy;Open Trivia DB
What is the frontman's name of the metal band Megadeth?;Dave Mustaine;Rob Halford;Vince Neil;James Hetfield;Entertainment: Music;easy;Open Trivia DB
George Orwell wrote this book, which is often considered a statement on government oversight.;1984;The Old Man and the Sea;Catcher and the Rye;To Kill a Mockingbird;Entertainment: Books;easy;Open Trivia DB
"How many seasons did the Sci-Fi television show ""Stargate Universe"" have?";2;10;5;3;Entertainment: Television;easy;Open Trivia DB
Which superhero is known for his super speed?;Flash;Superman;Batman;Spiderman;Entertainment: Comics;easy;Open Trivia DB
How many federal states does Germany have?;16;13;32;25;Geography;easy;Open Trivia DB
Who succeded Josef Stalin as the leader of the Soviet Union?;Nikita Krushchev;Lavrentiy Beria;Vyacheslav Molotov;Georgy Malenkov;History;easy;Open Trivia DB
The Kākāpō is a large, flightless, nocturnal parrot native to which country?;New Zealand;South Africa;Australia;Madagascar;Animals;easy;Open Trivia DB
In which war did the atomic bombings of Hiroshima and Nagasaki occur?;World War II;World War I;Russo-Japanese War;First Sino-Japanese War;History;easy;Open Trivia DB
In the first game of the Sly Cooper franchise, what family heirloom did Sly Cooper want to steal back?;Thievius Raccoonus;Raccoon Training 101;The Art of Sneak;Raccoonus Teachus;Entertainment: Video Games;easy;Open Trivia DB
What does GPS stand for?;Global Positioning System;Global Personal System;General Positioning System;General Personal Satellite;Science: Gadgets;easy;Open Trivia DB
What TV show featured older women named Blanche, Rose, Dorothy and Sophia?;The Golden Girls;Cheers;The Wonder Years;Family Ties;Entertainment: Television;easy;Open Trivia DB
What produces the green colour of most plant leaves?;Chlorophyll;Light refraction;Natural pigments;UV radiation;"Science &amp; Nature";easy;Open Trivia DB
Which country won the 2018 FIFA World Cup hosted in Russia?;France;Croatia;Belgium;England;Sports;easy;Open Trivia DB
Which country was Josef Stalin born in?;Georgia;Russia;Germany;Poland;History;easy;Open Trivia DB
"In the Pixar film, ""Toy Story"" what was the name of the child who owned the toys?";Andy;Edward;Danny;Matt;"Entertainment: Cartoon &amp; Animations";easy;Open Trivia DB
"When does ""Rogue One: A Star Wars Story"" take place chronologically in the series?";Between Episode 3 and 4;After Episode 6;Before Episode 1;Between Episode 4 and 5;Entertainment: Film;easy;Open Trivia DB
What Nationality is D.Va from Overwatch?;Korean;Japanese;Chinese;Vietnamese;Entertainment: Video Games;easy;Open Trivia DB
Which country features a maple leaf on its flag?;Canada;Mexico;Brazil;India;Geography;easy;Open Trivia DB
What are the names of the Ice Climbers in the video game Ice Climber?;Popo and Nana;Popo and Nina;Papi and Nana;Papi and Nina;Entertainment: Video Games;medium;Open Trivia DB
"Which one of the first four titles of the ""Grand Theft Auto"" franchise started the series of iconic image grid cover arts?";Grand Theft Auto III;Grand Theft Auto;Grand Theft Auto II;Grand Theft Auto Vice City;Entertainment: Video Games;medium;Open Trivia DB
Who is a co-founder of music streaming service Spotify?;Daniel Ek;Sean Parker;Felix Miller;Michael Breidenbruecker;General Knowledge;medium;Open Trivia DB
What is the fastest animal?;Peregrine Falcon;Golden Eagle;Cheetah;Horsefly;Animals;medium;Open Trivia DB
Who was the Prime Minister of the United Kingdom for most of World War II?;Winston Churchill;Neville Chamberlain;Harold Macmillan;Edward Heath;History;medium;Open Trivia DB
"In Overwatch, what is L&uacute;cio's full name?";"L&uacute;cio Correia Dos Santos";"L&uacute;cio Luiz L&oacute;s Guilherme";"L&uacute;cio Jo&atilde;o Lucas";"L&uacute;cio Chupar Prima";Entertainment: Video Games;medium;Open Trivia DB
How many baby/milk teeth does a human child have in total?;20;10;15;25;"Science &amp; Nature";medium;Open Trivia DB
When was the original Star Wars: Battlefront II released?;October 31, 2005;December 18, 2004;November 21, 2006;September 9, 2007;Entertainment: Video Games;medium;Open Trivia DB
"What nation produces roughly 40% of the world&rsquo;s vanilla?";Madagascar;Indonesia;China;Mexico;General Knowledge;medium;Open Trivia DB
What was the character Kirby originally going to be named?;Popopo;Dedede;Waddle Dee;Prince Puff;Entertainment: Video Games;medium;Open Trivia DB
In what year was McDonald's founded?;1955;1964;1951;1947;General Knowledge;medium;Open Trivia DB
What do the 4 Rings in Audi's Logo represent?;Previously independent automobile manufacturers;States in which Audi makes the most sales;Main cities vital to Audi;Countries in which Audi makes the most sales;Vehicles;medium;Open Trivia DB
Which company developed the MMO Spiral Knights (2011)?;Three Rings Design;Sega;Electronic Arts;Double Fine;Entertainment: Video Games;medium;Open Trivia DB
"Which of these songs is NOT in The Beatles' album ""Sgt. Pepper's Lonely Hearts Club Band""?";Strawberry Fields Forever;Getting Better;Fixing a Hole;Lucy in the Sky with Diamonds;Entertainment: Music;medium;Open Trivia DB
What is the state capital of South Dakota?;Pierre;Sioux Falls;Rapid City;Watertown;Geography;medium;Open Trivia DB
"The 2023 Beatles song ""Now and Then"" originated from an unfinished demo recorded by which Beatle?";John Lennon;Paul McCartney;George Harrison;Ringo Starr;Entertainment: Music;medium;Open Trivia DB
"At which university do ""The Big Bang Theory"" characters Mr. Wolowitz and Drs. Cooper, Hofstadter and Koothrappali work?";Caltech;UCLA;MIT;UC Berkeley;Entertainment: Television;medium;Open Trivia DB
In which city did American rap producer DJ Khaled originate from?;Miami;New York;Detroit;Atlanta;Entertainment: Music;medium;Open Trivia DB
What is the half-life of Uranium-235?;703,800,000 years;4,300,400,000 years;1,260,900,000 years;Uranium-235 is a stable isotope;"Science &amp; Nature";medium;Open Trivia DB
"In ""World of Warcraft,"" what dragon appears in the human guise of Lord Victor Nefarius?";Nefarian;Nefarius;Neltharion;Nefaran;Entertainment: Video Games;medium;Open Trivia DB
Marvel vs Capcom 2: New age of Heroes was released in what year?;2000;2001;2003;1998;Entertainment: Video Games;medium;Open Trivia DB
What were Marcel Duchamp's readymades?;utilitarian objects elevated to the status of art;a series focused on color and light as opposed to line and shape;paintings with a barely visible outlined square;a group of identical steel boxes jutting from the wall;Art;medium;Open Trivia DB
"Which greek god/goddess tossed a golden apple with the words ""for the fairest"" into the middle of the feast of the gods?";Eris;Hades;Ares;Artemis;Mythology;medium;Open Trivia DB
Which studio made Cowboy Bebop?;Sunrise;Bones;Madhouse;Pierriot;"Entertainment: Japanese Anime &amp; Manga";medium;Open Trivia DB
Who won the 1994 San Marino Grand Prix, the race in which Ayrton Senna was killed?;Michael Schumacher;Nicola Larini;Gerhard Berger;"Mika H&auml;kkinen";Sports;medium;Open Trivia DB
Saul Hudson (Slash) of the band Guns N' Roses is known for playing what type of guitar?;Les Paul Standard;Fender Stratocaster;LsL Mongrel;Gretsch Falcon;Entertainment: Music;medium;Open Trivia DB
How many Wii consoles were sold worldwide?;101,630,000;67,000,000;148,000,000;80,000,000;Entertainment: Video Games;medium;Open Trivia DB
In which country was the 1992 Summer Olympics Games held?;Spain;Russia;Korea;USA;General Knowledge;medium;Open Trivia DB
Which of the following countries is an island?;Cyprus;Azerbaijan;El Salvador;Djibouti;Geography;medium;Open Trivia DB
What was the first Call of Duty game to include the Zombies gamemode?;Call of Duty: World at War;Call of Duty: Black Ops;Call of Duty: Modern Warfare 2;Call of Duty: Black Ops III;Entertainment: Video Games;medium;Open Trivia DB
"Which of these songs is not on the ""untitled"" album by Led Zeppelin?";Celebration Day;Stairway to Heaven;Black Dog;Rock and Roll;Entertainment: Music;medium;Open Trivia DB
What is the official national language of Pakistan?;Urdu;Indian;Punjabi;Pashto;Geography;medium;Open Trivia DB
In which years did the Battle of Gallipoli take place?;1915 - 1916;1914 - 1918;1914 - 1915;1915 - 1918;History;medium;Open Trivia DB
"In the ""Halo"" franchise, in what country is New Mombasa?";Kenya;India;Turkey;Slovakia;Entertainment: Video Games;medium;Open Trivia DB
Between 1973 to 1990, what country was ruled by dictator Augusto Pinochet?;Chile;Ethiopia;Indonesia;Nicaragua;Politics;medium;Open Trivia DB
In Overwatch, how old is Reinhardt Wilhelm?;61;59;65;62;Entertainment: Video Games;medium;Open Trivia DB
"What's the famous line Vaas says in ""Far Cry 3""?";Did I ever tell you the definition of Insanity?;Have I failed to entertain you?;You're my b*tch!;Maybe your best course...would be to tread lightly.;Entertainment: Video Games;medium;Open Trivia DB
"In the MMO RPG ""Realm of the Mad God"", what class is known for having the highest possible defense?";The Knight;The Wizard;The Archer;The Warrior;Entertainment: Video Games;medium;Open Trivia DB
In which 1973 film does Yul Brynner play a robotic cowboy who malfunctions and goes on a killing spree?;Westworld;Runaway;Android;The Terminators;Entertainment: Film;medium;Open Trivia DB
In Terraria, what does the Wall of Flesh not drop upon defeat?;Picksaw;Pwnhammer;Breaker Blade;Laser Rifle;Entertainment: Video Games;medium;Open Trivia DB
"How many different notes is the tune, ""Song of Healing"", comprised of in ""The Legend of Zelda: Majora's Mask""?";3;4;1;6;Entertainment: Video Games;medium;Open Trivia DB
"How many Star Spirits do you rescue in the Nintendo 64 video game ""Paper Mario""?";7;5;10;12;Entertainment: Video Games;medium;Open Trivia DB
Who invented Pastafarianism?;Bobby Henderson;Eric Tignor;Bill Nye;Zach Soldi;General Knowledge;medium;Open Trivia DB
Which of these is NOT a terrorist faction in Counter-Strike (2000)?;Midwest Militia;Phoenix Connection;Elite Crew;Guerrilla Warfare;Entertainment: Video Games;medium;Open Trivia DB
Which NASA Space Shuttle broke apart during atmospheric re-entry on February 1, 2003?;Columbia;Challenger;Discovery;Endeavour;"Science &amp; Nature";medium;Open Trivia DB
The fraudelent doctor John R. Brinkley acummulated great fame and wealth in the early 1900s offering what service?;Goat testicles transplant;Pig blood transfusion;Cow liver transplant;Turkey breast implants;History;medium;Open Trivia DB
"The musical ""Dirty Rotten Scoundrels"" is set in what country?";France;USA;Germany;Sweden;"Entertainment: Musicals &amp; Theatres";medium;Open Trivia DB
"""The A Team"" first aired in the USA and in the UK in what year?";1983;1981;1985;1987;Entertainment: Television;medium;Open Trivia DB
Which of these facilities was not present on the Titanic?;Fainting room;Turkish bath;Kennel;Squash court;History;medium;Open Trivia DB
Which of these songs was NOT released in the 90s?;"""I Want It All"" by Queen";"""Vogue"" by Madonna";"""Can't Stop This Thing We Started"" by Bryan Adams";"""King of Wishful Thinking"" by Go West";Entertainment: Music;medium;Open Trivia DB
What is the largest Muslim country in the world?;Indonesia;Pakistan;Saudi Arabia;Iran;Geography;medium;Open Trivia DB
On the cover of 'Abbey Road,' which of the Beatles is not wearing shoes?;Paul McCartney;Ringo Starr;John Lennon;George Harrison;Entertainment: Music;medium;Open Trivia DB
"The book ""Fahrenheit 451"" was written by whom?";Ray Bradbury;R. L. Stine;Wolfgang Amadeus Mozart;Stephen King;Entertainment: Books;medium;Open Trivia DB
"What is the perk that was introduced in the ""Call Of Duty: Zombies"" map, ""Mob Of The Dead""?";Electric Cherry;Quick Revive;Vulture Aid;Tombstone;Entertainment: Video Games;medium;Open Trivia DB
In which Mario game did the Mega Mushroom make its debut?;Mario Party 4;New Super Mario Bros.;Mario Kart Wii;Super Mario 3D World;Entertainment: Video Games;medium;Open Trivia DB
How many teeth does the average adult mouth have (except for wisdom teeth)?;32;36;20;28;"Science &amp; Nature";medium;Open Trivia DB
The Battle of the Somme in World War I took place in which country?;France;Germany;Italy;Austria;History;medium;Open Trivia DB
In what year did Texas secede from Mexico?;1836;1838;1845;1844;History;medium;Open Trivia DB
"What were the first two Pok&eacute;mon games released?";Red and Green;Red and Blue;Green and Blue;Red and Yellow;Entertainment: Video Games;medium;Open Trivia DB
Montreal is in which Canadian province?;Quebec;Ontario;Nova Scotia;Alberta;Geography;medium;Open Trivia DB
What is the smallest country in South America by area?;Suriname;Brazil;Uruguay;Chile;Geography;medium;Open Trivia DB
"When was the play ""Macbeth"" written?";1606;1605;1723;1628;"Entertainment: Musicals &amp; Theatres";medium;Open Trivia DB
In what year was the famous 45 foot tall Hollywood sign first erected?;1923;1903;1913;1933;History;medium;Open Trivia DB
Which band had hits in 1975 with the songs, 'One Of These Nights' & 'Lyin Eyes'?;The Eagles;Fools Gold;The Doobie Brothers;Fleetwood Mac;Entertainment: Music;medium;Open Trivia DB
"Madonna's song ""Hung Up"" includes a piece from which popular 70s song?";Gimmie! Gimmie! Gimme! (A Man After Midnight);Staying Alive;Night Fever;The Chain;Entertainment: Music;medium;Open Trivia DB
"What is the scientific name for the ""Polar Bear""?";Ursus Maritimus;Polar Bear;Ursus Spelaeus;Ursus Arctos;Animals;medium;Open Trivia DB
Who is regarded as the best Romanian footballer of all time?;Gheorghe Hagi;Cristian Chivu;Nicolae Dobrin;Gheorghe Popescu;Sports;medium;Open Trivia DB
Which of the following superheros did Wonder Woman NOT have a love interest in?;Green Arrow;Superman;Batman;Steve Trevor;Entertainment: Comics;medium;Open Trivia DB
Who won the 2015 College Football Playoff (CFP) National Championship?;Ohio State Buckeyes;Alabama Crimson Tide;Clemson Tigers;Wisconsin Badgers;Sports;medium;Open Trivia DB
"Which rock band released the album ""The Bends"" in March 1995?";Radiohead;Nirvana;Coldplay;U2;Entertainment: Music;medium;Open Trivia DB
"What is the name of the first boss the player encounters in the 2017 game, ""Little Nightmares""?";The Janitor;The Warden;The Caretaker;The Overseer;Entertainment: Video Games;medium;Open Trivia DB
Which movie sequel had improved box office results compared to its original film?;Toy Story 2;Sin City: A Dame to Kill For;Speed 2: Cruise Control;Son of the Mask;Entertainment: Film;medium;Open Trivia DB
In the Mario Kart and Smash Bros. Games, Princess Rosalina is considered what weight class?;Heavy;Medium;Light;Light-Medium;Entertainment: Video Games;medium;Open Trivia DB
Which survivor in Left 4 Dead sacrificed themself to save the other survivors?;Bill;Louis;Francis;Zoey;Entertainment: Video Games;medium;Open Trivia DB
Broome is a town in which state of Australia?;Western Australia;Northern Territory;South Australia;Tasmania;Geography;medium;Open Trivia DB
"Which of these is the name of a cut enemy from ""Half-Life 2""?";Hydra;Cthulu;Spike;Tremor;Entertainment: Video Games;medium;Open Trivia DB
Which one of these is not an official development name for a Ubuntu release?;Mystic Mansion;Trusty Tahr;Utopic Unicorn;Wily Werewolf;Science: Computers;medium;Open Trivia DB
Which town is the setting for the Disney movie The Love Bug (1968)?;San Francisco;Los Angeles;Sacramento;San Jose;Entertainment: Film;medium;Open Trivia DB
"In the Pok&eacute;mon series, which type is Sudowoodo, the Imitation Pok&eacute;mon?";Rock;Grass;Bug;Ground;Entertainment: Video Games;medium;Open Trivia DB
What is not a default game mode in Counter-Strike (2000)?;Arms Race;Hostage Rescue;Bomb Defusal;Assassination;Entertainment: Video Games;medium;Open Trivia DB
"In the beginning of the game ""Sonic Adventure"", what color Chaos Emerald does Tails own?";Purple;Red;Green;Blue;Entertainment: Video Games;medium;Open Trivia DB
Who are the two protagonists of the game Yakuza 0?;Kazuma Kiryu and Goro Majima;Shintaro Kazama and Kazuma Kiryu;Keiji Shibusawa and Daisaku Kuze;Akira Nishikiyama and Tetsu Tachibana;Entertainment: Video Games;medium;Open Trivia DB
What does AD stand for in relation to Windows Operating Systems?;Active Directory;Alternative Drive;Automated Database;Active Department;Science: Computers;medium;Open Trivia DB
Which of the following spacecraft never touched the moon?;Mariner 4;Apollo 11;Luna 2;SMART-1;"Science &amp; Nature";medium;Open Trivia DB
Who was Hannibal?;Carthaginian general;British serial killer;French explorer;Greek philosopher;History;medium;Open Trivia DB
"Which country was Eliza ""Ash"" Cohen from ""Tom Clancy's Rainbow Six Siege"" born in?";Israel;United States of America;Mexico;Canada;Entertainment: Video Games;medium;Open Trivia DB
In vanilla Minecraft, you can make armor out of all BUT which of the following?;Emeralds;Diamonds;Iron;Leather;Entertainment: Video Games;medium;Open Trivia DB
Which of the following bands is Tom DeLonge not a part of?;+44;Box Car Racer;Blink-182;Angels & Airwaves;Entertainment: Music;medium;Open Trivia DB
What is the correct spelling of the protagonist of the book in The NeverEnding Story (1984)?;Atreyu;Atrayu;Atraiyu;Atraeyu;Entertainment: Film;medium;Open Trivia DB
Which car manufacturer won the 2017 24 Hours of Le Mans?;Porsche;Toyota;Audi;Chevrolet;Sports;medium;Open Trivia DB
Out of these four buildings, which one is the tallest, with a height of 1,483 ft (451.9 m)?;Petronas Twin Towers, Malaysia;Zifeng Tower, China;Trump Intl. Hotel & Tower, United States;Al Hamra Tower, Kuwait;General Knowledge;medium;Open Trivia DB
Which of the following ancient Near Eastern peoples still exists as a modern ethnic group?;Assyrians;Babylonians;Hittites;Elamites;History;medium;Open Trivia DB
Which of the following created and directed the Katamari Damacy series?;Keita Takahashi;Hideki Kamiya;Shu Takumi;Shinji Mikami;Entertainment: Video Games;medium;Open Trivia DB
Which of these is not a single by Pink Floyd guitarist, David Gilmour?;Sunset Strip;Rattle That Lock;Blue Light;Arnold Layne;Entertainment: Music;medium;Open Trivia DB
What was the name given to Japanese military dictators who ruled the country through the 12th and 19th Century?;Shogun;Ninja;Samurai;Shinobi;General Knowledge;medium;Open Trivia DB
The city of Rockport is featured in which of the following video games?;Need for Speed: Most Wanted (2005);Infamous 2;Saints Row: The Third;Burnout Revenge;Entertainment: Video Games;medium;Open Trivia DB
"In ""To Love-Ru: Darkness"", which of the girls attempt making a harem for Rito Yuuki?";Momo Deviluke;Yami (Golden Darkness);Haruna Sairenji;Mea Kurosaki;"Entertainment: Japanese Anime &amp; Manga";medium;Open Trivia DB
Which American family band had a 1986 top 10 hit with the song 'Crush On You'?;The Jets;DeBarge;The Jacksons;The Cover Girls;Entertainment: Music;medium;Open Trivia DB
"Which planet did the ""Viking 1"" spacecraft send surface images of, starting in 1976?";Mars;Saturn;Jupiter;Venus;"Science &amp; Nature";medium;Open Trivia DB
"In ""Call of Duty: Black Ops III"" Zombies, what does completing all the main easter eggs reward you with?";1,000,000 XP;Juggernog at the start of each game;50 Liquid Diviniums;All three options.;Entertainment: Video Games;medium;Open Trivia DB
Which of these albums is a Wu-Tang Clan album?;Iron Flag;Perfect Hair;The Low End Theory;Licensed to Ill;Entertainment: Music;medium;Open Trivia DB
"Which of these countries is ""doubly landlocked"" (surrounded entirely by one or more landlocked countries)?";Uzbekistan;Switzerland;Bolivia;Ethiopia;Geography;medium;Open Trivia DB
"In ""The Lord of the Rings,"" who is the owner of Asfaloth, the horse which brings Frodo to Rivendell?";Glorfindel;Arwen;Aragorn;Haldir;Entertainment: Books;medium;Open Trivia DB
Which character in Touhou is able to control dolls?;Alice Margatroid;Marisa Kirisame;Clownpiece;Flandre Scarlet;"Entertainment: Japanese Anime &amp; Manga";medium;Open Trivia DB
What is the scientific term for 'taste'?;Gustatory Perception;Olfaction;Somatosensation;Auditory Perception;"Science &amp; Nature";medium;Open Trivia DB
What is the average lifespan of a domestic rabbit?;8-12 years;1-2 years;4-7 years;14-20 years;Animals;medium;Open Trivia DB
"The mobile game ""Jetpack Joyride"" was released in what year?";2011;2012;2009;2014;Entertainment: Video Games;medium;Open Trivia DB
"In the anime series ""Full Metal Alchemist"", what do Alchemists consider the greatest taboo?";Human Transmutation;Transmuting Lead Into Gold;Using Alchemy For Crime;Preforming Without A Permit;"Entertainment: Japanese Anime &amp; Manga";medium;Open Trivia DB
In which country's version of Half-Life are the HECU Marines replaced with robots?;Germany;Japan;China;France;Entertainment: Video Games;medium;Open Trivia DB
"When was the programming language ""C#"" released?";2000;1998;1999;2001;Science: Computers;medium;Open Trivia DB
"When was the game ""Roblox"" released?";2006;2003;2002;2007;Entertainment: Video Games;medium;Open Trivia DB
"Which of these Queen songs were sampled for the baseline in Vanilla ""Ice's Ice Ice Baby?""";Under Pressure;Don't Stop Me Now;Brighton Rock;Lazing On A Sunday Afternoon;Entertainment: Music;medium;Open Trivia DB
Who is the primary lyricist for Canadian progressive rock band Rush?;Neil Peart;Geddy Lee;Alex Lifeson;John Rutsey;Entertainment: Music;medium;Open Trivia DB
How many sets of grandmaster witcher gear are in The Witcher 3's Blood and Wine DLC?;5;3;6;4;Entertainment: Video Games;medium;Open Trivia DB
"In what year did ""Bob Ross"" die?";1995;1986;1989;1997;Celebrities;medium;Open Trivia DB
"In ""The Big Bang Theory"", what is Howard Wolowitz's nickname in World of Warcraft?";Wolowizard;Sheldor;Rajesh;Priya;Entertainment: Television;medium;Open Trivia DB
"Who wrote the children's story ""The Little Match Girl""?";Hans Christian Andersen;Charles Dickens;Lewis Carroll;Oscar Wilde;Entertainment: Books;medium;Open Trivia DB
On average, Americans consume 100 pounds of what per second?;Chocolate;Potatoes;Donuts;Cocaine;General Knowledge;medium;Open Trivia DB
What manufacturer made the car used in Back to the Future?;DeLorean;Ford;Toyota;Daihatsu;Vehicles;medium;Open Trivia DB
What Sims console game featured the Black Eyed Peas in the game?;The Urbz: Sims In The City;The Sims 2;The Sims;The Sims: Bustin Out;Entertainment: Video Games;medium;Open Trivia DB
Which of the following countries is within the Eurozone but outside of the Schengen Area?;Cyprus;Malta;Greece;Portugal;Geography;medium;Open Trivia DB
What is Doug Walker's YouTube name?;The Nostalgia Critic;The Angry Video Game Nerd;AngryJoeShow;The Cinema Snob;Celebrities;medium;Open Trivia DB
"What is the area of a circle with a diameter of 20 inches if &pi;= 3.1415?";314.15 Inches;380.1215 Inches;3141.5 Inches;1256.6 Inches;Science: Mathematics;medium;Open Trivia DB
What is Scooby-Doo's real name?;Scoobert;Scooter;Scrappy;Shooby;"Entertainment: Cartoon &amp; Animations";medium;Open Trivia DB
"How many unique items does ""Borderlands 2"" claim to have?";87 Bazillion;87 Million;87 Trillion;87 Gazillion;Entertainment: Video Games;medium;Open Trivia DB
What is the colour of unoxidized blood?;Red;Blue;Purple;Green;"Science &amp; Nature";medium;Open Trivia DB
"About how much money did it cost for Tommy Wiseau to make his masterpiece ""The Room"" (2003)?";$6 Million;$20,000;$1 Million;$10 Million;Entertainment: Film;medium;Open Trivia DB
Which of the following countries has officially banned the civilian use of dash cams in cars?;Austria;United States;Czechia;South Korea;Vehicles;medium;Open Trivia DB
Joseph Smith was the founder of what religion?;Mormonism;Buddhism;Christianity;Hinduism;History;medium;Open Trivia DB
The historical city Timbuktu is located in which West African country?;Mali;Senegal;Niger;Burkina Faso;Geography;medium;Open Trivia DB
What was David Bowie's real surname?;Jones;Johnson;Edwards;Carter;Entertainment: Music;medium;Open Trivia DB
In the Halo series, what fleet was Thel 'Vadam supreme commander of before being branded an Arbiter?;Fleet of Particular Justice;Fleet of Sacred Consecration;Fleet of Furious Redemption;Fleet of Righteous Vigilance;Entertainment: Video Games;medium;Open Trivia DB
What was the name of the Secret Organization in the Hotline Miami series?;50 Blessings;American Blessings;50 Saints;USSR's Blessings;Entertainment: Video Games;medium;Open Trivia DB
"A mathematical constant, known as ""The Golden Ratio"", is most commonly represented by which greek letter?";"&Phi; (phi)";"&pi; (pi)";"&Psi; (psi)";"&Tau; (tau)";Science: Mathematics;medium;Open Trivia DB
"Who voices the main character Blu in the 2011 animated film ""Rio""?";Jesse Eisenberg;Michael Cera;Jonah Hill;Zach Galifianakis;Entertainment: Film;medium;Open Trivia DB
"In ""One Piece"", which one of the following is NOT an Ancient Weapon?";Jupiter;Uranus;Poseidon;Pluton;"Entertainment: Japanese Anime &amp; Manga";medium;Open Trivia DB
What is the scientific name of the Common Chimpanzee?;Pan troglodytes;Gorilla gorilla;Pan paniscus;Panthera leo;Animals;medium;Open Trivia DB
In what year was the video game company Electronic Arts founded?;1982;1999;1981;2005;History;medium;Open Trivia DB
"Which ""Toy Story"" character was voiced by Don Rickles?";Mr. Potato Head;Slinky Dog;Hamm;Rex;"Entertainment: Cartoon &amp; Animations";medium;Open Trivia DB
Who is the artist of the recent new album the Uncanny Valley?;Perturbator;Carpenter Brut;GOST;Dan Terminus;Entertainment: Music;medium;Open Trivia DB
Which of these is NOT a bone found in the human arm?;Tibia;Humerus;Ulna;Radius;"Science &amp; Nature";medium;Open Trivia DB
What is the oldest US state?;Delaware;Rhode Island;Maine;Virginia;History;medium;Open Trivia DB
Which of the following music bands is not from Finland?;Sabaton;Apocalyptica;Waltari;Lordi;Entertainment: Music;medium;Open Trivia DB
What is the official language in Barcelona beside Spanish?;Catalan;Galician;French;Basque;General Knowledge;medium;Open Trivia DB
"Which of the following games in the Anno series introduced the ""Eco Balance"" gameplay mechanic?";Anno 2070;Anno 1404;Anno 2205;Anno 1701;Entertainment: Video Games;medium;Open Trivia DB
When was Final Fantasy XV released?;November 29th, 2016;October 25th, 2016;December 31th, 2016;November 30th, 2016;Entertainment: Video Games;medium;Open Trivia DB
Gibraltar, located just south of the Iberian peninsula, is a territory of which West Europe country?;United Kingdom;Spain;Portugal;France;Geography;medium;Open Trivia DB
"Who painted ""The Scream""?";Edvard Munch;Vincent Van Gogh;Picasso;Henri Matisse;Art;medium;Open Trivia DB
Which of these American cities has fewer than 1,000,000 people?;San Francisco, California;Phoenix, Arizona;San Antonio, Texas;Philadelphia, Pennsylvania;Geography;medium;Open Trivia DB
All of the following programs are classified as raster graphics editors EXCEPT:;Inkscape;Paint.NET;GIMP;Adobe Photoshop;Science: Computers;medium;Open Trivia DB
In the comics, which Sonic character took command of the Dark Legion after Luger's assassination?;Lien-Da;Kragok;Dimitri;Remington;Entertainment: Comics;medium;Open Trivia DB
What cricketing term denotes a batsman being dismissed with a score of zero?;Duck;Bye;Beamer;Carry;Sports;medium;Open Trivia DB
"When was the 3rd album ""Notes from the Underground"" of the band ""Hollywood Undead"" released?";2013;2011;2014;2009;Entertainment: Music;medium;Open Trivia DB
Which song previously recorded by Elvis Presley was covered by UB40 with a reggae beat?;Can't Help Falling in Love;Jailhouse Rock;In the Ghetto;Wooden Heart;Entertainment: Music;medium;Open Trivia DB
Approximately how many Apple I personal computers were created?;200;100;500;1000;Science: Computers;medium;Open Trivia DB
How many permanent companions are there in the base game version of Fallout: New Vegas?;8;7;9;6;Entertainment: Video Games;medium;Open Trivia DB
In what year was Taylor Swift born?;1989;1988;1987;1990;Entertainment: Music;medium;Open Trivia DB
What is the name of the famous Apache leader who died in 1909 at the age of 70?;Geronimo;Sitting Bull;Red Cloud;Crazy Horse;History;medium;Open Trivia DB
Neptune's greek name was...;Poseidon;Ares;Zeus;Apollo;Mythology;medium;Open Trivia DB
Which franchise had a special event hosted in the popular MMORPG Final Fantasy XIV: A Realm Reborn?;Yo-kai Watch;"Pok&eacute;mon";Yu-gi-oh;Buddyfight;Entertainment: Video Games;medium;Open Trivia DB
What is the lowest amount of max health you can have in Team Fortress 2?;70;100;50;95;Entertainment: Video Games;medium;Open Trivia DB
"What is the make and model of the tour vehicles in ""Jurassic Park"" (1993)?";1992 Ford Explorer XLT;1992 Toyota Land Cruiser;1992 Jeep Wrangler YJ Sahar;Mercedes M-Class;Entertainment: Film;medium;Open Trivia DB
"What is the main character's name in ""Braid""?";Tim;Boregard;James;Jackson;Entertainment: Video Games;medium;Open Trivia DB
What is the surname of the character Daryl in AMC's show The Walking Dead?;Dixon;Grimes;Dickinson;Dicketson;Entertainment: Television;medium;Open Trivia DB
Which Hanna-Barbera cartoon character travelled with a canine companion named Beegle Beagle?;Grape Ape;Boss Gator;Wally Gator;Yogi Bear;"Entertainment: Cartoon &amp; Animations";medium;Open Trivia DB
Which dog breed is named after a region in Croatia;Dalmatian;Pekingnese;Chihuahua;Pomeranian;Animals;medium;Open Trivia DB
What was the first Android version specifically optimized for tablets?;Honeycomb;Eclair;Froyo;Marshmellow;Science: Computers;medium;Open Trivia DB
What is the standard frame rate for animation?;24 FPS;12 FPS;30 FPS;60 FPS;"Entertainment: Cartoon &amp; Animations";medium;Open Trivia DB
What year did Australia become a federation?;1901;1910;1899;1911;History;medium;Open Trivia DB
In the Mad Max franchise, what type of car is the Pursuit Special driven by Max?;Ford Falcon;Holden Monaro;Chrysler Valiant Charger;Pontiac Firebird;Entertainment: Film;medium;Open Trivia DB
"In the game ""Brawlhalla"", what species is the character B&ouml;dvar is?";Half Human / Half Bear;A Human;Half Wolf / Half Bear;Half Tiger /  Half Human;Entertainment: Video Games;medium;Open Trivia DB
In what year was the first eSports competition?;1972;1989;1990;2000;Entertainment: Video Games;medium;Open Trivia DB
Darth Vader's famous reveal to Luke is iconic. But which of these is the right one?;"""No. I am your father.""";"""Luke, I am your father.""";"""You're wrong. I am your father.""";"""The truth is that I am your father.""";Entertainment: Film;medium;Open Trivia DB
In what engine was Titanfall made in?;Source Engine;Frostbite 3;Unreal Engine;Cryengine;Entertainment: Video Games;medium;Open Trivia DB
"Which song by Swedish electronic musician Avicii samples the song ""Something's Got A Hold On Me"" by Etta James?";Levels;Fade Into Darkness;Silhouettes;Seek Bromance;Entertainment: Music;medium;Open Trivia DB
What stage of development do the majority of eukaryotic cells remain in for most of their life?;Interphase;Prophase;Stasis;Telophase;"Science &amp; Nature";medium;Open Trivia DB
"Which director directed the movie ""Pan's Labyrinth""?";Guillermo Del Toro;"Alfonso Cuar&oacute;n";"Alejandro Gonz&aacute;lez I&ntilde;&aacute;rritu";Alejandro Jodorowsky;Entertainment: Film;medium;Open Trivia DB
Which of the following carbonated soft drinks were introduced first?;Dr. Pepper;Coca-Cola;Sprite;Mountain Dew;General Knowledge;medium;Open Trivia DB
"What cell organelle is known as ""the powerhouse of the cell?""";Mitochondria;Nucleus;Golgi apparatus;Endoplasmic reticulum;"Science &amp; Nature";medium;Open Trivia DB
"What year did the movie ""Napoleon Dynamite"" come out?";2004;2002;2003;2005;Entertainment: Film;medium;Open Trivia DB
What do the Dutch call their language?;Nederlands;Dansk;Deutsch;Hollander;General Knowledge;medium;Open Trivia DB
Which of these roles in Town of Salem is mafia?;Disguiser;Escort;Lookout;Transporter;Entertainment: Video Games;medium;Open Trivia DB
The main protagonist of the fifth part of JoJo's Bizarre Adventure is which of the following?;Giorno Giovanna;Guido Mista;Jonathan Joestar;Joey JoJo;"Entertainment: Japanese Anime &amp; Manga";medium;Open Trivia DB
According to the Star Wars lore, what is Han Solo's home planet?;Corellia;Tatooine;Naboo;Coruscant;Entertainment: Film;medium;Open Trivia DB
"The 1952 musical composition 4'33"", composed by prolific American composer John Cage, is mainly comprised of what sound?";Silence;Farts;People talking;Cricket chirps;Entertainment: Music;medium;Open Trivia DB
Who was the main developer of the Suez Canal?;Ferdinand de Lesseps;"Louis-Eug&egrave;ne Cavaignac";John Milton;Johann Lukas von Hildebrandt;History;medium;Open Trivia DB
What is the chemical formula for ammonia?;NH3;CO2;NO3;CH4;"Science &amp; Nature";medium;Open Trivia DB
"Which of the following is not a real Pok&eacute;mon?";Luminid;Dragalge;Mandibuzz;Araquanid;Entertainment: Video Games;medium;Open Trivia DB
"Irish musician Hozier released a music track in 2013 titled, ""Take Me to ______""";Church;Mosque;Synagogue;Temple;Entertainment: Music;medium;Open Trivia DB
Which logical fallacy means to attack the character of your opponent rather than their arguments?;Ad hominem;Post hoc ergo propter hoc;Tu quoque;Argumentum ad populum;General Knowledge;medium;Open Trivia DB
Who is one of the co-princes of Andorra?;The president of France;The monarch of the UK;The Pope;No-one (the position is vacant);Politics;medium;Open Trivia DB
In Tron: Legacy, Kevin Flynn wrote a program to create the perfect system. What was the program's name?;Clu;Tron;MCP;Quorra;Entertainment: Film;medium;Open Trivia DB
Which of these game franchises were made by Namco?;Tekken;Street Fighter;Mortal Kombat;Dragon Quest;Entertainment: Video Games;medium;Open Trivia DB
Which animal was part of an Russian domestication experiment in 1959?;Foxes;Pigeons;Bears;Alligators;Animals;medium;Open Trivia DB
Which supercar company is from Sweden?;Koenigsegg;Bugatti;Lamborghini;McLaren;Vehicles;medium;Open Trivia DB
When did Vesuvius destroy the city of Pompeii?;79 AD;62 AD;31 BC;54 BC;History;medium;Open Trivia DB
Macintosh has named six of its operating systems after big cats. What big cat did Macintosh name their 2007 release after?;Leopard;Tiger;Panther;Puma;General Knowledge;medium;Open Trivia DB
Which Formula One driver was nicknamed 'The Professor'?;Alain Prost;Ayrton Senna;Niki Lauda;Emerson Fittipaldi;Sports;medium;Open Trivia DB
What is the world's most expensive spice by weight?;Saffron;Cinnamon;Cardamom;Vanilla;General Knowledge;medium;Open Trivia DB
"In the anime ""Mr. Osomatsu"", how many brothers does Osomatsu-san have?";5;6;7;4;"Entertainment: Japanese Anime &amp; Manga";medium;Open Trivia DB
"What was the number on Gerald's shirt in ""Hey Arnold!""?";33;88;38;83;"Entertainment: Cartoon &amp; Animations";medium;Open Trivia DB
Which company developed and published Game Dev Tycoon?;Greenheart Games;Greenland Games;The Tycoonists;MomCorp;Entertainment: Video Games;medium;Open Trivia DB
Which one of these scientists conducted the Gold Foil Experiment which concluded that atoms are mostly made of empty space?;Ernest Rutherford;Joseph John Thomson;Archimedes;Niels Henrik David Bohr;"Science &amp; Nature";medium;Open Trivia DB
What is the item required to summon the boss Duke Fishron in the game Terraria?;Truffle Worm;Suspicious Looking Fish;King Grasshopper;Slug;Entertainment: Video Games;medium;Open Trivia DB
Which of these Mediterranian islands is under the sovereign rule of France?;Corsica;Majorca;Sardinia;Malta;Geography;medium;Open Trivia DB
Which of the following correctly describes Japanese word order?;Subject Object Verb;Subject Verb Object;Verb Subject Object;Verb Object Subject;General Knowledge;medium;Open Trivia DB
"Who is the main protagonist of ""Ace Combat Zero: The Belkan War""?";Cipher;Mobius 1;Blaze;Pixy;Entertainment: Video Games;medium;Open Trivia DB
"Which of these characters does not appear in ""Nier: Automata""?";A1;A2;9S;2B;Entertainment: Video Games;medium;Open Trivia DB
What are the base station trackers used for the HTC Vive called?;Lighthouse;Motion;Constellation;Trackers;Science: Gadgets;medium;Open Trivia DB
The 1988 Formula 1 season had McLaren win all but one race, what race did they not win?;Italian Grand Prix;Japanese Grand Prix;Monaco Grand Prix;Brazilian Grand Prix;Sports;medium;Open Trivia DB
What is the punishment for playing Postal 2 in New Zealand?;10 years in prison and a fine of $50,000;Fine of $5,000;Nothing;15 years in prison and a fine of $10,000;Entertainment: Video Games;medium;Open Trivia DB
Which of the following is NOT an official game in Nintendo's Super Smash Bros. series?;Super Smash Bros. Crusade;Super Smash Bros. Melee;Super Smash Bros. Brawl;Super Smash Bros. for Nintendo 3DS and Wii U;Entertainment: Video Games;medium;Open Trivia DB
What happened to Half-Life 2 prior to its release, which resulted in Valve starting over the development of the game?;The source code got leaked;They weren't satisfied with the result;The story was not good enough;Way too many bugs to be fixed;Entertainment: Video Games;medium;Open Trivia DB
"In ""Fallout 4"", what is the name of the dog you find at Red Rocket truck stop?";Dogmeat;Sparky;Quazar;Chop;Entertainment: Video Games;medium;Open Trivia DB
"In the anime, ""Super Sonico"", what is Super Sonico's favorite food?";Macroons;Ice Cream;Pizza;Chips;"Entertainment: Japanese Anime &amp; Manga";medium;Open Trivia DB
What is the Roman numeral for 500?;D;L;C;X;Science: Mathematics;medium;Open Trivia DB
"The term ""scientist"" was coined in which year?";1833;1933;1942;1796;General Knowledge;medium;Open Trivia DB
"What year was Red Hot Chill Pepper's album ""Californication"" released?";1999;1997;2000;1992;Entertainment: Music;medium;Open Trivia DB
What is the highest number of Michelin stars a restaurant can receive?;Three;Four;Five;Six;General Knowledge;medium;Open Trivia DB
"""The Genius"" is the original and secondary name of which Wu-Tang Clan member?";GZA;Ghostface Killah;Ol' Dirty Bastard;Raekwon the Chef;Entertainment: Music;medium;Open Trivia DB
"What is the name of the prison in ""Half Life 2""?";Nova Prospekt;Great Prospekt;New Prospect;Lesser Prospekt;Entertainment: Video Games;medium;Open Trivia DB
What was the category of the 2005 hurricane, Hurricane Katrina, in the Saffir-Simpson hurricane wind scale?;Category 5;Category 1;Category 4;Category 2;"Science &amp; Nature";medium;Open Trivia DB
What country saw a world record 315 million voters turn out for elections on May 20, 1991?;India;United States of America;Soviet Union;Poland;Politics;medium;Open Trivia DB
"Who is the protagonist of the book: ""The Catcher in the Rye"" by J.D. Salinger";Holden Caulfield;Holden David;Jerome Caulfield;Jerome David;Entertainment: Books;medium;Open Trivia DB
The Gambia is a nation found on which continent?;Africa;Asia;South America;Europe;Geography;medium;Open Trivia DB
Who was the British professional wrestler Shirley Crabtree better known as?;Big Daddy;Giant Haystacks;Kendo Nagasaki;Masambula;Sports;medium;Open Trivia DB
"In the ""The Hobbit"", who kills Smaug?";Bard;Bilbo Baggins;Gandalf the Grey;Frodo;Entertainment: Books;medium;Open Trivia DB
What is the capital of Vietnam?;Hanoi;Da Nang;Hai Phong;Ho Chi Minh City;Geography;medium;Open Trivia DB
Which city hosted the CS:GO Dreamhack Open 2015?;Cluj-Napoca;Cologne;Atlanta;London;Entertainment: Video Games;medium;Open Trivia DB
What was the name of the first MMORPG to popularize the genre?;Ultima Online;World of Warcraft;Meridian 59;Guild Wars;Entertainment: Video Games;medium;Open Trivia DB
Which mathematician refused the Fields Medal?;Grigori Perelman;Andrew Wiles;Terence Tao;Edward Witten;Science: Mathematics;medium;Open Trivia DB
'I'm never gonna dance again, guilty feet have got no rhythm' were lyrics from which Wham! hit single?;Careless Whisper;Wake Me Up Before You Go-Go;Last Christmas;Everything She Wants;Entertainment: Music;medium;Open Trivia DB
"What is the name of the first level in ""Call of Duty: World at War""?";Semper Fi;Ring of Steel;Vendetta;Eviction;Entertainment: Video Games;medium;Open Trivia DB
Which one of these countries borders with Poland?;Lithuania;France;Norway;Netherlands;Geography;medium;Open Trivia DB
Which rapper had an album that went double platinum with no features?;J. Cole;Kendrick Lamar;Drake;Big Sean;Entertainment: Music;medium;Open Trivia DB
What is the only Generation III Pokemon whose name begins with the letter I?;Illumise;Infernape;Ivysaur;Igglybuff;Entertainment: Video Games;medium;Open Trivia DB
What is Tiger Woods' all-time best career golf-score?;61;65;63;67;Sports;medium;Open Trivia DB
In Sid Meier's Civilization V, which World Wonder can only be built in cities on or next to a desert?;Petra;The Pyramids;Alhambra;Mausoleum of Maussollos;Entertainment: Video Games;medium;Open Trivia DB
"In the 1971 film ""Willy Wonka & the Chocolate Factory"", who played Willy Wonka?";Gene Wilder;Shia LeBouf;Peter Ostrum;Johnny Depp;Entertainment: Film;medium;Open Trivia DB
"When was Chapter 1 of the Source Engine mod ""Underhell"" released?";September 1st, 2013;March 3rd, 2011;September 12th, 2013;October 2nd, 2012;Entertainment: Video Games;medium;Open Trivia DB
In the Half-Life 2 universe, how long did it take for the Combine to take complete control of the earth?;7 hours;3 months;24 hours;1 week;Entertainment: Video Games;medium;Open Trivia DB
Which Nation did NOT have a Colony in modern-day North America?;Portugal;Spain;Sweden;Netherlands;History;medium;Open Trivia DB
The moons, Miranda, Ariel, Umbriel, Titania and Oberon orbit which planet?;Uranus;Jupiter;Venus;Neptune;"Science &amp; Nature";medium;Open Trivia DB
Apple co-founder Steve Jobs died from complications of which form of cancer?;Pancreatic;Bone;Liver;Stomach;General Knowledge;medium;Open Trivia DB
What is the original name of Final Fantasy XV?;Final Fantasy Versus XIII;Final Fantasy: Reborn;Final Fantasy XVI;Final Fantasy XIII-3;Entertainment: Video Games;medium;Open Trivia DB
How many books are in the Chronicles of Narnia series?;7;6;8;5;Entertainment: Books;medium;Open Trivia DB
Which of these probability distributions is NOT discrete?;Normal;Binomial;Poisson;Hyper-geometric;Science: Mathematics;medium;Open Trivia DB
What is the capital city of New Zealand?;Wellington;Auckland;Christchurch;Melbourne;Geography;medium;Open Trivia DB
"In ""Halo 2"", what is the name of the monitor of Installation 05?";2401 Penitent Tangent;343 Guilty Spark;031 Exuberant Witness;252 Biodis Expolsion;Entertainment: Video Games;medium;Open Trivia DB
About how much of their body weight in food do sea otters eat every day?;25%;10%;80%;45%;Animals;medium;Open Trivia DB
"In ""Overwatch"", what is the name of Mercy's ""ultimate ability""?";Valkyrie;Earthshatter;Rocket Barrage;Molten Core;Entertainment: Video Games;medium;Open Trivia DB
"What is the name of the Artificial Intelligence system in the 1983 film, ""WarGames""?";War Operation Plan Response;Self Evolving Thought Helix;Master Control Program;West Campus Analog Computer;Entertainment: Film;medium;Open Trivia DB
Who was the first mammal successfully launched into Earth's orbit?;Laika, the dog;Ham, the chimpanzee;Baker, the monkey;Belka, the dog;History;medium;Open Trivia DB
What is the world's longest venomous snake?;King Cobra;Green Anaconda;Inland Taipan;Yellow Bellied Sea Snake;Animals;medium;Open Trivia DB
What American city was featured in the 1999 PC game Midtown Madness?;Chicago;Washington D.C.;San Francisco;New York City;Entertainment: Video Games;medium;Open Trivia DB
Which of the following countries was the first to send an object into space?;Germany;USA;Russia;China;History;medium;Open Trivia DB
What is the world's first video game console?;Magnavox Odyssey;Coleco Telstar;Nintendo Color TV Game;Atari 2600;Entertainment: Video Games;medium;Open Trivia DB
Who is the character you play as in Yume Nikki?;Madotsuki;Masada;Uboa;Poniko;Entertainment: Video Games;medium;Open Trivia DB
Who composed the theme song for The Simpsons?;Danny Elfman;John Williams;Hans Zimmer;Ennio Morricone;Entertainment: Television;medium;Open Trivia DB
What alcoholic drink is mainly made from juniper berries?;Gin;Vodka;Rum;Tequila;General Knowledge;medium;Open Trivia DB
"In ""Magic: The Gathering"", during the design for Planar Chaos, what color did the developers think of adding in as the sixth color?";Purple;Brown;Pink;Orange;Entertainment: Board Games;medium;Open Trivia DB
What was The Velvet Underground's first album called?;The Velvet Underground & Nico;Loaded;The Velvet Underground;White Light / White Heat;Entertainment: Music;medium;Open Trivia DB
What is the national bird of Bahrain?;Bulbul;Hummingbird;Falcon;Sparrow;Animals;medium;Open Trivia DB
Before getting the shotgun, what did the titular hobo in 'Hobo with a Shotgun' want to purchase?;a lawnmower;a revolver;a guitar;a suit;Entertainment: Film;medium;Open Trivia DB
"What year did the James Cameron film ""Titanic"" come out in theaters?";1997;1996;1998;1999;Entertainment: Film;medium;Open Trivia DB
Who had a US and UK number 1 hit in 1962 with the instrumental, 'Telstar'?;The Tornados;The Ventures;The Spotnicks;The Tremeloes;Entertainment: Music;medium;Open Trivia DB
The 'In the Flesh' tour was used in support of what Pink Floyd album?;Animals;The Wall;Wish You Were Here;The Final Cut;Entertainment: Music;medium;Open Trivia DB
Which NBA player won Most Valuable Player for the 1999-2000 season?;Shaquille O'Neal;Allen Iverson;Kobe Bryant;Paul Pierce;Sports;medium;Open Trivia DB
What is the name of the comic about a young boy, and a tiger who is actually a stuffed animal?;Calvin and Hobbes;Winnie the Pooh;Albert and Pogo;Peanuts;Entertainment: Comics;medium;Open Trivia DB
Which of the following films was NOT directed by Quentin Tarantino?;From Dusk till Dawn;Jackie Brown;Pulp Fiction;Reservoir Dogs;Entertainment: Film;medium;Open Trivia DB
All of the following are towns/villages in the Pacific Island nation of Kiribati EXCEPT:;Urutora;Rungata;London;Washington;Geography;medium;Open Trivia DB
In JoJo's Bizarre Adventure, which character is able to accelerate time?;Enrico Pucci;Jotaro Kujo;Jolyne Cujoh;Kujo Jotaro;"Entertainment: Japanese Anime &amp; Manga";medium;Open Trivia DB
A minotaur is half human half what?;Bull;Cow;Horse;Eagle;Mythology;medium;Open Trivia DB
"Which company developed the video game ""Borderlands""?";Gearbox Software;2K Games;Activision;Rockstar Games;Entertainment: Video Games;medium;Open Trivia DB
A positron is an antiparticle of a what?;Electron;Neutron;Proton;Photon;"Science &amp; Nature";medium;Open Trivia DB
In Game of Thrones what is the name of Jon Snow's sword?;Longclaw;Oathkeeper;Widow's Wail;Needle;Entertainment: Television;medium;Open Trivia DB
"What system was ""Touhou: Highly Responsive to Prayers"" released on?";PC-98;OSX 10.9.5;Windows ME;Windows 98;Entertainment: Video Games;medium;Open Trivia DB
In aeronautics, flaps and slats are used to control what on an aircraft?;Lift;Thrust;Drag;Weight;"Science &amp; Nature";medium;Open Trivia DB
"The song ""Feel Good Inc."" by British band Gorillaz features which hip hop group?";De La Soul;Public Enemy;OutKast;Cypress Hill;Entertainment: Music;medium;Open Trivia DB
Which famous New York Yankees outfielder did Marilyn Monroe marry?;Joe DiMaggio;Tino Martinez;Babe Ruth;Mason Williams;Celebrities;medium;Open Trivia DB
"Who wrote the 1967 horror novel ""Rosemary's Baby""?";Ira Levin;Stephen King;Robert Bloch;Mary Shelley;Entertainment: Books;medium;Open Trivia DB
"In ""Last Supper"" by Leonardo Da Vinci, what two colors were the robes worn by Jesus?";Red and Blue;Red and White;Red and Yellow;Red and Black;Art;medium;Open Trivia DB
Who plays the character of Dennis Reynolds on It's Always Sunny in Philadelphia?;Glenn Howerton;Rob McElhenney;Charlie Day;Danny DeVito;Entertainment: Television;medium;Open Trivia DB
What is the fifth largest country by area?;Brazil;United States;Australia;India;Geography;medium;Open Trivia DB
What is the lowest layer of the Earth's atmosphere named?;Troposphere;Stratosphere;Mesosphere;Thermosphere;"Science &amp; Nature";medium;Open Trivia DB
Which company manufactured the iconic TR-808 drum machine?;Roland;Technics;Korg;Casio;Science: Gadgets;medium;Open Trivia DB
When was the first episode of Soul Eater released?;2008;2003;2005;2011;"Entertainment: Japanese Anime &amp; Manga";medium;Open Trivia DB
What is the name of the island introduced in the ARMA III: APEX expansion pack?;Tanoa;Altis;Stratis;Malden;Entertainment: Video Games;medium;Open Trivia DB
Who is attributed credit for recording the epic poem The Odyssey?;Homer;Aristotle;Odysseus;Socrates;History;medium;Open Trivia DB
Which of the following is NOT a passive electrical component?;Transistor;Resistor;Capacitor;Inductor;"Science &amp; Nature";medium;Open Trivia DB
"What year was the Disney film ""A Goofy Movie"" released?";1995;1999;2001;1997;"Entertainment: Cartoon &amp; Animations";medium;Open Trivia DB
"Peter Jackson's film series ""The Lord of the Rings"" was shot entirely in which country?";New Zealand;Scotland;Canada;Iceland;Entertainment: Film;medium;Open Trivia DB
In Need for Speed: Underground, what car does Eddie drive?;Nissan Skyline GT-R (R34);Mazda RX-7 FD3S;Acura Integra Type R;Subaru Impreza 2.5 RS;Entertainment: Video Games;medium;Open Trivia DB
What is the name of the foley artist who designed the famous sounds of Star Wars, including Chewbacca's roar and R2-D2's beeps and whistles?;Ben Burtt;Ken Burns;Ralph McQuarrie;Miranda Keyes;Entertainment: Film;medium;Open Trivia DB
Which psychological term refers to the stress of holding contrasting beliefs?;Cognitive Dissonance;Flip-Flop Syndrome;Split-Brain;Blind Sight;"Science &amp; Nature";medium;Open Trivia DB
Which of these games takes place in the Irish town of Doolin, with the option to play as one of the characters, Ellen and Keats?;Folklore;Shadow of the Colossus;ICO;Beyond Good & Evil;Entertainment: Video Games;medium;Open Trivia DB
Which of these countries is not a United Nations member state?;Niue;Tuvalu;South Sudan;Montenegro;Geography;medium;Open Trivia DB
"In ""FTL: Faster Than Light"", how many races are there, including the Lanius?";8;9;7;10;Entertainment: Video Games;medium;Open Trivia DB
Which Sonic the Hedgehog game introudced Knuckles the Echidna?;Sonic the Hedgehog 3;Sonic the Hedgehog 2;Sonic & Knuckles;Sonic Adventure;Entertainment: Video Games;medium;Open Trivia DB
In August 1964, who introduced the Beatles to cannabis?;Bob Dylan;Jim Morrison;Brian Epstein;Jerry Garcia;Entertainment: Music;medium;Open Trivia DB
Who was the first wife of King Henry VIII?;Catherine of Aragon;Jane Seymour;Anne Boleyn;Anne of Cleves;History;medium;Open Trivia DB
Who is the creator of the free, open-source rhythm game 'osu!'?;Dean 'Peppy' Herbert;Daisuke 'Pixel' Amaya;Eric 'ConcernedApe' Barone;Toby 'FwugRadiation' Fox;Entertainment: Video Games;medium;Open Trivia DB
"Which slogan did the fast food company, McDonald's, use before their ""I'm Lovin' It"" slogan?";We Love to See You Smile;Why Pay More!?;Have It Your Way;Making People Happy Through Food;General Knowledge;medium;Open Trivia DB
Who was the oldest member of The Beatles?;Ringo Starr;John Lennon;Paul McCartney;George Harrison;Entertainment: Music;medium;Open Trivia DB
Baron Silas Greenback is the arch nemesis of which cartoon hero?;Danger Mouse;Bananaman;SuperTed;Captain Star;Entertainment: Television;medium;Open Trivia DB
Which JoJo's Bizarre Adventure character possesses the Stand named Silver Chariot?;Jean Pierre Polnareff;Noriaki Kakyoin;Hol Horse;Hermes Costello;"Entertainment: Japanese Anime &amp; Manga";medium;Open Trivia DB
Gannymede is the largest moon of which planet?;Jupiter;Uranus;Neptune;Mars;"Science &amp; Nature";medium;Open Trivia DB
What was the first living creature in space?;Fruit Flies;Monkey;Dog;Mouse;"Science &amp; Nature";medium;Open Trivia DB
Where did the Great Storm of 1987 make landfall at, first?;Cornwall;Surrey;Wales;The Midlands;"Science &amp; Nature";medium;Open Trivia DB
In World of Warcraft lore,  how many siblings does Sylvanas Windrunner have?;3;2;4;1;Entertainment: Video Games;medium;Open Trivia DB
In which one of these cities did the Great Stink of 1858 occur?;London;Berlin;New York;Moscow;History;medium;Open Trivia DB
"Which of the following characters is NOT playable in ""Resident Evil 6""?";Jill Valentine;Chris Redfield;Sherry Birkin;Helena Harper;Entertainment: Video Games;medium;Open Trivia DB
The Watergate Scandal occured in what year?;1972;1973;1974;1971;Politics;medium;Open Trivia DB
"In the game ""Dead By Daylight,"" which character starts with the perk ""Bond"".";Dwight Fairfield;Claudette Morell;Meg Thomas;Jake Park;Entertainment: Video Games;medium;Open Trivia DB
In what sport does Fanny Chmelar compete for Germany?;Skiing;Swimming;Showjumping;Gymnastics;Sports;medium;Open Trivia DB
"Which band released the album ""Sonic Highways"" in 2014?";Foo Fighters;Coldplay;Nickelback;The Flaming Lips;Entertainment: Music;medium;Open Trivia DB
Which Italian automobile manufacturer gained majority control of U.S. automobile manufacturer Chrysler in 2011?;Fiat;Maserati;Alfa Romeo;Ferrari;General Knowledge;medium;Open Trivia DB
What sport is being played in the Anime Eyeshield 21?;American Football;Baseball;Football;Basketball;"Entertainment: Japanese Anime &amp; Manga";medium;Open Trivia DB
"In the ""Neptunia"" series which nation does Neptune rule over?";Planeptune;Lastation;Leanbox;Lowee;Entertainment: Video Games;medium;Open Trivia DB
Which of the following rappers were NOT part of the hip-hop group Odd Future?;Vince Staples;Tyler, the Creator;Frank Ocean;Mike G;Entertainment: Music;medium;Open Trivia DB
Which of the following is NOT classified as a Semetic language?;Sumerian;Maltese;Akkadian;Mandaic;History;medium;Open Trivia DB
What is the last letter of the Greek alphabet?;Omega;Mu;Epsilon;Kappa;General Knowledge;medium;Open Trivia DB
Which of the following snipers has the highest amount of confirmed kills?;"Simo H&auml;yh&auml;";Chris Kyle;Vasily Zaytsev;Craig Harrison;History;medium;Open Trivia DB
How many counties in the Republic of Ireland.;26;32;28;30;Geography;medium;Open Trivia DB
"Which singer was featured in Swedish producer Avicii's song ""Wake Me Up""?";Aloe Blacc;John Legend;CeeLo Green;Pharrell Williams;Entertainment: Music;medium;Open Trivia DB
The following Spanish provinces are located in the northern area of Spain except:;Murcia;Asturias;Navarre;"Le&oacute;n";Geography;medium;Open Trivia DB
Which U.S. President was famously 'attacked' by a swimming rabbit?;Jimmy Carter;Ronald Reagan;Lydon B. Johnson;Gerald Ford;History;medium;Open Trivia DB
What is the nickname of Northampton town's rugby union club?;Saints;Harlequins;Saracens;Wasps;Sports;medium;Open Trivia DB
What Cartoon Network show aired its first episode on November 4th, 2013?;Steven Universe;Regular Show;Adventure Time;The Amazing World of Gumball;"Entertainment: Cartoon &amp; Animations";medium;Open Trivia DB
All of the following are names of the Seven Warring States EXCEPT:;Zhai (翟);Zhao (趙);Qin (秦);Qi (齊);History;medium;Open Trivia DB
Where was Kanye West born?;Atlanta, Georgia;Chicago, Illinois;Los Angeles, California;Detroit, Michigan;Celebrities;medium;Open Trivia DB
"Which of these blocks in ""Minecraft"" has the lowest blast resistance?";Sand;End Stone;Water;Wood Planks;Entertainment: Video Games;medium;Open Trivia DB
"The protagonist in the game ""Cave Story"" is named";Quote;Kazuma;Curly;Arthur;Entertainment: Video Games;medium;Open Trivia DB
Which of the following battles is often considered as marking the beginning of the fall of the Western Roman Empire?;Battle of Adrianople;Battle of Thessalonica;Battle of Pollentia;Battle of Constantinople;History;medium;Open Trivia DB
Which famed architect, who died in 2019 aged 102, designed the glass pyramid at the Louvre museum in Paris?;I. M. Pei;"Pascale Gu&eacute;dot";Frank Gehry;Wang Shu;General Knowledge;medium;Open Trivia DB
In the server hosting industry IaaS stands for...;Infrastructure as a Service;Internet as a Service;Internet and a Server;Infrastructure as a Server;Science: Computers;medium;Open Trivia DB
How many premier league trophies did Sir Alex Ferguson win during his time at Manchester United?;13;11;20;22;Sports;medium;Open Trivia DB
In Norse Mythology, Baldr was killed by Loki with a magical spear made from what plant?;Mistletoe;Wolf's Bane;Buckthorn;Hemlock;Mythology;medium;Open Trivia DB
In what year was the original Sonic the Hedgehog game released?;1991;1989;1993;1995;Entertainment: Video Games;medium;Open Trivia DB
Which of these programming languages is a low-level language?;Assembly;Python;C#;Pascal;Science: Computers;medium;Open Trivia DB
When did Norway get its constitution?;1814;1932;1905;1854;History;medium;Open Trivia DB
Who is the father of Icarus, who flew too close to the sun?;Daedalus;Minos;Perseus;Zeus;Mythology;medium;Open Trivia DB
"What is the name of Eragon's dragon in ""Eragon""?";Saphira;Glaedr;Thorn;Arya;Entertainment: Books;medium;Open Trivia DB
"When did the website ""Facebook"" launch?";2004;2005;2003;2006;General Knowledge;medium;Open Trivia DB
Which genre is the Touhou Project associated with?;Shoot 'em up (bullet-hell) & Fighting;Turn-Based Strategy;MMORPG;Building;Entertainment: Video Games;medium;Open Trivia DB
Without enchantments, which pickaxe in minecraft mines blocks the quickest.;Golden;Diamond;Iron;Obsidian;Entertainment: Video Games;medium;Open Trivia DB
"Who is the main character of ""Metal Gear Solid 3""?";Naked Snake;Solid Snake;Liquid Snake;Venom Snake;Entertainment: Video Games;medium;Open Trivia DB
What was Bitcoin's block size limit in 2010?;1 MB;1GB;1 KB;1 TB;Science: Computers;medium;Open Trivia DB
"What is the name the location-based augmented reality game developed by Niantic before Pok&eacute;mon GO?";Ingress;Aggress;Regress;Digress;Entertainment: Video Games;medium;Open Trivia DB
"The now extinct species ""Thylacine"" was native to where?";Tasmania, Australia;Baluchistan, Pakistan;Wallachia, Romania;Oregon, United States;Animals;medium;Open Trivia DB
What five letter word is the motto of the IBM Computer company?;Think;Click;Logic;Pixel;Science: Computers;medium;Open Trivia DB
Approximately how long is a year on Uranus?;84 Earth years;47 Earth years;62 Earth years;109 Earth years;"Science &amp; Nature";medium;Open Trivia DB
"What type is ""Magic Drain"" in Yugioh! Trading Card Game?";Counter Trap;Normal Trap;Quick-Play Spell;Field Spell;Entertainment: Board Games;medium;Open Trivia DB
In Touhou 12: Undefined Fantastic Object, which of these was not a playable character?;Izayoi Sakuya;Hakurei Reimu;Kirisame Marisa;Kochiya Sanae;Entertainment: Video Games;medium;Open Trivia DB
Who was the first footballer to score 200 goals in the English Premier League?;Alan Shearer;Wayne Rooney;Robbie Fowler;Thierry Henry;Sports;medium;Open Trivia DB
What special item did the creators of Cards Against Humanity ship for their Black Friday pack?;Bull Feces;A Card Expansion;A Racist Toy;Cat Urine;Entertainment: Board Games;medium;Open Trivia DB
What national team won the 2016 edition of UEFA European Championship?;Portugal;France;Germany;England;Sports;medium;Open Trivia DB
In a standard set of playing cards, which is the only king without a moustache?;Hearts;Spades;Diamonds;Clubs;General Knowledge;medium;Open Trivia DB
"What is the first primary weapon the player gets in ""PAYDAY: The Heist""?";AMCAR-4;Brenner 21;Reinbeck;M308;Entertainment: Video Games;medium;Open Trivia DB
Which country claims ownership of the disputed state Kosovo?;Serbia;Croatia;Albania;Macedonia;Geography;medium;Open Trivia DB
Au on the Periodic Table refers to which element?;Gold;Silver;Oxygen;Nickel;"Science &amp; Nature";medium;Open Trivia DB
Which horror movie had a sequel in the form of a video game released in August 20, 2002?;The Thing;The Evil Dead;Saw;Alien;Entertainment: Video Games;medium;Open Trivia DB
The Fallingwater House, located in Pennsylvania, was designed by which architect?;Frank Lloyd Wright;Antoni Gaudi;Frank Gehry;Le Corbusier;History;medium;Open Trivia DB
Which one of these is NOT a character in the video game Overwatch;Garen;Reaper;Hana Song;Tracer;Entertainment: Video Games;medium;Open Trivia DB
"In ""The Amazing World of Gumball"", who is the principal of Elmore Junior High?";Principal Brown;Principal Small;Principal Brawn;Principal Simeon;"Entertainment: Cartoon &amp; Animations";medium;Open Trivia DB
Which two modern-day countries used to be known as the region of Rhodesia between the 1890s and 1980?;Zambia & Zimbabwe;Togo & Benin;Lesotho & Swaziland;Rwanda & Burundi;Geography;medium;Open Trivia DB
In the year 1818, novelist Mary Shelly is credited with writing a fiction novel and creating this infamous character.;Frankenstein's monster;Dracula;The Thing;The Invisible Man;Entertainment: Books;medium;Open Trivia DB
"Who played Baron Victor Frankestein in the 1957 Hammer horror film ""The Curse of Frankenstein""?";Peter Cushing;Boris Karloff;Vincent Price;Lon Chaney Jr.;Entertainment: Film;medium;Open Trivia DB
Which actor was not a major character in TV Show Freaks and Geeks?;Jonah Hill;Jason Segel;Seth Rogen;James Franco;Entertainment: Television;medium;Open Trivia DB
Out of the 3 Tots in Tots TV, who speaks French in the UK Version and Spanish in the US Version?;Tilly;Tom;Tiny;None of the Above;Entertainment: Television;medium;Open Trivia DB
In the Kingdom Heart series who provides the english voice for Master Eraqus?;Mark Hamill;Jason Dohring;Jesse McCartney;Haley Joel Osment;Entertainment: Video Games;medium;Open Trivia DB
Who developed the first successful polio vaccine in the 1950s?;Jonas Salk;John F. Enders;Thomas Weller;Frederick Robbins;"Science &amp; Nature";medium;Open Trivia DB
Which Apollo mission was the last one in NASA's Apollo program?;Apollo 17;Apollo 13;Apollo 11;Apollo 15;History;medium;Open Trivia DB
How many years did the Hundred Years' War last?;116;100;90;101;History;medium;Open Trivia DB
When Christopher Columbus sailed to America, what was the first region he arrived in?;The Bahamas Archipelago;Florida;Isthmus of Panama;Nicaragua;History;medium;Open Trivia DB
"Which iconic Disneyland attraction was closed in 2017 to be remodeled as a ""Guardians of the Galaxy"" themed ride?";Twilight Zone Tower of Terror;The Haunted Mansion;Pirates of the Caribbean;Peter Pan's Flight;General Knowledge;medium;Open Trivia DB
"Which of the stands from ""JoJo's Bizarre Adventure"" mimics the likeness of a tomato?";Pearl Jam;Red Hot Chili Pepper;Cream Starter;Nut King Call;"Entertainment: Japanese Anime &amp; Manga";medium;Open Trivia DB
Which ones of these Mario Kart games was made for the Gameboy Advance?;Mario Kart: Super Circuit;Mario Kart: Double Dash;Mario Kart 64;Super Mario Kart;Entertainment: Video Games;medium;Open Trivia DB
When did the United States formally declare war on Japan, entering World War II?;December 8, 1941;June 6, 1944;June 22, 1941;September 1, 1939;History;medium;Open Trivia DB
"Ikki Kurogane is known by what nickname at the beginning of ""Chivalry of a Failed Knight""?";Worst One;Another One;Blazer;Princess;"Entertainment: Japanese Anime &amp; Manga";medium;Open Trivia DB
"What American actor directed and co-starred alongside Emily Blunt in 2018's horror film ""A Quiet Place""?";John Krasinski;Keanu Reeves;Willem Dafoe;Josh Brolin;Entertainment: Film;medium;Open Trivia DB
What is the Linnean name of the domestic apple tree?;Malus pumila;Malus americana;Pomus domestica;Appelus delectica;"Science &amp; Nature";medium;Open Trivia DB
In WarioWare: Smooth Moves, which one of these is NOT a Form?;The Hotshot;The Discard;The Elephant;The Mohawk;Entertainment: Video Games;medium;Open Trivia DB
In the series JoJo's Bizarre Adventure, which main character makes the greatest number of recurring appearances?;Jotaro Kujo;Giorno Giovanna;Joseph Joestar;Josuke Higashikata;"Entertainment: Japanese Anime &amp; Manga";medium;Open Trivia DB
Which of the following Terran units from the RTS game Starcraft was first introduced in the expansion Brood War?;Medic;Wraith;Science Vessel;SCV;Entertainment: Video Games;medium;Open Trivia DB
"The original mascot of the popular Nintendo game, ""Splatoon"" was going to be...";Mario;Inklings;Octolings;Zelda;Entertainment: Video Games;medium;Open Trivia DB
"In the movie ""Back to the Future,"" what speed does Doc Brown's DeLorean need to reach in order to travel through time?";88 mph;77 mph;100 mph;70 mph;Entertainment: Film;medium;Open Trivia DB
When was the Grand Patriotic War in the USSR concluded?;May 9th, 1945;September 2nd, 1945;August 9th, 1945;December 11th, 1945;History;medium;Open Trivia DB
"What episode of ""Mr. Bean"" saw him trying to prevent people from seeing him naked?";Mr. Bean in Room 426;Mr. Bean Goes to Town;The Trouble with Mr. Bean;Back to School Mr. Bean;Entertainment: Television;medium;Open Trivia DB
In what year was the last natural case of smallpox documented?;1977;1982;1980;1990;History;medium;Open Trivia DB
"Which of these is NOT a playable character race in the video game ""Starbound""?";Fenerox;Floran;Novakid;Hylotl;Entertainment: Video Games;medium;Open Trivia DB
Which of the following languages is used as a scripting language in the Unity 3D game engine?;C#;Java;C++;Objective-C;Science: Computers;medium;Open Trivia DB
In Team Fortress 2, which class wields a shotgun?;Everyone Listed;Heavy;Soldier;Engineer;Entertainment: Video Games;medium;Open Trivia DB
"What type of function is x&sup2;+2x+1?";Quadratic;Rational;Linear;Exponential;Science: Mathematics;medium;Open Trivia DB
EDM record label Monstercat is based in which country?;Canada;United States;Australia;United Kingdom;Entertainment: Music;medium;Open Trivia DB
Which river flows through the Scottish city of Glasgow?;Clyde;Tay;Dee;Tweed;General Knowledge;medium;Open Trivia DB
What is the largest lake in the African continent?;Lake Victoria;Lake Tanganyika;Lake Malawi;Lake Turkana;Geography;medium;Open Trivia DB
In Call of Duty: United Offensive, what two soldiers share a name of a video game character?;Gordon & Freeman;Sam & Fisher;Nathan & Drake;Dig & Dug;Entertainment: Video Games;medium;Open Trivia DB
In Back to the Future Part II, Marty and Dr. Emmett Brown go to which future date?;October 21, 2015;August 28, 2015;July 20, 2015;January 25, 2015;Entertainment: Film;medium;Open Trivia DB
Which of the following games was not a launch title for the Nintendo Gamecube?;Super Mario Sunshine;"Luigi&rsquo;s Mansion";Star Wars Rogue Squadron II;"Disney&rsquo;s Tarzan Untamed";Entertainment: Video Games;medium;Open Trivia DB
"Which of these artists did NOT remix the song ""Faded"" by Alan Walker?";Skrillex;"Ti&euml;sto";Slushii;Dash Berlin;Entertainment: Music;hard;Open Trivia DB
What is the name for the auditory illusion of a note that seems to be rising infinitely?;Shepard Tone;Glissandro Illusion;Fransen Effect;McGurck Effect;"Science &amp; Nature";hard;Open Trivia DB
Which is the model number of the common laser rifle found in Fallout 3, Fallout: New Vegas, and Fallout 4?;AER9;AER10;AER12;AER14;Entertainment: Video Games;hard;Open Trivia DB
What was the first organic compound to be synthesized from inorganic compounds?;Urea;Propane;Ethanol;Formaldehyde;"Science &amp; Nature";hard;Open Trivia DB
Nidhogg is a mythical creature from what mythology?;Norse;Egyptian;Greek;Hindu;Mythology;hard;Open Trivia DB
In Terraria, which debuff does the ankh charm not provide immunity to?;Venom;Cursed;Bleeding;Slow;Entertainment: Video Games;hard;Open Trivia DB
In what year was the first Indian movie submitted for an Oscar?;1957;1962;1938;1954;Entertainment: Film;hard;Open Trivia DB
"In the indie farming game ""Stardew Valley"", which NPC hates the ""prismatic shard"" item when received as a gift?";Haley;Abigail;Elliott;Lewis;Entertainment: Video Games;hard;Open Trivia DB
What song originally performed by The Bee Gees in 1978 had a cover version by Steps 20 years later?;Tragedy;Night Fever;Stayin' Alive;You Should Be Dancing;Entertainment: Music;hard;Open Trivia DB
What is the scientific name for the Bald Eagle?;Haliaeetus Leucocephalus;Tyto Alba;Cyanocitta Cristata;Aquila Chrysaetos;Animals;hard;Open Trivia DB
Where is Timbuktu located?;Mali, Africa;Azerbaijan, Asia;Bangladesh, Asia;Mauritania, Africa;Geography;hard;Open Trivia DB
When did the French Revolution begin?;May 05 1789;April 12 1789;April 05 1789;May 06 1799;History;hard;Open Trivia DB
In order to cut costs, what were most of the extras of Mad Max (1979) paid with?;Beer;Fast food;Food stamps;They weren't paid;Entertainment: Film;hard;Open Trivia DB
"In Disney's ""Toontown Online"", which of these species wasn't available as a Toon?";Cow;Monkey;Bear;Pig;Entertainment: Video Games;hard;Open Trivia DB
What is the same in Celsius and Fahrenheit?;-40;32;-39;-42;"Science &amp; Nature";hard;Open Trivia DB
The ontological argument for the proof of God's existence is first attributed to whom?;Anselm of Canterbury;"Ren&eacute; Descartes";Immanuel Kant;Aristotle;History;hard;Open Trivia DB
What is the Klingon's afterlife called?;Sto-vo-kor;Valhalla;Karon'gahk;New Jersey;Entertainment: Television;hard;Open Trivia DB
"Which musician has collaborated with American producer Porter Robinson and released the 2016 song ""Shelter""?";Madeon;Mat Zo;deadmau5;Zedd;General Knowledge;hard;Open Trivia DB
Which character class in Dungeons and Dragons 5th edition gains it's powers from making a pact with a being of higher power?;Warlock;Wizard;Sorceror;Cleric;Entertainment: Board Games;hard;Open Trivia DB
What is Pink Floyd's first album?;The Piper at the Gates of Dawn;The Dark Side of the Moon;Wish You Were Here;Meddle;Entertainment: Music;hard;Open Trivia DB
In the Team Fortress 2 canon, what did Shakespearicles NOT invent?;Stairs;Two-Story Building;Rocket Launcher;Stage Play;Entertainment: Video Games;hard;Open Trivia DB
In the web-comic Homestuck, what is the name of the game the 4 kids play?;Sburb;Homesick;Husslie;Hiveswap;"Entertainment: Cartoon &amp; Animations";hard;Open Trivia DB
Which of the following is a castle?;Elizabeth Castle;Frank Castle;Richard Castle;Olivia Castle;Geography;hard;Open Trivia DB
In Stardew Valley, what is the reward for completing all of the Bulletin Board bundles?;Additional Friendship points;Glittering Boulder removed;Bus is repaired;Greenhouse;Entertainment: Video Games;hard;Open Trivia DB
What is the name of rocky region that spans most of eastern Canada?;Canadian Shield;Rocky Mountains;Appalachian Mountains;Himalayas;Geography;hard;Open Trivia DB
"Which of the Master levels in ""Super Monkey Ball"" is also used in the arcade version of the game, simply named ""Monkey Ball""?";MASTER 9 - Bridge Master;MASTER 3 - Stamina Master;MASTER 10 - Monkey Master;MASTER 6 - Roll Master;Entertainment: Video Games;hard;Open Trivia DB
Who won the 1989 Drum Corps International championships?;Santa Clara Vanguard;Blue Devils;The Academy;The Bluecoats;Entertainment: Music;hard;Open Trivia DB
"In which game did the character ""Mario"" make his first appearance?";Donkey Kong;Super Mario Bros.;Super Mario Land;Mario Bros.;Entertainment: Video Games;hard;Open Trivia DB
Bir Tawil, an uninhabited track of land claimed by no country, is located along the border of which two countries?;Egypt and Sudan;Israel and Jordan;Chad and Libya;Iraq and Saudi Arabia;Geography;hard;Open Trivia DB
"In ""Sonic the Hedgehog 3"" for the Sega Genesis, what is the color of the second Chaos Emerald you can get from Special Stages?";Orange;Blue;Green;Magenta;Entertainment: Video Games;hard;Open Trivia DB
"In which manga did the ""404 Girl"" from 4chan originate from?";Yotsuba&!;Azumanga Daioh;Lucky Star;Clover;"Entertainment: Japanese Anime &amp; Manga";hard;Open Trivia DB
Chino Moreno is the lead singer of which alternative metal band?;Deftones;Tool;Korn;Type O Negative;Entertainment: Music;hard;Open Trivia DB
"How many members are there in the idol group ""&micro;'s""?";9;48;6;3;Entertainment: Music;hard;Open Trivia DB
"The 'D' in the term ""D-Mail"" from the game ""Steins; Gate"" is short for what?";DeLorean;Deep;Demo;Dev;Entertainment: Video Games;hard;Open Trivia DB
Who was the original drummer for The Beatles?;Tommy Moore;Ringo Starr;Stuart Sutcliffe;Pete Best;Entertainment: Music;hard;Open Trivia DB
What year did the effort to deploy the Common Core State Standards (CCSS) in the US begin?;2009;2012;2006;1997;Politics;hard;Open Trivia DB
Which of the following films was Don Bluth both the writer, director, and producer for?;All Dogs Go To Heaven;Titan A.E.;Anastasia;The Land Before Time;"Entertainment: Cartoon &amp; Animations";hard;Open Trivia DB
"According to an interview with ""Super Mario Land 2"" game director Hiroji Kiyotake, what is Wario's favorite food?";Crepes;Pizza;Garlic;Cheese;Entertainment: Video Games;hard;Open Trivia DB
Electronic artists Boys Noize and Skrillex have collaborated and released tracks under what name?;Dog Blood;"Jack &Uuml;";What So Not;Noisia;Entertainment: Music;hard;Open Trivia DB
"How many paint and pastel versions of ""The Scream"" is Norwegian painter Edvard Munch believed to have produced?";4;1;3;2;Art;hard;Open Trivia DB
What is the name of the currency used in Ethiopia?;Birr;Dirham;U.S. Dollar;Rand;General Knowledge;hard;Open Trivia DB
The voice actor for which Portal 2 character was not a TV or film actor prior to the game?;GLaDOS;Cave Johnson;Wheatley;Atlas / P-Body;Entertainment: Video Games;hard;Open Trivia DB
"""All the Boys"" by Panic! At the Disco was released as a bonus track on what album?";Too Weird To Live, Too Rare To Die!;A Fever You Can't Sweat Out;Death Of A Bachelor;Vices & Virtues;Entertainment: Music;hard;Open Trivia DB
Which of the following commercial vehicles from Grand Theft Auto IV did NOT reappear in Grand Theft Auto V?;Steed;Mule;Benson;Pony;Entertainment: Video Games;hard;Open Trivia DB
What is Justin Bieber's debut Album?;My World 2.0;U Smile;Baby;Purpose;Entertainment: Music;hard;Open Trivia DB
Who won the 1998 Daytona 500?;Dale Earnhardt;John Anderson;Jeff Gordon;Michael Walltrip;Sports;hard;Open Trivia DB
Which of these island countries is located in the Caribbean?;Barbados;Fiji;Maldives;Seychelles;Geography;hard;Open Trivia DB
Which Italian footballer told Neuer where he's putting his shot and dragging it wide, during the match Italy-Germany, UEFA EURO 2016?;Pelle;Insigne;Barzagli;Giaccherini;Sports;hard;Open Trivia DB
Who played the sun baby in the original run of Teletubbies?;Jessica Smith;Pui Fan Lee;Sue Monroe;Lisa Brockwell;Entertainment: Television;hard;Open Trivia DB
Where is the Gluteus Maximus muscle located?;Butt;Arm;Head;Torso;"Science &amp; Nature";hard;Open Trivia DB
Who designed the album cover for True Romance, an album by Estelle?;Rebecca Sugar;Matt Burnett;Ian Jones Quartey;Ben Leven;Entertainment: Music;hard;Open Trivia DB
In Monster Hunter Generations, which of these hunter arts are exclusive to the Longsword?;Unhinged Spirit;Shoryugeki;Provoke;Demon Riot;Entertainment: Video Games;hard;Open Trivia DB
"In Les Mis&eacute;rables, who is Prison Code 24601?";Jean Valjean;Marius Pontmercy;Javert;Jean Claude Van Damme;"Entertainment: Musicals &amp; Theatres";hard;Open Trivia DB
The 'Islets of Langerhans' is found in which human organ?;Pancreas;Kidney;Liver;Brain;"Science &amp; Nature";hard;Open Trivia DB
Which of the following languages does NOT use gender as a part of its grammar?;Turkish;German;Danish;Polish;General Knowledge;hard;Open Trivia DB
What was the Canada's first capital?;Kingston;Toronto;Ottawa;Montreal;History;hard;Open Trivia DB
What is the most potent toxin known?;Botulinum toxin;Ricin;Cyanide;Asbestos;"Science &amp; Nature";hard;Open Trivia DB
According to Bram Stoker's novel, in which British coastal town did Dracula come ashore?;Whitby;Scarborough;Brighton;Portsmouth;Entertainment: Books;hard;Open Trivia DB
In Halo 2, how many rounds does the M6C hold in a single magazine?;12;6;36;18;Entertainment: Video Games;hard;Open Trivia DB
What is Canada's largest island?;Baffin Island;Prince Edward Island;Vancouver Island;Newfoundland;Geography;hard;Open Trivia DB
"Panic! At the Disco's sixth album ""Pray For The Wicked"" was released on which date?";June 22, 2018;May 9, 2018;March 13, 2018;February 21, 2018;Entertainment: Music;hard;Open Trivia DB
"Who was the winner of ""Big Brother"" Season 10?";Dan Gheesling;Bryce Kranyik;Ryan Sutfin;Chris Mundorf;Entertainment: Television;hard;Open Trivia DB
What is Scooby Doo's full name?;Scoobert Doo;Scooter Doo;Scooby Dooby Doo;Scoobity Doo;"Entertainment: Cartoon &amp; Animations";hard;Open Trivia DB
Which member of the Wu-Tang Clan had only one verse in their debut album Enter the Wu-Tang (36 Chambers)?;Masta Killa;Method Man;Inspectah Deck;GZA;Entertainment: Music;hard;Open Trivia DB
The Arab Spring was a series of protests and rebellions that began in which of these Arab nations?;Tunisia;Morocco;Syria;Egypt;History;hard;Open Trivia DB
During the Roman Triumvirate of 42 BCE, what region of the Roman Republic was given to Lepidus?;Hispania;Italia;Gallia;Asia;History;hard;Open Trivia DB
Which of these is used to show that Earth spins on an axis?;Foucault Pendulum;Polaris;Sundial;Tectonic Plates;"Science &amp; Nature";hard;Open Trivia DB
"Which team won the ""Tom Clancy's Rainbow Six Siege"" Invitational Event February 2017 in the PC Category?";Continuum;GIFU;Santos Dexterity;eRa Eternity;Entertainment: Video Games;hard;Open Trivia DB
"In ""Hunter x Hunter"", which of the following is NOT a type of Nen aura?";Restoration;Emission;Transmutation;Specialization;"Entertainment: Japanese Anime &amp; Manga";hard;Open Trivia DB
What is the molecular formula of Ozone?;O3;C6H2O6;N2O;SO4;"Science &amp; Nature";hard;Open Trivia DB
"What does the term ""isolation"" refer to in microbiology?";The separation of a strain from a natural, mixed population of living microbes;A lack of nutrition in microenviroments;The nitrogen level in soil;Testing effects of certain microorganisms in an isolated enviroments, such as caves;"Science &amp; Nature";hard;Open Trivia DB
In the Magic: The Gathering universe,  the Antiquities, Ice Age, and Alliances expansions take place on which continent?;Terisiare;Aerona;Shiv;Jamuraa;Entertainment: Books;hard;Open Trivia DB
"In ""Resident Evil 3"", how many inventory slots does Jill have at the start of the game?";8;6;10;12;General Knowledge;hard;Open Trivia DB
"What was the religion of famous singer ""Freddie Mercury""?";Zoroastrianism;Paganism;Ashurism;Judaism;Celebrities;hard;Open Trivia DB
"What is the plane of existence in MicroProse's 1997 ""Magic the Gathering""?";Shandalar;Theros;Ravnica;Amonkhet;Entertainment: Video Games;hard;Open Trivia DB
Which country did the Eureka Rebellion, an 1856 battle against colonial rule, take place in?;Australia;India;Canada;Brazil;History;hard;Open Trivia DB
Which was the first M-rated video game developed by Squaresoft/Square Enix?;Parasite Eve;Final Fantasy VIII;Front Mission;Vagrant Story;Entertainment: Video Games;hard;Open Trivia DB
What was the code name given to Sonic the Hedgehog 4 during its development?;Project Needlemouse;Project Bluespike;Project Roboegg;Project Darksphere;Entertainment: Video Games;hard;Open Trivia DB
"What is the stage name of New Zealand singer Phillipa ""Pip"" Brown?";Ladyhawke;Lorde;Kesha;Anika Moa;Entertainment: Music;hard;Open Trivia DB
Which of these is a semiconductor amplifying device?;transistor;tube;diode;P-N junction;"Science &amp; Nature";hard;Open Trivia DB
Which of the following physical typologies are used with Ethernet Networks?;Star;Ring;Mesh;Hex;Science: Computers;hard;Open Trivia DB
In the PAYDAY series, where did Dallas start his criminal career?;Chicago, Illinois;Dallas, Texas;New York City, New York;Boston, Massachusetts;Entertainment: Video Games;hard;Open Trivia DB
Where is Fort Marlborough located?;Bengkulu;Singapore;London;Dover;Geography;hard;Open Trivia DB
Which US state was the first to allow women to vote in 1869?;Wyoming;California;Delaware;Virginia;Politics;hard;Open Trivia DB
"""The Big Bang Theory"" was first theorized by a priest of what religious ideology?";Catholic;Christian;Jewish;Islamic;"Science &amp; Nature";hard;Open Trivia DB
Which data structure does FILO apply to?;Stack;Queue;Heap;Tree;Science: Computers;hard;Open Trivia DB
"Which of the following liquids is least viscous? Assume temperature is 25&deg;C.";Acetone;Water;Mercury;Benzene;"Science &amp; Nature";hard;Open Trivia DB
"In The Lies Of Locke Lamora, what does ""Lamora"" mean in Throne Therin?";Shadow;Thievery;Justice;Chaos;Entertainment: Books;hard;Open Trivia DB
What does the International System of Quantities refer 1024 bytes as?;Kibibyte;Kylobyte;Kilobyte;Kelobyte;Science: Computers;hard;Open Trivia DB
Why was the character Trevor Philips discharged from the Air Force?;Mental Health Issues;Injuries;Disease;Danger to Others;Entertainment: Video Games;hard;Open Trivia DB
What year was Canada founded in?;1867;1798;1859;1668;History;hard;Open Trivia DB
What is centralism?;Concentration of power and authority in a central organization.;Conforming to one single common political agenda.;Remaining politically neutral.;The grey area in the spectrum of political left and right.;Politics;hard;Open Trivia DB
In which country is Tallinn located?;Estonia;Finland;Sweden;Poland;Geography;hard;Open Trivia DB
"The ancient city of Chich&eacute;n Itz&aacute; was built by which civilization?";Mayans;Aztecs;Incas;Toltecs;History;hard;Open Trivia DB
Which city is the capital of Michigan?;Lansing;Kalamazoo;Ann Arbor;Detroit;Geography;hard;Open Trivia DB
Which Landsat Satellite failed to reach orbit?;Landsat 6;Landsat 5;Landsat 4;Landsat 3;"Science &amp; Nature";hard;Open Trivia DB
Which one of these chassis codes are used by BMW 3-series?;E46;E39;E85;F10;Vehicles;hard;Open Trivia DB
What is considered the rarest form of color blindness?;Blue;Red;Green;Purple;"Science &amp; Nature";hard;Open Trivia DB
Which Australian Prime Minister disappeared in 1967 and was never found?;Harold Holt;Paul Keating;Edmund Barton;Scott Morrison;History;hard;Open Trivia DB
"Which animation studio produced the anime adaptation of ""xxxHolic""?";Production I.G;Sunrise;Xebec;Kyoto Animation;"Entertainment: Japanese Anime &amp; Manga";hard;Open Trivia DB
Long John Baldry, the voice of Dr. Robotnik in Adventures Of Sonic The Hedgehog, was in a band with which music artist in the 1960s?;Elton John;Freddie Mercury;Paul McCartney;Johnny Cash;Entertainment: Music;hard;Open Trivia DB
Which of the following plastic is commonly used for window frames, gutters and drain pipes?;Polyvinylchloride (PVC);Polyethylene (PE);Polypropylene (PP);Polystyrene (PS);"Science &amp; Nature";hard;Open Trivia DB
The Suez Canal is located in which African country?;Egypt;Libya;Ghana;Nigeria;Geography;hard;Open Trivia DB
"What did Alfred Hitchcock use as blood in the film ""Psycho""?";Chocolate syrup;Ketchup;Red food coloring;Maple syrup;Entertainment: Film;hard;Open Trivia DB
"In 2004, which person(s) created ""Roblox""?";David Baszucki and Erik Cassel;Erik Cassel;Jonas Alto and Sarah Smith;James Kolein;Entertainment: Video Games;hard;Open Trivia DB
"What is the species of the ""Predator"" in the 1987 movie ""Predator""?";Yautja;Xenomorph;Praetorian;Phocrex;Entertainment: Film;hard;Open Trivia DB
Which one of these is NOT an official map in Counter-Strike: Global Offensive?;de_season;de_sugarcane;de_canals;de_militia;Entertainment: Video Games;hard;Open Trivia DB
In Diablo lore, this lesser evil spawned from one of the seven heads of Tathamet, and was known as the Maiden of Anguish.;Andariel;Valla;Malthael;Kashya;Entertainment: Video Games;hard;Open Trivia DB
What was the name of the Ethiopian Wolf before they knew it was related to wolves?;Simien Jackel;Ethiopian Coyote;Amharic Fox;Canis Simiensis;Animals;hard;Open Trivia DB
"In the ""Devil May Cry"" franchise, which game is chronologically first?";Devil May Cry 3: Dante's Awakening;Devil May Cry 4;Devil May Cry;Devil May Cry 2;Entertainment: Video Games;hard;Open Trivia DB
"In the ""Dragon Ball"" franchise, what is the name of Goku's brother?";Raditz;Gohan;Vegeta;Bardock;"Entertainment: Japanese Anime &amp; Manga";hard;Open Trivia DB
In the 2014 Pokemon VGC Finals, which Pokemon was famous for bringing the winner to victory?;Pachirisu;Garchomp;Lapras;Primal Groudon;Entertainment: Video Games;hard;Open Trivia DB
"What three movies, in order from release date, make up the ""Dollars Trilogy""?";"""A Fistful of Dollars"", ""For a Few Dollars More"", ""The Good, the Bad, and the Ugly""";"""The Good, the Bad, and the Ugly"", ""For A Few Dollars More"", ""A Fistful of Dollars""";"""For a Few Dollars More"", ""The Good, the Bad, and the Ugly"", ""A Fistful of Dollars""";"""For a Few Dollars More"", ""A Fistful of Dollars"", ""The Good, the Bad, and the Ugly""";Entertainment: Film;hard;Open Trivia DB
"What did the abbreviation ""RMS"" stand for in the RMS Titanic in 1912?";Royal Mail Ship;Royal Majesty Service;Regular Maritime Schedule;Regulated Maelstrom Sensor;History;hard;Open Trivia DB
With which country does France share its largest land border;Brazil;Germany;Spain;Canada;Geography;hard;Open Trivia DB
Where are Terror Fiends more commonly found in the Nintendo game Miitopia?;New Lumos;Peculia;The Sky Scraper;Otherworld;Entertainment: Video Games;hard;Open Trivia DB
In the year 1900, what were the most popular first names given to boy and girl babies born in the United States?;John and Mary;Joseph and Catherine;William and Elizabeth;George and Anne;History;hard;Open Trivia DB
"Which actress portrayed Dr. Grace Augustine in the James Cameron movie ""Avatar""?";Sigourney Weaver;Jessica Chastain;Melissa Beckett;Alyssa Monroe;Entertainment: Film;hard;Open Trivia DB
Which round does a WW2 M1 Garand fire?;.30-06;.308;7.62;7.62x51mm;Science: Gadgets;hard;Open Trivia DB
"The painting ""The Starry Night"" by Vincent van Gogh was part of which art movement?";Post-Impressionism;Romanticism;Neoclassical;Impressionism;Art;hard;Open Trivia DB
When did Canada leave the confederation to become their own nation?;July 1st, 1867;July 1st, 1763;July 1st, 1832;July 1st, 1902;History;hard;Open Trivia DB
Which of these weapon classes DO NOT appear in the first Monster Hunter game?;Bow;Hammer;Heavy Bowgun;Light Bowgun;Entertainment: Video Games;hard;Open Trivia DB
The difference between the lengths of a Boeing 777-300ER and an Airbus A350-1000 is closest to:;0.1m;1m;10m;100m;Vehicles;hard;Open Trivia DB
What was the name of the hip hop group Kanye West was a member of in the late 90s?;The Go-Getters;The Jumpers;The Kickstarters;The Beat-Busters;Entertainment: Music;hard;Open Trivia DB
"The novel ""Jane Eyre"" was written by what author?";"Charlotte Bront&euml;";"Emily Bront&euml;";Jane Austen;Louisa May Alcott;Entertainment: Books;hard;Open Trivia DB
What type of creature is a Bonobo?;Ape;Lion;Parrot;Wildcat;Animals;hard;Open Trivia DB
How many countries share a land border with Russia? (Not including disputed territories);14;12;10;8;Geography;hard;Open Trivia DB
Abel Magwitch is a character from which Charles Dickens novel?;Great Expectations;The Pickwick Papers;Nicholas Nickleby;Oliver Twist;Entertainment: Books;hard;Open Trivia DB
"Which of the following is another name for the ""Poecilotheria Metallica Tarantula""?";Gooty;Hopper;Silver Stripe;Woebegone;Animals;hard;Open Trivia DB
A Caixa Malacacheta is what kind of musical instrument which is commonly used in Latin American music?;Snare Drum;Cow Bell;Bass Drum;Maraca;Entertainment: Music;hard;Open Trivia DB
Which of these countries is NOT a part of the Asian continent?;Suriname;Georgia;Russia;Singapore;Geography;hard;Open Trivia DB
"Akatsuki's subclass in ""Log Horizon"" is what?";Tracker;Assassin;Scribe;Apprentice;"Entertainment: Japanese Anime &amp; Manga";hard;Open Trivia DB
Which of these characters was considered, but ultimately not included, for Super Smash Bros. Melee?;James Bond;Diddy Kong;Mega Man;Wave Racer;Entertainment: Video Games;hard;Open Trivia DB
Which drive form was added into Kingdom Hearts II Final Mix?;Limit Form;Valor Form;Wisdom Form;Anti Form;Entertainment: Video Games;hard;Open Trivia DB
"The board game ""Monopoly"" is a variation of what board game?";The Landlord's Game;Territorial Dispute;Property Feud;The Monopolist's Game;Entertainment: Board Games;hard;Open Trivia DB
Which of these numbers is closest to the total number of possible states for an army standard Enigma Machine?;1.58 x 10^20;1.58 x 10^22;1.58 x  10^18;1.58 x 10^24;Science: Mathematics;hard;Open Trivia DB
What immense structure is referred to in Norse Mythology as the Yggdrasil.;Tree;Mountain;Temple;Castle;Mythology;hard;Open Trivia DB
"In ""Gravity Falls"", what does Quentin Trembley do when he is driven out from the White House?";Eat a salamander and jump out the window.;Leave in peace.;Jump out the window.;Release 1,000 captive salamanders into the white house.;"Entertainment: Cartoon &amp; Animations";hard;Open Trivia DB
What is the unit of electrical inductance?;Henry;Weber;Coulomb;Mho;"Science &amp; Nature";hard;Open Trivia DB
"How many aces can be shot down through the entirety of ""Ace Combat Zero: The Belkan War""?";169;100;132;245;Entertainment: Video Games;hard;Open Trivia DB
"What is the last line muttered in the anime film ""The End of Evangelion""?";"""How disgusting.""";"""Idiot, I won't let you kill me!""";"""Nothing.""";"""Goddammit, Shinji.""";"Entertainment: Japanese Anime &amp; Manga";hard;Open Trivia DB
Which achievement name is shared between Team Fortress 2 and Left 4 Dead 2?;Rode Hard, Put Away Wet;The Quick and the Dead;Cache Grab;F in Chemistry;Entertainment: Video Games;hard;Open Trivia DB
Prior to his appearance in Super Smash Bros. Ultimate, What was King K. Rool's last appearance in any game?;Mario Super Sluggers;Donkey Kong 64;Donkey Kong Country 3;Donkey Kong: King Of Swing;Entertainment: Video Games;hard;Open Trivia DB
During World War I, which nation's monarchs were blood related?;England, Germany, Russia;France, Russia, Germany;Serbia, Russia, Croatia;Germany, Spain, Austria;History;hard;Open Trivia DB
"When was ""YouTube"" founded?";February 14, 2005;May 22, 2004;September 12, 2005;July 19, 2009;General Knowledge;hard;Open Trivia DB
What is special about Lake Titicaca?;Highest navigable lake;Longest lake in the world;Deepest lake in the world;Remains frozen all year round;Geography;hard;Open Trivia DB
What is the name of the 2016 mixtape released by Venezuelan electronic producer Arca?;"Entra&ntilde;as";&&&&&&;Sheep;Xen;Entertainment: Music;hard;Open Trivia DB
What internet protocol was documented in RFC 1459?;IRC;HTTP;HTTPS;FTP;Science: Computers;hard;Open Trivia DB
"The word ""aprosexia"" means which of the following?";The inability to concentrate on anything;The inability to make decisions;A feverish desire to rip one's clothes off;The inability to stand up;General Knowledge;hard;Open Trivia DB
Which studio animated Afro Samurai?;Gonzo;Kyoto Animation;xebec;Production I.G;"Entertainment: Japanese Anime &amp; Manga";hard;Open Trivia DB
Which of the following landlocked countries is entirely contained within another country?;Lesotho;Burkina Faso;Mongolia;Luxembourg;Geography;hard;Open Trivia DB
When was Minecraft 1.0 released?;November 18, 2011;May 17, 2009;December 10, 2014;September 13, 2012;Entertainment: Video Games;hard;Open Trivia DB
"The son of which pope supposedly held a lecherous f&ecirc;te involving 50 courtesans in the papal palace?";Alexander VI;Innocent V;Urban II;Pius III;History;hard;Open Trivia DB
Talos, the mythical giant bronze man, was the protector of which island?;Crete;Sardinia;Sicily;Cyprus;Mythology;hard;Open Trivia DB
What is the maximum value of a 32-bit signed binary integer?;2,147,483,647;255;2048;9,223,372,036,854,775,807;Science: Computers;hard;Open Trivia DB
In Geometry Dash, what is level 13?;Electroman Adventures;Theory of Everything;Clubstep;Clutterfunk;Entertainment: Video Games;hard;Open Trivia DB
When Batman trolls the online chat rooms, what alias does he use?;JonDoe297;iAmBatman;BWayne13;BW1129;Entertainment: Comics;hard;Open Trivia DB
Which cartoon family lives in 31 Spooner Street, Quahog, Rhode Island USA?;The Griffins;The Simpsons;The Jetsons;The Hills;"Entertainment: Cartoon &amp; Animations";hard;Open Trivia DB
In the Naruto manga, what is the last name of Tsunade?;Senju;Haruno;Uzumaki;Yamanaka;"Entertainment: Japanese Anime &amp; Manga";hard;Open Trivia DB
How many times did Martina Navratilova win the Wimbledon Singles Championship?;Nine;Ten;Seven;Eight;Sports;hard;Open Trivia DB
Which of the following games in the The Legend of Zelda franchise was released in North America before Japan?;The Legend of Zelda: Twilight Princess;Zelda II: The Adventure of Link;The Legend of Zelda: Four Swords Adventures;The Legend of Zelda: Majora's Mask;Entertainment: Video Games;hard;Open Trivia DB
"Which Kingdom Hearts game featured the cast of ""The World Ends With You""?";Dream Drop Distance;Birth By Sleep;365/2 Days;Re:Chain of Memories;Entertainment: Video Games;hard;Open Trivia DB
What is the name of your team in Star Wars: Republic Commando?;Delta Squad;The Commandos;Bravo Six;Vader's Fist;Entertainment: Video Games;hard;Open Trivia DB
Coulrophobia is the irrational fear of what?;Clowns;Cemeteries;Needles;Tunnels;"Science &amp; Nature";hard;Open Trivia DB
"What is the English title of the vaporwave track ""リサフランク420 / 現代のコンピュー"" by Macintosh Plus (Vektroid)?";Lisa Frank 420 / Modern Computing;Smoke Weed 420 / Everyday;Make Your Move 420 / My Mind;It's All In Your Head 420 / Understand;Entertainment: Music;hard;Open Trivia DB
"In the MMO RPG ""Realm of the Mad God"", what dungeon is widely considered to be the most difficult?";The Shatter's;Snake Pit;The Tomb of the Acient's;The Puppet Master's Theater;General Knowledge;hard;Open Trivia DB
"Which animation studio animated ""Hidamari Sketch""?";Shaft;Trigger;Kyoto Animation;Production I.G;"Entertainment: Japanese Anime &amp; Manga";hard;Open Trivia DB
The Svalbard Archipelago is a dependency of which country?;Norway;Denmark;Iceland;Russia;Geography;hard;Open Trivia DB
How many legs is it biologically impossible for a centipede to have?;100;26;50;74;"Science &amp; Nature";hard;Open Trivia DB
GoldenEye 007 on the Nintendo 64 was planned to allow you to play as all previous Bond actors, with the exception of who?;George Lazenby;Roger Moore;Sean Connery;Timothy Dalton;Entertainment: Video Games;hard;Open Trivia DB
"What is the main theme song of ""Sonic Adventure 2""?";Live and Learn;Open Your Heart;Can You Feel the Sunshine?;His World;Entertainment: Video Games;hard;Open Trivia DB
Which of the following chemicals are found in eggplant seeds?;Nicotine;Mescaline;Cyanide;Psilocybin;General Knowledge;hard;Open Trivia DB
What is the scientific name of the red fox?;Vulpes Vulpes;Vulpes Redus;Red Fox;Vulpes Vulpie;"Science &amp; Nature";hard;Open Trivia DB
"What is the name of the supercomputer located in the control room in ""Jurassic Park"" (1993)?";Thinking Machines CM-5;Cray X-MP;Cray XK7;IBM Blue Gene/Q;Entertainment: Film;hard;Open Trivia DB
"What is the romanized Chinese word for ""airplane""?";Feiji;Qiche;Zongxian;Huojian;General Knowledge;hard;Open Trivia DB
"In the 1964 film ""Zulu"", what song does the British Army company sing before the final battle?";Men of Harlech;Scotland the Brave;Colonel Bogey March;The British Grenadiers;Entertainment: Film;hard;Open Trivia DB
The Andaman and Nicobar Islands in South East Asia are controlled by which country?;India;Vietnam;Thailand;Indonesia;Geography;hard;Open Trivia DB
"The painting ""Guernica"" by Pablo Picasso expressed emotions of dread in response to which war?";Spanish Civil War;World War I;The Crimean War;Spanish-American War;Art;hard;Open Trivia DB
"What was the development code name for the ""Urza's Destiny"" expansion for ""Magic: The Gathering"", released in 1999?";Chimichanga;Burrito;Taquito;Enchilada;Entertainment: Board Games;hard;Open Trivia DB
Which retro video game was released first?;Space Invaders;Galaga;Pac-Man;Asteroids;Entertainment: Video Games;hard;Open Trivia DB
Who Voices the Devil on Devil's Flight in Final Destination 3?;Tony Todd;Wendy Christensen;Ian McKinley;Kevin Fischer;Entertainment: Film;hard;Open Trivia DB
Which Landsat Satellite currently has had the longest operational life?;Landsat 5;Landsat 8;Landsat 7;Landsat 6;"Science &amp; Nature";hard;Open Trivia DB
"The French mathematician &Eacute;variste Galois is primarily known for his work in which?";Galois Theory;Galois' Continued Fractions;Galois' Method for PDE's;Abelian Integration;Science: Mathematics;hard;Open Trivia DB
Artis Leon Ivey Jr. is better known as which rap artist?;Coolio;Dr Dre;Snoop Dogg;Ice T;Entertainment: Music;hard;Open Trivia DB
"The Internet Meme ""All your base are belong to us"" is based on the poorly translated English Version of which Video Game?";Zero Wing;F-Zero;Wing Commander;Star Wars: X-Wing;Entertainment: Video Games;hard;Open Trivia DB
When Magic: The Gathering was first solicited, which of the following was it originally titled?;Mana Clash;Magic;Magic Clash;Mana Duels;Entertainment: Board Games;hard;Open Trivia DB
Which country first successfully farm-hatched and raised bluefin tuna in 1979?;Japan;France;USA;Philippines;"Science &amp; Nature";hard;Open Trivia DB
"In the Gamecube Version of ""Resident Evil"" what text document is open on the monitor of the computer in the Visual Data Room?";A GDC Document;Text Document on Herbs;Nothing;Document on B.O.Ws;Entertainment: Video Games;hard;Open Trivia DB
In TF2 Lore, what are the names of the Heavy's younger sisters?;Yana and Bronislava;Gaba and Anna;Yanna and Gaba;Anna and Bronislava;Entertainment: Video Games;hard;Open Trivia DB
Autosomal-dominant Compelling Helio-Ophthalmic Outburst syndrome is the need to do what when seeing the Sun?;Sneeze;Cough;Yawn;Hiccup;"Science &amp; Nature";hard;Open Trivia DB
What was Napoleon Bonaparte's name before he changed it?;Napoleone di Buonaparte;Naapolion van Bonijpaart;"Napole&atilde;o do Boaparte";Napoleona de Buenoparte;History;hard;Open Trivia DB
"What is the fastest speed possible in Trackmania&sup2;: Stadium?";1000  km/h;500 km/h;320 km/h;100 km/h;Entertainment: Video Games;hard;Open Trivia DB
Which board game was first released on February 6th, 1935?;Monopoly;Risk;Clue;Candy Land;Entertainment: Board Games;hard;Open Trivia DB
What are the chances of being dealt a Royal Flush within Poker/Video Poker?;1 in 649,740;1 in 763,302;1 in 499,304;1 in 311,875,200;Entertainment: Video Games;hard;Open Trivia DB
Before Super Smash Bros. contained Nintendo characters, what was it known as internally?;Dragon King: The Fighting Game;Contest of Champions;Smash and Pummel;Fighter of the Ages: Conquest;Entertainment: Video Games;hard;Open Trivia DB
"In the title of the game ""Luigi's Mansion"", what is the only letter to not appear with a pair of eyes in it?";s;n;i;m;Entertainment: Video Games;hard;Open Trivia DB
Which of the following is a major muscle of the back?;Trapezius;Trapezium;Trapezoid;Triquetrum;"Science &amp; Nature";hard;Open Trivia DB
Which of these aliases has NOT been used by electronic musician Aphex Twin?;Burial;Caustic Window;Bradley Strider;GAK;Entertainment: Music;hard;Open Trivia DB
"Which Elton John hit starts with the line ""When are you gonna come down""?";Goodbye Yellow Brick Road;Rocket Man;Bennie and the Jets;Crocodile Rock;Entertainment: Music;hard;Open Trivia DB
Who is the victim mentioned in the second KG-8 incident, in Ace attorney Investigations, Case 4?;Deid Mann;Frank Sahwit;Shey De Killer;Raymond Shields;Entertainment: Video Games;hard;Open Trivia DB
The Maluku islands (informally known as the Spice Islands) belong to which country?;Indonesia;Chile;New Zealand;Fiji;Geography;hard;Open Trivia DB
"""Exile"" and ""Revelations"" were the third and fourth installments of which PC game series?";Myst;Shivers;Doom;Tropico;Entertainment: Video Games;hard;Open Trivia DB
In which city is the Big Nickel located in Canada?;Sudbury, Ontario;Calgary, Alberta;Halifax, Nova Scotia;Victoria, British Columbia;Geography;hard;Open Trivia DB
"What North American tourist attraction is served by the ""Maid of the Mist"" tour company?";Niagara Falls;Whistler, British Columbia;Disney World;Yosemite National Park;Geography;hard;Open Trivia DB
"Which animation studio produced ""Sword Art Online""?";A-1 Pictures;Production I.G;Silver Link;Kyoto Animation;"Entertainment: Japanese Anime &amp; Manga";hard;Open Trivia DB
"In Magic: The Gathering, what card's flavor text is ""Catch!""?";Lava Axe;Stone-Throwing Devils;Ember Shot;Throwing Knife;Entertainment: Board Games;hard;Open Trivia DB
"Which race enjoys a glass of warm baghol in ""Star Trek""?";Klingon;Vulcan;Human;Botha;Entertainment: Television;hard;Open Trivia DB
"What is the first Studio Album to be released on the Internet with a ""Pay-What-You-Want"" price?";In Rainbows;The Help Album;"Skrillex and Diplo Present Jack &Uuml;";Blackstar;Entertainment: Music;hard;Open Trivia DB
Which constellation contains the center of the Milky Way?;Sagittarius;Scorpius;Ophiuchus;Capricornus;"Science &amp; Nature";hard;Open Trivia DB
"The word ""abulia"" means which of the following?";The inability to make decisions;The inability to stand up;The inability to concentrate on anything;A feverish desire to rip one's clothes off;General Knowledge;hard;Open Trivia DB
"Pianist Fr&eacute;d&eacute;ric Chopin was a composer of which musical era?";Romantic;Classic;Baroque;Renaissance;History;hard;Open Trivia DB
Which of the following FIA Rally cars was approved for use in the Group B class first?;Porsche 911 Turbo;Audi Quattro A2;BMW M1;Lancia Rally 037;Vehicles;hard;Open Trivia DB
List the following Iranic empires in chronological order:;Median, Achaemenid, Parthian, Sassanid;Median, Achaemenid, Sassanid, Parthian;Achaemenid, Median, Parthian, Sassanid;Achaemenid, Median, Sassanid, Parthian;History;hard;Open Trivia DB
"In the anime, ""Hunter X Hunter"", what is the main protagonist's name?";Gon;Gin;Gan;Gen;"Entertainment: Japanese Anime &amp; Manga";hard;Open Trivia DB
"Which one of these characters is from ""Legendz : Tale of the Dragon Kings""?";Shiron;Jack;Axia;Drum;"Entertainment: Japanese Anime &amp; Manga";hard;Open Trivia DB
"Which artists' version of the song ""The Tide is High"" came first?";The Paragons;Blondie;Kardinal Offishall;Atomic Kitten;Entertainment: Music;hard;Open Trivia DB
What model was the sports car gifted to Yuri Gagarin by the French government in 1965?;Matra Djet;Porsche 911;Alpine A110;AC Cobra;Vehicles;hard;Open Trivia DB
"Some of the ""Fallen Empires"" cards from ""Magic: The Gathering"" were misprinted on the backs of which other card game?";Wyvern;Pokemon;Dominion;Yu-Gi-Oh;Entertainment: Board Games;hard;Open Trivia DB
Who was the President of the United States during the signing of the Gadsden Purchase?;Franklin Pierce;Andrew Johnson;Abraham Lincoln;James Polk;History;hard;Open Trivia DB
Which RAID array type is associated with data mirroring?;RAID 1;RAID 0;RAID 10;RAID 5;Science: Computers;hard;Open Trivia DB
Which one of the following titles by Valve is not based on a Community Mod?;Ricochet;Day of Defeat;Counter-Strike;Alien Swarm;Entertainment: Video Games;hard;Open Trivia DB
"In ""It's Always Sunny in Philadelphia"" what was the name of Frank's wrestling persona?";The Trash Man;Bird of War;Day Man;The Maniac;Entertainment: Television;hard;Open Trivia DB
Which album was released by Kanye West in 2013?;Yeezus;My Beautiful Dark Twisted Fantasy;The Life of Pablo;Watch the Throne;Entertainment: Music;hard;Open Trivia DB
"The word ""astasia"" means which of the following?";The inability to stand up;The inability to make decisions;The inability to concentrate on anything;A feverish desire to rip one's clothes off;General Knowledge;hard;Open Trivia DB
In the game Danganronpa: Happy Trigger Havoc, the character Aoi Asahina's ultimate ability is what?;Ultimate Swimmer;Ultimate Detective;Ultimate Gambler;Ultimate Dancer;Entertainment: Video Games;hard;Open Trivia DB
What was the name of Sonic the Hedgehog's original human girlfriend?;Madonna;Celeste;Sierra;Nina;Entertainment: Video Games;hard;Open Trivia DB
Which of the following cellular device companies is NOT headquartered in Asia?;Nokia;LG Electronics;Samsung;HTC;Science: Gadgets;hard;Open Trivia DB
What is Ron Weasley's middle name?;Bilius;Arthur;John;Dominic;Entertainment: Books;hard;Open Trivia DB
If you planted the seeds of Quercus robur what would grow?;Trees;Flowers;Vegtables;Grains;"Science &amp; Nature";hard;Open Trivia DB
"Who wrote the novel ""Moby-Dick""?";Herman Melville;William Golding;William Shakespeare;J. R. R. Tolkien;Entertainment: Books;hard;Open Trivia DB
"Who voice acted the character Hiccup in the movie ""How to Train Your Dragon""?";Jay Baruchel;Jack Brauchel;John Powell;Gerard Butler;"Entertainment: Cartoon &amp; Animations";hard;Open Trivia DB
How many notes are there on a standard grand piano?;88;98;108;78;General Knowledge;hard;Open Trivia DB
What is the most challenging monster in the Dungeons & Dragons 5th Edition Monster Manual?;Tarrasque;Beholder;Displacer Beast;Lich;Entertainment: Board Games;hard;Open Trivia DB
In the game Warframe, what Mastery Rank do you need to have to build the Tigris Prime?;13;6;18;10;Entertainment: Video Games;hard;Open Trivia DB
Where was Napoleon Bonaparte born?;Corsica;Normandy;Brittany;Paris;History;hard;Open Trivia DB
"In ""Final Fantasy VI"", what is the name of (summoned) Gilgamesh's weakest attack?";Excalipoor;Excalibore;Excalisnore;Excalisore;Entertainment: Video Games;hard;Open Trivia DB
"Before the 19th Century, the ""Living Room"" was originally called the...";Parlor;Open Room;Sitting Room;Loft;General Knowledge;hard;Open Trivia DB
What type of sound chip does the Super Nintendo Entertainment System (SNES) have?;ADPCM Sampler;FM Synthesizer;Programmable Sound Generator (PSG);PCM Sampler;Science: Computers;hard;Open Trivia DB
"Who sings the rap song ""Secret Wars Part 1""?";The Last Emperor;MC Frontalot;Busdriver;Masta Killa;Entertainment: Music;hard;Open Trivia DB
Who was the Author of the manga Monster Hunter Orage?;Hiro Mashima;Shin Yamamoto;Keiichi Hikami;Hirohiko Araki;"Entertainment: Japanese Anime &amp; Manga";hard;Open Trivia DB
"Which of the following rings from the DC Comics' ""Lantern Corps"" are classified as Parasitic?";Indigo (Compassion);Green (Willpower);White (Life);Yellow (Fear);Entertainment: Comics;hard;Open Trivia DB
How long did the Warsaw Uprising during World War II last?;63 Days;20 Days;55 Days;224 Days;History;hard;Open Trivia DB
"In the movie ""Scream"" who is Ghost Face?";Billy Loomis and Stu Macher;Dewey Riley;Sidney Prescott;Archie Prescott and Philip Marv;Entertainment: Film;hard;Open Trivia DB
"Who painted ""American Gothic""?";Grant Wood;Anita Malfatti;Pablo Picasso;Marc Chagall;Art;hard;Open Trivia DB
"When was the first ""Half-Life"" released?";1998;2004;1999;1997;Entertainment: Video Games;hard;Open Trivia DB
"In ""Starbound"", according to the asset files, the description of the ""Erchius Ghost"" is the same as which other assets?";Spookit;Petricub;Trictus;Pyromantle;Entertainment: Video Games;hard;Open Trivia DB
In which video game did Michael Fassbender star?;Fable 3;Call of Duty: Modern Warfare;Assassin's Creed 3;Red Dead Redemption;Entertainment: Video Games;hard;Open Trivia DB
In the Friday The 13th series, what year did Jason drown in?;1957;1955;1953;1959;Entertainment: Film;hard;Open Trivia DB
What rock group is named after a gym teacher who taught at the original band members' high school?;Lynyrd Skynyrd;Jefferson Airplane;Pink Floyd;The Byrds;Entertainment: Music;hard;Open Trivia DB
"In what Disney movie can you spot the character ""Pac-Man"" in if you look closely enough in some scenes?";Tron;Big Hero 6;Fantasia;Monsters, Inc.;Entertainment: Film;hard;Open Trivia DB
What are the Three Virtues of Bionicle?;Unity, Duty, Destiny;Build, Play, Change;Work, Play, Live;Forge, Build, Fight;Entertainment: Comics;hard;Open Trivia DB
Which of the following was not one of Joseph Stalin's ten blows during World War II?;Vistula-Oder Offensive;Crimean Offensive;Leningrad-Novgorod Offensive;Operation Bagration;History;hard;Open Trivia DB
"In ""One Piece"", who confirms the existence of the legendary treasure, One Piece?";"Edward ""Whitebeard"" Newgate";Former Marine Fleet Admiral Sengoku;Pirate King Gol D Roger;Silvers Rayleigh;"Entertainment: Japanese Anime &amp; Manga";hard;Open Trivia DB
"In the ""Call Of Duty: Zombies"" map ""Origins"", where is ""Stamin-Up"" located?";Generator 5;Generator 3;Generator 4;Excavation Site;Entertainment: Video Games;hard;Open Trivia DB
In Super Smash Bros. for Nintendo 3DS and Nintendo Wii U, who was the sixth fighter to be added to the game post-launch?;Corrin;Cloud;Bayonnetta;Ryu;Entertainment: Video Games;hard;Open Trivia DB
"What programming language was used to create the game ""Minecraft""?";Java;HTML 5;C++;Python;Entertainment: Video Games;hard;Open Trivia DB
When was the SS or Schutzstaffel established?;April 4th, 1925;September 1st, 1941;March 8th, 1935;February 21st, 1926;History;hard;Open Trivia DB
"Which game in the ""Monster Hunter"" series introduced the ""Insect Glaive"" weapon?";Monster Hunter 4;Monster Hunter Freedom;Monster Hunter Stories;Monster Hunter 2;Entertainment: Video Games;hard;Open Trivia DB
"What was the name of the game created by Masahiro Sakurai and Satoru Iwata that would eventually evolve into ""Super Smash Bros.""?";Dragon King: The Fighting Game;Nintendo Legends: Fight!;Martial Arts: King of the Hill;Aerial Warriors: Supreme Battle;Entertainment: Video Games;hard;Open Trivia DB
What was the name of the security vulnerability found in Bash in 2014?;Shellshock;Heartbleed;Bashbug;Stagefright;Science: Computers;hard;Open Trivia DB
What Southeast Asian country was formerly known as 'Lan Xang'?;Laos;Cambodia;Vietnam;Thailand;History;hard;Open Trivia DB
"In ""Call Of Duty: Zombies"", which map's opening cutscene shows ""Richtofen"" killing another version of himself?";The Giant;Shadows Of Evil;Der Eisendrache;Moon;Entertainment: Video Games;hard;Open Trivia DB
"In ""Star Trek"", who was the founder of the Klingon Empire and its philosophy?";Kahless the Unforgettable;Lady Lukara of the Great Hall;Molor the Unforgiving;Dahar Master Kor;Entertainment: Television;hard;Open Trivia DB
In Canadian football, scoring a rouge is worth how many points?;1;2;3;4;Sports;hard;Open Trivia DB
What was the name of the inflatable duck sacrified to the crowd at the end of Episode 34 of the 18th season of Big Brother?;Pablo;Esteban;Carlos;Duckster;Entertainment: Television;hard;Open Trivia DB
Which band is the longest active band in the world with no breaks or line-up changes?;U2;Radiohead;Rush;Rolling Stones;Entertainment: Music;hard;Open Trivia DB
What is the name of the main character in the video game VA-11 HALL-A: Cyberpunk Bartender Action?;Jill;Dana;Alma;Anna;Entertainment: Video Games;hard;Open Trivia DB
Which of Michael Jackson's albums sold the most copies?;Thriller;Dangerous;Bad;Off the Wall;Entertainment: Music;hard;Open Trivia DB
Which church's interior in Vatican City was designed in 1503 by renaissance architects including Bramante, Michelangelo and Bernini?;St. Peter's Basilica;Catania Cathedral;"St. Mark&rsquo;s Basilica";The Duomo of Florence;General Knowledge;hard;Open Trivia DB
Which of the following games in the The Legend of Zelda franchise was released in Japan before North America?;The Legend of Zelda: The Minish Cap;The Legend of Zelda: Twilight Princess;The Legend of Zelda: Spirit Tracks;The Legend of Zelda: Four Swords;Entertainment: Video Games;hard;Open Trivia DB
What was Humphrey Bogart's middle name?;DeForest;DeWinter;Steven;Bryce;Entertainment: Film;hard;Open Trivia DB
Which of the following is the oldest of these computers by release date?;TRS-80;Commodore 64;ZX Spectrum;Apple 3;Science: Computers;hard;Open Trivia DB
Which of the four empires in  Eve Online was the first to achieve faster than light travel?;Amarr Empire;Caldari State;Gallente Federation;Minmatar Republic;Entertainment: Video Games;hard;Open Trivia DB
Which of these banks are NOT authorized to issue currency notes in Hong Kong?;OCBC;HSBC;Standard Chartered;Bank of China;General Knowledge;hard;Open Trivia DB
Pete Townshend collaborated with which famous guitarist for an event at Brixton Academy in 1985?;David Gilmour;Jimmy Page;Mark Knopfler;Eric Clapton;Entertainment: Music;hard;Open Trivia DB
What French sculptor designed the Statue of Liberty?;"Fr&eacute;d&eacute;ric Auguste Bartholdi";"Jean-L&eacute;on G&eacute;r&ocirc;me";Auguste Rodin;Henri Matisse;Art;hard;Open Trivia DB
What is isobutylphenylpropanoic acid more commonly known as?;Ibuprofen;Morphine;Ketamine;Aspirin;"Science &amp; Nature";hard;Open Trivia DB
According to Fair Works Australia, how long do you have to work to get Long Service Leave?;7 years;2 years;8 years;6 months;General Knowledge;hard;Open Trivia DB
"The words ""bungalow"" and ""shampoo"" originate from the languages of which country?";India;Papua New Guinea;Ethiopia;China;General Knowledge;hard;Open Trivia DB
What was the major distinction between the English and French Gothic styles of architecture?;Fan vaulting;Pinnacles;Gargoyles;Hemispherical Domes;Art;hard;Open Trivia DB
Who is the horror manga artist who made Uzumaki?;Junji Ito;Kazuo Umezu;Shintaro Kago;Sui Ishida;"Entertainment: Japanese Anime &amp; Manga";hard;Open Trivia DB
"What year was ""JoJo's Bizarre Adventure: Phantom Blood"" first released?";1987;2013;1983;1995;"Entertainment: Japanese Anime &amp; Manga";hard;Open Trivia DB
"During the Wars of the Roses (1455 - 1487) which Englishman was dubbed ""the Kingmaker""?";Richard Neville;Richard III;Henry V;Thomas Warwick;History;hard;Open Trivia DB
In Big Hero 6, what were Baymax's motions modeled after?;Baby penguins;Baby monkeys;Baby ostriches;Baby bears;Entertainment: Film;hard;Open Trivia DB
"""Gimmick!"" is a Japanese Famicom game that uses a sound chip expansion in the cartridge. What is it called?";FME-7;VRC7;VRC6;MMC5;Entertainment: Video Games;hard;Open Trivia DB
"Who invented the ""Flying Shuttle"" in 1738; one of the key developments in the industrialization of weaving?";John Kay;James Hargreaves;Richard Arkwright;John Deere;History;hard;Open Trivia DB
America Online (AOL) started out as which of these online service providers?;Quantum Link;CompuServe;Prodigy;GEnie;Science: Computers;hard;Open Trivia DB
What is the world's oldest board game?;Senet;Chess;Checkers;Go;Entertainment: Board Games;hard;Open Trivia DB
What was the name of the rock band that Nobuo Uematsu formed that played songs from various Final Fantasy games?;The Black Mages;The Final Fantasies;The Espers;The Rock Summoners;Entertainment: Music;hard;Open Trivia DB
If you planted the seeds of Quercus robur, what would grow?;Trees;Grains;Vegetables;Flowers;General Knowledge;hard;Open Trivia DB
"Where does the book ""The Silence of the Lambs"" get its title from?";The main character's trauma in childhood;The relation it has with killing the innocents;The villain's favourite meal;The voice of innocent people being shut by the powerful;Entertainment: Books;hard;Open Trivia DB
"Which of these artists did NOT feature in the fitfh studio album ""Humanz"" by British virtual band Gorillaz?";Snoop Dogg;Vince Staples;Pusha T;Danny Brown;Entertainment: Music;hard;Open Trivia DB
"In ""Star Trek"", what sauce is commonly used by Klingons on bregit lung?";Grapok sauce;Gazorpazorp pudding;Sweet chili sauce;Grapork sauce;Entertainment: Television;hard;Open Trivia DB
The term Luddite originally applied to disgruntled workers in which industry?;Textile;Farming;Mining;Ceramics;History;hard;Open Trivia DB
Which of the following United States Presidents served the shortest term in office?;William Henry Harrison;Zachary Taylor;James A. Garfield;Warren G. Harding;Politics;hard;Open Trivia DB
Prior to 2018, which car company is the only Japanese company which won the 24 Hours of Le Mans?;Mazda;Toyota;Subaru;Nissan;Sports;hard;Open Trivia DB
"In ""Pok&eacute;mon Sun and Moon"", Team Skull took over which town?";Po Town;Heahea City;Tapu Village;Iki Town;Entertainment: Video Games;hard;Open Trivia DB
What is the county seat of King County, Washington?;Seattle;Bellevue;Enumclaw;Skykomish;Geography;hard;Open Trivia DB
Which country was NOT formerly part of Yugoslavia?;Albania;Croatia;Serbia;Macedonia;Geography;hard;Open Trivia DB
"In the ""Little Lost Girl"" Easter Egg in Call of Duty: Black Ops II, what's the last step required for the achievement?";Raise Hell;Freedom;Skewer the Winged Beast;Ascend from Darkness;Entertainment: Video Games;hard;Open Trivia DB
The idea of Socialism was articulated and advanced by whom?;Karl Marx;Vladimir Lenin;Joseph Stalin;Vladimir Putin;History;easy;Open Trivia DB
When was the board game Twister, released to the public?;April 1966;September 1965;January 1969;February 1966;Entertainment: Board Games;easy;Open Trivia DB
What is the capital of Bangladesh?;Dhaka;Khulna;London;Lahore;Geography;easy;Open Trivia DB
In the 9th Pokemon movie, who is the Prince of the Sea?;Manaphy;Ash;May;Phantom;"Entertainment: Japanese Anime &amp; Manga";easy;Open Trivia DB
Who wrote the Sinead O`Connor hit 'Nothing Compares 2 U'?;Prince;Michael Jackson;Cameo;Rick James;Entertainment: Music;easy;Open Trivia DB
When did the Byzantine Empire collapse?;1453;1299;1353;1498;History;easy;Open Trivia DB
"Which franchise was NOT featured in the 2015 video game ""Lego Dimensions""?";Breaking Bad;Portal;Doctor Who;Back to the Future;Entertainment: Video Games;easy;Open Trivia DB
"Which of the following games was NOT included in Valve's ""The Orange Box""?";Left 4 Dead;Half-Life 2: Episode Two;Portal;Team Fortress 2;Entertainment: Video Games;easy;Open Trivia DB
Which of these characters is the mascot of the video game company SEGA?;Sonic the Hedgehog;Dynamite Headdy;Alex Kidd;Opa-Opa;Entertainment: Video Games;easy;Open Trivia DB
Who is the main character with yellow hair in the anime Naruto?;Naruto;Ten Ten;Sasuke;Kakashi;"Entertainment: Japanese Anime &amp; Manga";easy;Open Trivia DB
"Which classical composer wrote the ""Moonlight Sonata""?";Ludvig Van Beethoven;Chief Keef;Wolfgang Amadeus Mozart;Johannes Brahms;Entertainment: Music;easy;Open Trivia DB
The most graphically violent game to precede the creation of the ESRB (Entertainment Software Rating Board) was...;Mortal Kombat;Duke Nukem;Resident Evil;Doom;Entertainment: Video Games;easy;Open Trivia DB
"Which franchise does the creature ""Slowpoke"" originate from?";Pokemon;Dragon Ball;Sonic The Hedgehog;Yugioh;Entertainment: Video Games;easy;Open Trivia DB
Who painted The Starry Night?;Vincent van Gogh;Pablo Picasso;Leonardo da Vinci;Michelangelo;Art;easy;Open Trivia DB
What is the name of the antagonist group in Danganronpa Another Episode: Ultra Despair Girls?;Warriors of Hope;The Monokubs;Warriors of Despair;The Ultimate Despair;General Knowledge;easy;Open Trivia DB
According to the American rapper Nelly, what should you do when its hot in here?;Take off all your clothes;Take a cool shower;Drink some water;Go skinny dipping;Entertainment: Music;easy;Open Trivia DB
What is the real name of the famous spanish humorist, El Risitas?;Juan Joya Borga;Gabriel Garcia Marquez;Jesus Quintero;Ernesto Guevara;Entertainment: Television;easy;Open Trivia DB
In Fallout: New Vegas, which one of these casinos can you not play in?;Lucky 38;The Tops;Gammorah;Ultra-Luxe;Entertainment: Video Games;easy;Open Trivia DB
What style of beer will typically have a higher than average hop content?;India Pale Ale;Stout;Extra Special Bitter;Scotch Ale;General Knowledge;easy;Open Trivia DB
"What type of angle is greater than 90&deg;?";Obtuse;Acute;Right;Straight;Science: Mathematics;easy;Open Trivia DB
In Game of Thrones, what continent lies across the Narrow Sea from Westeros?;Essos;Easteros;Westereast;Esuntos;Entertainment: Television;easy;Open Trivia DB
"What were the first two blocks in ""Minecraft""?";Grass and Cobblestone;Grass and Stone;Crafting Table and Cobblestone;Cobblestone and Stone;Entertainment: Video Games;easy;Open Trivia DB
"The characters of ""Log Horizon"" are trapped in what game?";Elder Tale;Sword Art Online;Tower Unite;Yggdrasil;"Entertainment: Japanese Anime &amp; Manga";easy;Open Trivia DB
Before it's redesign of the company logo in the year 2000, which 3D shape is NOT represented in the Electronic Arts logo?;Cylinder;Pyramid;Cube;Sphere;Entertainment: Video Games;easy;Open Trivia DB
Who was South Africa's first Black President?;Nelson Mandela;Mangosuthu Buthelezi;Steve Biko;Bishop Tutu;Politics;easy;Open Trivia DB
In the video game, Half-life, what event started the Half-life universe as we know today?;The Resonance Cascade;World War 3;The Xen Attack;The Black Mesa Nuke;Entertainment: Video Games;easy;Open Trivia DB
Which one of these is not a real game in the Dungeons & Dragons series?;Extreme Dungeons & Dragons;Advanced Dungeons & Dragons;Dungeons & Dragons 3.5th edition;Advanced Dungeons & Dragons 2nd edition;Entertainment: Board Games;easy;Open Trivia DB
"In ""Rick And Morty"", who shot ""Mr. Poopybutthole"" in the episode ""Total Rickall""?";Beth;Rick;Jerry;Morty;Entertainment: Television;easy;Open Trivia DB
"Which company has exclusive rights to air episodes of the ""The Grand Tour""?";Amazon;Netflix;BBC;CCTV;Entertainment: Television;easy;Open Trivia DB
Half-Life by Valve uses the GoldSrc game engine, which is a highly modified version of what engine?;Quake Engine;Doom Engine;id Engine;Source Engine;Entertainment: Video Games;easy;Open Trivia DB
"Which US state is also known as the ""Lone Star State""?";Texas;Alabama;Tennessee;Kentucky;Geography;easy;Open Trivia DB
What is the name of the fictional retro-mod band starring Austin Powers as the lead vocalist?;Ming Tea;Cough Fi;Spear Mint;Mister E;Entertainment: Film;easy;Open Trivia DB
Which of the following vehicles from Ford is named after a WW2 Fighter Plane?;Mustang;Explorer;Ranger;Galaxy;Vehicles;easy;Open Trivia DB
In the Nintendo DS game 'Ghost Trick: Phantom Detective', what is the name of the hitman seen at the start of the game?;Nearsighted Jeego;One Step Ahead Tengo;Missile;Cabanela;Entertainment: Video Games;easy;Open Trivia DB
What was the name of the WWF professional wrestling tag team made up of the wrestlers Ax and Smash?;Demolition;The Dream Team;The Bushwhackers;The British Bulldogs;General Knowledge;easy;Open Trivia DB
What was the name commonly given to the ancient trade routes that connected the East and West of Eurasia?;Silk Road;Spice Road;Clay Road;Salt Road;History;easy;Open Trivia DB
Who painted the Sistine Chapel?;Michelangelo;Leonardo da Vinci;Pablo Picasso;Raphael;Art;easy;Open Trivia DB
What company developed the vocaloid Hatsune Miku?;Crypton Future Media;Sega;Sony;Yamaha Corporation;General Knowledge;easy;Open Trivia DB
The country of Belize borders which country?;Guatemala;Laos;"Per&uacute;";Kenya;Geography;easy;Open Trivia DB
What is the best selling album of all time from 1976 to 2018?;Thriller;Back in Black;Abbey Road;The Dark Side of the Moon;Entertainment: Music;easy;Open Trivia DB
"In the movie ""Spaceballs"", what are the Spaceballs attempting to steal from Planet Druidia?";Air;The Schwartz;Princess Lonestar;Meatballs;Entertainment: Film;easy;Open Trivia DB
What is the nickname of the US state of California?;Golden State;Sunshine State;Bay State;Treasure State;General Knowledge;easy;Open Trivia DB
What year did the Titanic sink?;1912;1930;1917;1941;History;easy;Open Trivia DB
What is the only state in the United States that does not have a flag in a shape with 4 edges?;Ohio;Florida;Idaho;New Mexico;Geography;easy;Open Trivia DB
Rocket League is a game which features..;Cars;Helicopters;Planes;Submarines;Entertainment: Video Games;easy;Open Trivia DB
What is the most frequently used letter in the english alphabet?;E;A;I;O;General Knowledge;easy;Open Trivia DB
The LS2 engine is how many cubic inches?;364;346;376;402;Vehicles;easy;Open Trivia DB
What was Dorothy's surname in 'The Wizard Of Oz'?;Gale;Perkins;Day;Parker;Entertainment: Film;easy;Open Trivia DB
What is Gatomon's name in the original Japanese version of Digimon Adventure?;Tailmon;Pawmon;Catmon;Nekomon;"Entertainment: Japanese Anime &amp; Manga";easy;Open Trivia DB
"In the show ""Steven Universe"", who are the main two employees of The Big Donut?";Sadie and Lars;Steven and James;Erik and Julie;Bob and May;"Entertainment: Cartoon &amp; Animations";easy;Open Trivia DB
"Which famous rapper is featured in Jack &Uuml; (Skrillex and Diplo)'s 2015 single called ""Febreze""?";2 Chainz;Kendrick Lamar;Future;Fatman Scoop;Entertainment: Music;easy;Open Trivia DB
Guy's Grocery Games is hosted by which presenter?;Guy Fieri;Guy Martin;Guy Ritchie;Ainsley Harriott;Entertainment: Television;easy;Open Trivia DB
"Pok&eacute;mon Go is a location-based augmented reality game developed and published by which company?";Niantic;Rovio;Zynga;Supercell;Entertainment: Video Games;easy;Open Trivia DB
What is the correct order of operations for solving equations?;Parentheses, Exponents, Multiplication, Division, Addition, Subtraction;Addition, Multiplication, Division, Subtraction, Addition, Parentheses;Parentheses, Exponents, Addition, Substraction, Multiplication, Division;The order in which the operations are written.;Science: Mathematics;easy;Open Trivia DB
Abolitionist John Brown raided the arsenal in which Virginia Town?;Harper's Ferry;Richmond;Harrisonburg;Martinsburg;History;easy;Open Trivia DB
What was William Frederick Cody better known as?;Buffalo Bill;Billy the Kid;Wild Bill Hickok;Pawnee Bill;History;easy;Open Trivia DB
What is the standard SI unit for distance?;Metre;Angstrom;Foot;Fathom;"Science &amp; Nature";easy;Open Trivia DB
Vatican City, the smallest country in the world, is fully enclosed by which country?;Italy;France;Spain;Germany;Geography;easy;Open Trivia DB
What is the oldest Disney film?;Snow White and the Seven Dwarfs;Pinocchio;Dumbo;Fantasia;Entertainment: Film;easy;Open Trivia DB
In the Halo series, which era of SPARTAN is Master Chief?;SPARTAN-II;SPARTAN-I;SPARTAN-III;SPARTAN-IV;Entertainment: Video Games;easy;Open Trivia DB
This Greek goddess's name was chosen for the dwarf planet responsible for discord on Pluto's classification amongst astronomers.;Eris;Charon;Ceres;Dysnomia;Mythology;easy;Open Trivia DB
What are Panama hats made out of?;Straw;Silk;Hemp;Flax;General Knowledge;easy;Open Trivia DB
"Which movie contains the quote, ""Say hello to my little friend!""?";Scarface;Reservoir Dogs;Heat;Goodfellas;Entertainment: Film;easy;Open Trivia DB
Where does the Mac part of the name Fleetwood Mac come from?;John McVie;Christine McVie;Mac McAnally;David Tennant;Entertainment: Music;easy;Open Trivia DB
In Grand Theft Auto V, what was Michael De Santa's former surname?;Townley;De Santos;Watson;Simpson;Entertainment: Video Games;easy;Open Trivia DB
Which of the following is not an Ivy League University?;Stanford;University of Pennsylvania;Harvard;Princeton;General Knowledge;easy;Open Trivia DB
In the programming language Java, which of these keywords would you put on a variable to make sure it doesn't get modified?;Final;Static;Private;Public;Science: Computers;easy;Open Trivia DB
"In the movie ""V for Vendetta,"" what is the date that masked vigilante ""V"" urges people to remember?";November 5th;November 6th;November 4th;September 5th;Entertainment: Film;easy;Open Trivia DB
In the Lord of the Rings: The Two Towers, where are the party of orcs taking the hobbits?;Isengard;Rivendell;Mordor;Moria;Entertainment: Film;easy;Open Trivia DB
"In the English language, what is the name of the ""&"" character?";Ampersand;Eightslash;And Sign;Obelus;General Knowledge;easy;Open Trivia DB
Who won the UEFA Champions League in 2016?;Real Madrid C.F.;FC Bayern Munich;Atletico Madrid;Manchester City F.C.;Sports;easy;Open Trivia DB
Who is the lead singer of Foo Fighters?;Dave Grohl;Dave Mustaine;James Hetfield;Little Red Riding Hood;Entertainment: Music;easy;Open Trivia DB
"This Marvel superhero is often called ""The man without fear"".";Daredevil;Thor;Wolverine;Hulk;Entertainment: Comics;easy;Open Trivia DB
Which of these is NOT a player class in Team Fortress 2?;Healer;Demoman;Pyro;Spy;Entertainment: Video Games;easy;Open Trivia DB
Which of the following is NOT a class in Dungeons and Dragons 5e?;Engineer;Fighter;Paladin;Bard;Entertainment: Board Games;easy;Open Trivia DB
"In ""Avatar: The Last Airbender"", which element does Aang begin to learn after being defrosted?";Water;Air;Earth;Fire;"Entertainment: Cartoon &amp; Animations";easy;Open Trivia DB
Which of the following won the first season of American Idol in 2002?;Kelly Clarkson;Justin Guarini;Ruben Studdard;Chris Daughtry;Entertainment: Television;easy;Open Trivia DB
How long is an IPv6 address?;128 bits;32 bits;64 bits;128 bytes;Science: Computers;easy;Open Trivia DB
In what year did the Wall Street Crash take place?;1929;1932;1930;1925;History;easy;Open Trivia DB
"Which city did the former NHL team ""The Nordiques"" originiate from?";Quebec City;Houston;Montreal;New York;Sports;easy;Open Trivia DB
Which of the following is not a character in the video game Doki Doki Literature Club?;Nico;Monika;Natsuki;Sayori;Entertainment: Video Games;easy;Open Trivia DB
Who won Big Brother 2014 UK?;Helen Wood;Christopher Hall;Pauline Bennett;"Pavandeep ""Pav"" Paul";Entertainment: Television;easy;Open Trivia DB
Which student in Yandere Simulator is known for asking irritating and stupid questions?;Midori Gurin;Kokona Hruka;Oka Ruto;Pipi Osu;Entertainment: Video Games;easy;Open Trivia DB
"In ""Future Diary"", what is the name of Yuno Gasai's Phone Diary?";Yukiteru Diary;Murder Diary;Escape Diary;Justice Diary;"Entertainment: Japanese Anime &amp; Manga";easy;Open Trivia DB
The Khajiit are a race of cat-like creatures from which epic series of role-playing games, set across the land of Tamriel?;The Elder Scrolls;Lord of the Rings;The Witcher;Neverwinter Nights;Entertainment: Video Games;easy;Open Trivia DB
The Alps are a mountain range on which continent?;Europe;North America;Asia;Africa;Geography;easy;Open Trivia DB
"Which of these is NOT a main playable character in ""Grand Theft Auto V""?";Lamar;Trevor;Michael;Franklin;Entertainment: Video Games;easy;Open Trivia DB
In which year did Ghana gain independence?;1957;1947;1960;1958;General Knowledge;easy;Open Trivia DB
"In ""Inuyasha"", what are the heros are looking to collect?";Jewel Shards;Dragon Balls;Rave Stones;Sacred Stones;"Entertainment: Japanese Anime &amp; Manga";easy;Open Trivia DB
What was the title of the first Bond movie, released in 1962?;Dr. No;From Russia with Love;Goldfinger;Thunderball;Entertainment: Film;easy;Open Trivia DB
What is the name of Funny Valentine's stand in Jojo's Bizarre Adventure Part 7, Steel Ball Run?;Dirty Deeds Done Dirt Cheap;Filthy Acts Done For A Reasonable Price;Civil War;God Bless The USA;"Entertainment: Japanese Anime &amp; Manga";easy;Open Trivia DB
In the original Star Trek TV series, what was Captain James T. Kirk's middle name?;Tiberius;Trevor;Travis;Tyrone;Entertainment: Television;easy;Open Trivia DB
"What animal takes part in Schr&ouml;dinger's most famous thought experiment?";Cat;Dog;Bat;Butterfly;"Science &amp; Nature";easy;Open Trivia DB
In Half-Life, what is the name of the alien that attaches to heads?;Headcrab;Bullsquid;Vortigaunt;Facehugger;General Knowledge;easy;Open Trivia DB
"Who was the first ever actor to play ""The Doctor"" on ""Doctor Who""?";William Hartnell;David Tennant;Peter Capaldi;Tom Baker;Entertainment: Television;easy;Open Trivia DB
"In the show ""Dragonball Z"", what is the name of Cell's most powerful attack?";Solar Kamehameha;Super Kamehameha;Cell Kamehameha;Android Kamehameha;Entertainment: Television;easy;Open Trivia DB
Which of the following sports is not part of the triathlon?;Horse-Riding;Cycling;Swimming;Running;Sports;easy;Open Trivia DB
The collapse of the Soviet Union took place in which year?;1991;1992;1891;1990;History;easy;Open Trivia DB
What is the name of the company in Lethal Company?;The Company;Planet Scrap Co.;Lethal Robotics;Gordian Shipping Co.;General Knowledge;easy;Open Trivia DB
Who is Sonic's sidekick?;Tails;Shadow;Amy;Knuckles;Entertainment: Video Games;easy;Open Trivia DB
"In the 1995 film ""Balto"", who are Steele's accomplices?";Kaltag, Nikki, and Star;Dusty, Kirby, and Ralph;Nuk, Yak, and Sumac;Jenna, Sylvie, and Dixie;Entertainment: Film;easy;Open Trivia DB
"In what year was ""Antichamber"" released?";2013;2012;2014;2011;Entertainment: Video Games;easy;Open Trivia DB
Which player holds the NHL record of 2,857 points?;Wayne Gretzky;Mario Lemieux;Sidney Crosby;Gordie Howe;Sports;easy;Open Trivia DB
"Which Disney character sings the song ""A Dream is a Wish Your Heart Makes""?";Cinderella;Belle;Snow White;Pocahontas;Entertainment: Music;easy;Open Trivia DB
Which company developed the free battle royale game Fortnite?;Epic Games;Valve;Ubisoft;Square Enix;Entertainment: Video Games;easy;Open Trivia DB
"Which of the following is NOT a summon in the game ""South Park: The Stick of Truth""?";Towelie;Jesus;Mr. Hankey;Mr. Slave;Entertainment: Video Games;easy;Open Trivia DB
What video game engine does the videogame Quake 2 run in?;iD Tech 2;iD Tech 3;iD Tech 1;Unreal Engine;Entertainment: Video Games;easy;Open Trivia DB
How many letters are in the English alphabet?;26;30;17;5;General Knowledge;easy;Open Trivia DB
Which Twitch streamer is the vocalist for Red Vox?;Vinesauce;The8BitDrummer;LIRIK;Sodapoppin;Entertainment: Music;easy;Open Trivia DB
Which of the following originated as a manga?;Akira;Cowboy Bebop;High School DxD;Gurren Lagann;"Entertainment: Japanese Anime &amp; Manga";easy;Open Trivia DB
Which of these is NOT a playable character in the 2016 video game Overwatch?;Invoker;Mercy;Winston;Zenyatta;Entertainment: Video Games;easy;Open Trivia DB
"What company created and developed the game ""Overwatch""?";Blizzard Entertainment;Valve;Hi-Rez Studios;Gearbox Software;Entertainment: Video Games;easy;Open Trivia DB
What is the first weapon you acquire in Half-Life?;A crowbar;A pistol;The H.E.V suit;Your fists;Entertainment: Video Games;easy;Open Trivia DB
Who is able to grab the survivors with his tongue in Left 4 Dead?;Smoker;Jockey;Hunter;Boomer;Entertainment: Video Games;easy;Open Trivia DB
"Which of these is NOT a catchphrase used by Rick Sanchez in the TV show ""Rick and Morty""?";Slam dunk, nothing but net!;Hit the sack, Jack!;Rikki-Tikki-Tavi, biatch!;Wubba-lubba-dub-dub!;"Entertainment: Cartoon &amp; Animations";easy;Open Trivia DB
"Who is the main character in the show ""Burn Notice""?";Michael Westen;Sam Axe;Fiona Glenanne;Madeline Westen;Entertainment: Television;easy;Open Trivia DB
Which year was the first official Youtube Rewind released?;2010;2012;2011;2013;Entertainment: Film;easy;Open Trivia DB
What was the name of the first artificial Earth satellite, launched by the Soviet Union in 1957?;Sputnik 1;Soyuz 7K-OK;Zenit-2;Voskhod 3KV;"Science &amp; Nature";easy;Open Trivia DB
What is the capital of South Korea?;Seoul;Pyongyang;Taegu;Kitakyushu;Geography;easy;Open Trivia DB
The programming language 'Swift' was created to replace what other programming language?;Objective-C;C#;Ruby;C++;Science: Computers;easy;Open Trivia DB
Which of the following countries was not an axis power during World War II?;Soviet Union;Italy;Germany;Japan;History;easy;Open Trivia DB
"Which singer was featured in Jack &Uuml; (Skrillex & Diplo)'s 2015 song 'Where Are &Uuml; Now'?";Justin Bieber;Selena Gomez;Ellie Goulding;The Weeknd;Entertainment: Music;easy;Open Trivia DB
Which area of Eastern Europe is famous for its association with vampires?;Transylvania;Silesia;Macedonia;Slovakia;Geography;easy;Open Trivia DB
"In what year was the game ""Fallout"" released?";1997;1998;1999;1996;Entertainment: Video Games;easy;Open Trivia DB
"What type of Pok&eacute;mon is Charizard?";Fire/Flying;Fire;Dragon;Fire/Dragon;Entertainment: Video Games;easy;Open Trivia DB
How many legs do butterflies have?;6;2;4;0;Animals;easy;Open Trivia DB
Who discovered Penicillin?;Alexander Flemming;Marie Curie;Alfred Nobel;Louis Pasteur;History;easy;Open Trivia DB
What weakpoint of Achilles was expoited by the Trojan prince, Paris?;Heel;Neck;Back;Calf;Mythology;easy;Open Trivia DB
In Animal Crossing, who is the manager of the town shop?;Tom Nook;Mr. Resetti;Gracie;K.K. Slider;Entertainment: Video Games;easy;Open Trivia DB
"What is the name of the ""tool"" used to hit the white ball in snooker or billiards?";Cue;Racquet;Bat;Mallet;Sports;easy;Open Trivia DB
"Who wrote the young adult novel ""The Fault in Our Stars""?";John Green;Stephenie Meyer;Suzanne Collins;Stephen Chbosky;Entertainment: Books;easy;Open Trivia DB
"In which ocean is the R&eacute;union island?";Indian Ocean;Atlantic Ocean;South Pacific Ocean;North Pacific Ocean;Geography;easy;Open Trivia DB
"In 2006, which band released their debut album ""A Fever You Can't Sweat Out""?";Panic! At the Disco;Twenty One Pilots;My Chemical Romance;Fall Out Boy;Entertainment: Music;easy;Open Trivia DB
How many members are there in the band Nirvana?;Three;Two;Four;Five;Entertainment: Music;easy;Open Trivia DB
"What game mode was not in the original ""Wii Sports""?";Table Tennis;Boxing;Baseball;Bowling;Entertainment: Video Games;easy;Open Trivia DB
In Slay the Spire, which of the following is NOT a playable character?;Stoneheart;Silent;Defect;Ironclad;Entertainment: Video Games;easy;Open Trivia DB
"What is ""dabbing""?";A dance;A medical procedure;A sport;A language;General Knowledge;easy;Open Trivia DB
Who in this list is one of the co-founders of Valve?;Gabe Newell;Robin Walker;Marc Laidlaw;Ray Ueno;Entertainment: Video Games;easy;Open Trivia DB
In Game of Thrones, what is Littlefinger's real name?;Petyr Baelish;Podrick Payne;Lancel Lannister;Torrhen Karstark;Entertainment: Television;easy;Open Trivia DB
"This Canadian television sportscaster is known for his ""Hockey Night in Canada"" role, a commentary show during hockey games.";Don Cherry;Don McKellar;Don Taylor;Donald Sutherland;Sports;easy;Open Trivia DB
Former United States President Bill Clinton famously played which instrument?;Saxophone;Baritone horn;Piano;Violin;Politics;easy;Open Trivia DB
What is the name of Nissan's most popular electric car?;Leaf;Tree;Deer;Roots;Vehicles;easy;Open Trivia DB
"What was the first game in the ""Battlefield"" series?";Battlefield 1942;Battlefield Vietnam;Battlefield 2;Battlefield 1;Entertainment: Video Games;easy;Open Trivia DB
What is the name of the alcoholic beverage made from potatoes or grains that originates from Poland and Russia?;Vodka;Absinthe;Rum;Sake;General Knowledge;easy;Open Trivia DB
In which state of America was the Fresh Prince of Bel-Air born and raised in?;Pennsylvania;Florida;California;New Jersey;Entertainment: Television;easy;Open Trivia DB
Who's the voice actor for Thrall in the Warcraft game series?;Chris Metzen;Ben Affleck;Jason Derulo;Jim Carrey;Entertainment: Video Games;easy;Open Trivia DB
"What is the name of the main character in ""Life is Strange""?";Maxine Caulfield;Victoria Chase;Stella Hill;Chloe Price;Entertainment: Video Games;easy;Open Trivia DB
In the game Sonic Forces, which of the following was not from a previous game?;Infinite;Metal Sonic;Zavoc;Chaos;Entertainment: Video Games;easy;Open Trivia DB
How many chromosomes are in your body cells?;23;21;22;24;"Science &amp; Nature";easy;Open Trivia DB
The board game Monopoly takes its street names from which real American city?;Atlantic City, New Jersey;Las Vegas, Nevada;Duluth, Minnesota;Charleston, South Carolina;Entertainment: Board Games;easy;Open Trivia DB
"Who created the Cartoon Network series ""Adventure Time""?";Pendleton Ward;J. G. Quintel;Ben Bocquelet;Rebecca Sugar;"Entertainment: Cartoon &amp; Animations";easy;Open Trivia DB
"In the movie ""Blade Runner"", what is the term used for human-like androids ?";Replicants;Cylons;Synthetics;Skinjobs;Entertainment: Film;easy;Open Trivia DB
What do sailors call the right side of a boat?;Starboard;Port;Stern;Bow;General Knowledge;easy;Open Trivia DB
In which country was the Statue of Liberty built and exported to the United States of America?;France;Germany;Spain;England;History;easy;Open Trivia DB
What element has the chemical symbol Kr?;Krypton;Kerosine;Kineticium;Curium;General Knowledge;easy;Open Trivia DB
What is the primary addictive substance found in tobacco?;Nicotine;Cathinone;Ephedrine;Glaucine;"Science &amp; Nature";easy;Open Trivia DB
Which of these is NOT the name of a rival gang in the video game Saint's Row 2?;The Zin Empire;The Brotherhood;The Ronin;The Sons of Samedi;Entertainment: Video Games;easy;Open Trivia DB
Who sculpted the statue of David?;Michelangelo;Gian Lorenzo Bernini;Auguste Rodin;Donatello;Art;easy;Open Trivia DB
"What are Sans and Papyrus named after in ""Undertale""?";Fonts;Plants;Companies;Ancient writing paper;Entertainment: Video Games;easy;Open Trivia DB
The main six year old protagonist in Calvin and Hobbes is named after what theologian?;John Calvin;Calvin Klein;Calvin Coolidge;Phillip Calvin McGraw;Entertainment: Comics;easy;Open Trivia DB
"Who directed the movies ""Pulp Fiction"", ""Reservoir Dogs"" and ""Django Unchained""?";Quentin Tarantino;Martin Scorcese;Steven Spielberg;James Cameron;Entertainment: Film;easy;Open Trivia DB
How many heads does Cerberus have?;3;2;1;5;Mythology;easy;Open Trivia DB
How many planets make up our Solar System?;8;7;9;6;"Science &amp; Nature";easy;Open Trivia DB
What is the name of the talking cat in Persona 5?;Morgana;Teddie;Marie;Ryuji;Entertainment: Video Games;easy;Open Trivia DB
"What was the name of the sea witch in the 1989 Disney film ""The Little Mermaid""?";Ursula;Madam Mim;Maleficent;Lady Tremaine;"Entertainment: Cartoon &amp; Animations";easy;Open Trivia DB
Which planet did Superman come from?;Krypton;Avalon;Xolnar;Starhaven;Entertainment: Comics;easy;Open Trivia DB
"A criminal who has &ldquo;cooked the books&rdquo; has engaged in what kind of illegal behavior?";Accounting Fraud;Money Laundering;Extortion;Blackmail;General Knowledge;easy;Open Trivia DB
"What is Everest's favorite food in the Nickelodeon/Nick Jr. series ""PAW Patrol""?";Liver;Chicken;Steak;Caribou;"Entertainment: Cartoon &amp; Animations";easy;Open Trivia DB
"Which of these games includes the phrase ""Do not pass Go, do not collect $200""?";Monopoly;Pay Day;Cluedo;Coppit;Entertainment: Board Games;easy;Open Trivia DB
On a standard Monopoly board, which square is diagonally opposite 'Go'?;Free Parking;Go to Jail;Jail;The Electric Company;Entertainment: Board Games;easy;Open Trivia DB
How many furlongs are there in a mile?;Eight;Two;Four;Six;General Knowledge;easy;Open Trivia DB
King Henry VIII was the second monarch of which European royal house?;Tudor;York;Stuart;Lancaster;History;easy;Open Trivia DB
In the game Nuclear Throne, what character is only usable in a play through with Melting?;Skeleton;Frog;Horror;Plant;Entertainment: Video Games;easy;Open Trivia DB
What is the name of Layer 7 of the OSI model?;Application;Session;Network;Present;Science: Computers;easy;Open Trivia DB
In the video game Team Fortress 2, which of these is NOT a primary?;Medigun;Scattergun;Grenade Launcher;Rocket Launcher;Entertainment: Video Games;easy;Open Trivia DB
How many points did LeBron James score in his first NBA game?;25;19;69;41;Sports;easy;Open Trivia DB
What type of animal was Harambe, who was shot after a child fell into it's enclosure at the Cincinnati Zoo?;Gorilla;Tiger;Panda;Crocodile;General Knowledge;easy;Open Trivia DB
The C programming language was created by this American computer scientist.;Dennis Ritchie;Tim Berners Lee;al-Khwārizmī;Willis Ware;Science: Computers;easy;Open Trivia DB
Who is the creator of Touhou project?;Zun;Jun;Twilight Frontier;Tasofro;Entertainment: Video Games;easy;Open Trivia DB
Which of the following is not true about the life of Tiresias?;Sailed with the Argonauts to find the golden fleece;Athena turned him into a woman, and then years later back into a man;Hera blinded him after he agreed with Zeus in an argument;Revealed to Oedipus that Oedipus had married his own mother;Mythology;easy;Open Trivia DB
Greenland is a part of which kingdom?;Denmark;Sweden;Norway;United Kingdom;Geography;easy;Open Trivia DB
What genre of music did the band Type O Negative play?;Gothic Metal;Thrash Metal;Hard Rock;Pop Rock;Entertainment: Music;easy;Open Trivia DB
Who created the digital distribution platform Steam?;Valve;Pixeltail Games;Ubisoft;Electronic Arts;Entertainment: Video Games;easy;Open Trivia DB
Who is the main protagonist in, the 1985 film, Back to the Future?;Marty McFly;"Emmett ""Doc"" Brown";Biff Tannen;George McFly;Entertainment: Film;easy;Open Trivia DB
How many US states start with the letter K?;Two;One;None;Three;Geography;easy;Open Trivia DB
"Who is the author of the ""A Song of Ice and Fire"" book series, starting with ""A Game of Thrones""?";George R. R. Martin;Brandon Sanderson;J. R. R. Tolkien;Steven Erikson;Entertainment: Books;easy;Open Trivia DB
"In the show ""Tengen Toppa Gurren Lagann"" what is the name of the character who force everyone to live underground?";Lordgenome;Kingloname;Lord Genome;King Loname;Entertainment: Television;easy;Open Trivia DB
Alzheimer's disease primarily affects which part of the human body?;Brain;Lungs;Skin;Heart;"Science &amp; Nature";easy;Open Trivia DB
What colour is the female blackbird?;Brown;Black;White;Yellow;Animals;easy;Open Trivia DB
"Who played Agent Fox Mulder in the TV sci-fi drama ""The X-Files""?";David Duchovny;Gillian Anderson;Robert Patrick;Mitch Pileggi;Entertainment: Television;easy;Open Trivia DB
In Undertale, what's the prize for answering correctly?;More questions;New car;Mercy;Money;Entertainment: Video Games;easy;Open Trivia DB
Daniel Radcliffe became a global star in the film industry due to his performance in which film franchise?;Harry Potter;Ted;Spy Kids;Pirates of the Caribbean;Entertainment: Film;easy;Open Trivia DB
"What was the subject of the 2014 song ""CoCo"" by American rapper O. T. Genasis?";Cocaine;Conan O'Brien;Cobalt(II) carbonate;Coconut cream pie;Entertainment: Music;easy;Open Trivia DB
"What was the name of Captain Nemo's submarine in ""20,000 Leagues Under the Sea""?";The Nautilus;The Neptune;The Poseidon;The Atlantis;Entertainment: Books;easy;Open Trivia DB
Which Nintendo 64 game did NOT have Luigi in it?;Super Mario 64;Mario Party 2;Paper Mario;Super Smash Bros.;Entertainment: Video Games;easy;Open Trivia DB
Human cells typically have how many copies of each gene?;2;1;4;3;"Science &amp; Nature";easy;Open Trivia DB
Which of the following games has the largest map size?;Just Cause 2;Grand Theft Auto 5;The Elder Scrolls 4:  Oblivion;The Witcher 3:  Wild Hunt;Entertainment: Video Games;easy;Open Trivia DB
What is the largest living species of penguin?;Emperor;King;Gentoo;Adele;General Knowledge;easy;Open Trivia DB
In the  Rossini opera, what was the name of 'The Barber of Seville'?;Figaro;Angelo;Fernando;Dave;Entertainment: Music;easy;Open Trivia DB
In blood typing, the (+) and (-) marker after an A, B, AB, or O is called Rh factor. Which of the following is the source of its discovery?;Rhesus Monkeys;Rheumatism Patients;Red-Haired People;Rhizomes;General Knowledge;easy;Open Trivia DB
What is the capital of Jamaica?;Kingston;San Juan;Port-au-Prince;Bridgetown;Geography;easy;Open Trivia DB
Which breed of dog is traditionally associated with firefighters?;Dalmatians;German Shepard;Great Dane;Mastiff;Animals;easy;Open Trivia DB
In Greek mythology, who is the god of wine?;Dionysus;Hephaestus;Demeter;Apollo;Mythology;easy;Open Trivia DB
Which of these Elements is a metalloid?;Antimony;Tin;Bromine;Rubidium;"Science &amp; Nature";easy;Open Trivia DB
"The 2002 film ""28 Days Later"" is mainly set in which European country?";United Kingdom;France;Italy;Germany;Entertainment: Film;easy;Open Trivia DB
In The Simpsons, which war did Seymour Skinner serve in the USA Army as a Green Beret?;Vietnam War;World War 2;World War 1;Cold War;"Entertainment: Cartoon &amp; Animations";easy;Open Trivia DB
In DuckTales, what is the name of the city where all the main characters live?;Duckburg;Duckwing;Tailspin;Wingford;Entertainment: Television;easy;Open Trivia DB
During WWII, in 1945, the United States dropped atomic bombs on the two Japanese cities of Hiroshima and what other city?;Nagasaki;Kawasaki;Tokyo;Kagoshima;History;easy;Open Trivia DB
"Where are the cars of the brand ""Ferrari"" manufactured?";Italy;Romania;Germany;Russia;Vehicles;easy;Open Trivia DB
What is the name of Poland in Polish?;Polska;Pupcia;Polszka;"P&oacute;land";General Knowledge;easy;Open Trivia DB
How many people are in the U.S. House of Representatives?;435;260;415;50;Politics;easy;Open Trivia DB
"Who is frozen at the end of the movie ""Goldeneye""?";Boris Grishenko;James Bond;Natalya Simonova;Alec Travelyan;Entertainment: Film;easy;Open Trivia DB
The ancient Roman god of war was commonly known as which of the following?;Mars;Jupiter;Juno;Ares;Mythology;easy;Open Trivia DB
Ringo Starr of The Beatles mainly played what instrument?;Drums;Bass;Guitar;Piano;Entertainment: Music;easy;Open Trivia DB
Which is the second largest native language spoken in Spain by numbers of speakers?;Catalan;Portuguese;Spanish;French;General Knowledge;easy;Open Trivia DB
What is the name of a popular franchise that includes placing blocks down and surviving in an open world?;Minecraft;Unturned;Roblox;Grand Theft Auto V;Entertainment: Video Games;easy;Open Trivia DB
"Who was featured in the song ""Words"" by Feint?";Laura Brehm;Anna Yvette;Danyka Nadeau;Veela;Entertainment: Music;easy;Open Trivia DB
In Dungeons and Dragons (5th edition), what stat do you normally add onto your initiative die roll?;Dexterity;Speed;Strength;Wisdom;Entertainment: Board Games;easy;Open Trivia DB
"What is the theme song of ""Neon Genesis Evangelion""?";A Cruel Angel's Thesis;Stardust Crusaders;Requiem for a Dream;God Knows;"Entertainment: Japanese Anime &amp; Manga";easy;Open Trivia DB
In web design, what does CSS stand for?;Cascading Style Sheet;Counter Strike: Source;Corrective Style Sheet;Computer Style Sheet;Science: Computers;easy;Open Trivia DB
"Which of these actors/actresses is NOT a part of the cast for the 2016 movie ""Suicide Squad""?";Scarlett Johansson;Jared Leto;Will Smith;Margot Robbie;Entertainment: Film;easy;Open Trivia DB
Which is the national animal of India?;Tiger;Lion;Horse;Camel;Animals;easy;Open Trivia DB
In Pokemon Red & Blue, what is the name of HM05?;Flash;Strength;Cut;Fly;Entertainment: Video Games;easy;Open Trivia DB
What is the name of the City in Saints Row The Third?;Steelport;Stilwater;Carcer;Liberty;Entertainment: Video Games;easy;Open Trivia DB
What is the official language of Costa Rica?;Spanish;English;Portuguese;Creole;Geography;easy;Open Trivia DB
In Baseball, how many times does the ball have to be pitched outside of the strike zone before the batter is walked?;4;1;2;3;Sports;easy;Open Trivia DB
What was Rage Against the Machine's debut album?;Rage Against the Machine;Evil Empire;Bombtrack;The Battle Of Los Angeles;Entertainment: Music;easy;Open Trivia DB
What is the most preferred image format used for logos in the Wikimedia database?;.svg;.png;.jpeg;.gif;Science: Computers;easy;Open Trivia DB
"What kind of instrument is a ""Mandolin""?";String;Brass;Percussion;Woodwind;Entertainment: Music;easy;Open Trivia DB
"In ""Fallout 4"" which faction is not present in the game?";The Enclave;The Minutemen;The Brotherhood of Steel;The Institute;Entertainment: Video Games;easy;Open Trivia DB
"What is the name of the main protagonist in ""Xenoblade Chronicles""?";Shulk;Reyn;Fiora;Dunban;Entertainment: Video Games;easy;Open Trivia DB
Who discovered the Law of Gravity?;Sir Isaac Newton;Galileo Galilei;Charles Darwin;Albert Einstein;"Science &amp; Nature";easy;Open Trivia DB
What is the largest hot desert in the world?;Sahara;Gobi;Mojave;Kalahari;Geography;easy;Open Trivia DB
Carcassonne is based on which French town?;Carcassonne;Paris;Marseille;Clermont-Ferrand;Entertainment: Board Games;easy;Open Trivia DB
Which of these is NOT a Disney cartoon character?;Daffy Duck;Donald Duck;Daisy Duck;Scrooge McDuck;"Entertainment: Cartoon &amp; Animations";easy;Open Trivia DB
Which movie includes a giant bunny-like spirit who has magic powers including growing trees?;My Neighbor Totoro;Hop;Rise of the Guardians;Alice in Wonderland;Entertainment: Film;easy;Open Trivia DB
Which actress married Michael Douglas in 2000?;Catherine Zeta-Jones;Ruth Jones;Pam Ferris;Sara Sugarman;Celebrities;easy;Open Trivia DB
"What 1970's American ballad referred to the 1959 plane crash as the ""the day the music died""?";American Pie;Kentucky Rain;I Will Always Love You;Rock 'n' Roll Suicide;Entertainment: Music;easy;Open Trivia DB
What is a polygon with eight sides called?;Octagon;Hexagon;Nanagon;Heptagon;Science: Mathematics;easy;Open Trivia DB
"In which British seaside town was the BBC sitcom ""Fawlty Towers"" set?";Torquay;Blackpool;Bournemouth;Great Yarmouth;Entertainment: Television;easy;Open Trivia DB
What was the name of the protagonist in Portal and Portal 2?;Chell;Mel;Chloe;Christine;Entertainment: Video Games;easy;Open Trivia DB
"Who is often called ""the Maestro"" in the men's tennis circuit?";Roger Federer;Bill Tilden;Boris Becker;Pete Sampras;Sports;easy;Open Trivia DB
The Electron computer was released in Britain during 1983 for the home computing market, by which company?;Acorn Computers;Sinclair Research;Amstrad PLC;Commodore Business Machines;Science: Computers;easy;Open Trivia DB
Which type of cutlery is most suited for eating soup?;Spoon;Fork;Knife;Chopsticks;General Knowledge;easy;Open Trivia DB
The largest consumer market in 2015 was...;The United States of America;Germany;Japan;United Kingdom;Politics;easy;Open Trivia DB
Terry Gilliam was an animator that worked with which British comedy group?;Monty Python;"The Goodies&lrm;";"The League of Gentlemen&lrm;";The Penny Dreadfuls;General Knowledge;easy;Open Trivia DB
What is the name of the Japanese art of folding paper into decorative shapes and figures?;Origami;Sumi-e;Ukiyo-e;Haiku;Art;easy;Open Trivia DB
"Which group performs the song ""Crash into Me""?";Dave Matthews Band;Phish;The Grateful Dead;Destiny's Child;Entertainment: Music;easy;Open Trivia DB
How long did World War II last?;6 years;4 years;5 years;7 years;History;easy;Open Trivia DB
In the Star Trek universe, what color is Vulcan blood?;Green;Blue;Red;Purple;Entertainment: Television;easy;Open Trivia DB
Which member of the Foo Fighters was previously the drummer for Nirvana?;Dave Grohl;Taylor Hawkins;Nate Mendel;Chris Shiflett;Entertainment: Music;easy;Open Trivia DB
Who are the original creators of Rachet & Clank?;Insomniac Games;PixelTail Games;Rare;Bethesda;Entertainment: Video Games;easy;Open Trivia DB
Earth is located in which galaxy?;The Milky Way Galaxy;The Mars Galaxy;The Galaxy Note;The Black Hole;General Knowledge;easy;Open Trivia DB
What's the square root of 49?;7;4;12;9;Science: Mathematics;easy;Open Trivia DB
Aperture Science CEO Cave Johnson is voiced by which American actor?;J.K. Simmons;Nolan North;John Patrick Lowrie;Christopher Lloyd;Entertainment: Video Games;easy;Open Trivia DB
Who out of these Team Fortress 2 characters, does not use a Shotgun as a secondary weapon?;Engineer;Soldier;Pyro;Heavy;Entertainment: Video Games;easy;Open Trivia DB
In what year did the nuclear power plant in Chernobyl melt down?;1986;1991;1975;1998;History;easy;Open Trivia DB
In DC comics, what is Owlman's real name?;Thomas Wayne Jr.;Thomas Wayne;Bruce Wayne;Joseph Chill;Entertainment: Comics;easy;Open Trivia DB
Who is the main heroine of the anime, Full Metal Panic!;Kaname Chidori;Teletha Testarossa;Melissa Mao;Kyoko Tokiwa;"Entertainment: Japanese Anime &amp; Manga";easy;Open Trivia DB
"Which former boy-band star released hit solo single ""Angels"" in 1997?";Robbie Williams;Justin Timberlake;Harry Styles;Gary Barlow;Entertainment: Music;easy;Open Trivia DB
Which Canadian reggae musician had a 1993 hit with the song 'Informer'?;Snow;Rain;Hail;Sleet;Entertainment: Music;easy;Open Trivia DB
The RMS Titanic sunk during her maiden voyage from Southampton, England to which American city?;New York City;Boston;Philadelphia;Washington;History;easy;Open Trivia DB
"In ""A Hat in Time"", what must Hat Kid collect to finish a level";A time piece;A heart fragment;A relic fragment;A hat;Entertainment: Video Games;easy;Open Trivia DB
Which of these cartoons had a character named Heinz Doofenshmirtz?;Phineas & Ferb;Ren & Stimpy;Ben 10;Batman: The Animated Series;"Entertainment: Cartoon &amp; Animations";easy;Open Trivia DB
"What was the name of Sqiudward's bad painting in the Spongebob episode ""Artist Unknown?""";Bold and Brash;Squidward en Repose;Rippy Bits;Tilted Perspectives;General Knowledge;easy;Open Trivia DB
These two countries held a commonwealth from the 16th to 18th century.;Poland and Lithuania;Hutu and Rwanda;North Korea and South Korea;Bangladesh and Bhutan;History;easy;Open Trivia DB
"Which wrestler won the 2019 Men&rsquo;s Royal Rumble?";Seth Rollins;Braun Strowman;AJ Styles;Andrade;Sports;easy;Open Trivia DB
During World War 2, with tank was the most fear by the allies?;PanzerKampfwagen V Panther;Marder III;Mks Matilda II;PanzerKampfwagen VI Tiger;Vehicles;easy;Open Trivia DB
What is the real name of American rapper Eminem, also known as Slim Shady?;Marshall Mathers;Calvin Broadus;Shawn Carter;Nasir Jones;Entertainment: Music;easy;Open Trivia DB
The tale of Robin Hood originates from which country?;England;France;Portugal;Scotland;General Knowledge;easy;Open Trivia DB
"What is the hardest possible difficulty in ""Deus Ex: Mankind Divided""?";I Never Asked For This;Nightmare;Extreme;Guru;Entertainment: Video Games;easy;Open Trivia DB
Which of these fast-food chains is NOT mainly known to sell pizza?;Wendy's;Domino's;Little Caesars;Papa John's;General Knowledge;easy;Open Trivia DB
Which of the following characters is NOT a female marriage candidate in the game Stardew Valley?;Caroline;Abigail;Haley;Leah;Entertainment: Video Games;easy;Open Trivia DB
M.U.G.E.N. is the name for what type of Game Engine?;Fighting Game;Platforming Game;Shooter Game;Puzzle Game;Entertainment: Video Games;easy;Open Trivia DB
If you were to code software in this language you'd only be able to type 0's and 1's.;Binary;JavaScript;C++;Python;Science: Computers;easy;Open Trivia DB
Which Game Boy from the Game Boy series of portable video game consoles was released first?;Game Boy Color;Game Boy Advance;Game Boy Micro;Game Boy Advance SP;Entertainment: Video Games;easy;Open Trivia DB
What is the fastest road legal car in the world?;Koenigsegg Agera RS;Hennessy Venom GT;Bugatti Veyron Super Sport;Pagani Huayra BC;Vehicles;easy;Open Trivia DB
What is the code name for the mobile operating system Android 7.0?;Nougat;Ice Cream Sandwich;Jelly Bean;Marshmallow;Science: Computers;easy;Open Trivia DB
What is the maximum HP in Terraria?;500;400;1000;100;Entertainment: Video Games;easy;Open Trivia DB
"The Rush song ""YYZ"" derives its name from the IATA aiport identification code for which city?";Toronto;Vancouver;Ottawa;Calgary;Entertainment: Music;easy;Open Trivia DB
What is the name of New Zealand's indigenous people?;Maori;Vikings;Polynesians;Samoans;Geography;easy;Open Trivia DB
"Which of these African countries list ""Spanish"" as an official language?";Equatorial Guinea;Guinea;Cameroon;Angola;Geography;easy;Open Trivia DB
Which sign of the zodiac is represented by the Crab?;Cancer;Libra;Virgo;Sagittarius;General Knowledge;easy;Open Trivia DB
"""The Potato Sack"" was a collection of indie games released on Steam in 2011 as a promotion for which game?";Portal 2;Left 4 Dead 2;Half-Life 3;Dota 2;Entertainment: Video Games;easy;Open Trivia DB
In Portal 2, how did CEO of Aperture Science, Cave Johnson, presumably die?;Moon Rock Poisoning;Accidentally sending a portal to the Moon;Slipped in the shower;Asbestos Poisoning;Entertainment: Video Games;easy;Open Trivia DB
What is the standard atomic weight of a Plutonium nucleus?;244;94;481;128;"Science &amp; Nature";easy;Open Trivia DB
"Which former US president was nicknamed ""Teddy"" after he refused to shoot a defenseless black bear?";Theodore Roosevelt;Woodrow Wilson;James F. Fielder;Andrew Jackson;Politics;easy;Open Trivia DB
Which of these holidays is NOT usually celebrated in the month of December?;Thanksgiving;Christmas;Kwanzaa;Hanukkah;General Knowledge;easy;Open Trivia DB
What Nickelodeon game show featured a house on the set that the contestants would ransack to find hidden objects?;Finders Keepers;Double Dare;Nickelodeon Guts;Nick Arcade;Entertainment: Television;easy;Open Trivia DB
When did the Battle of the Somme begin?;July 1st, 1916;August 1st, 1916;July 2nd, 1916;June 30th, 1916;History;easy;Open Trivia DB
Kanye West at 2009 VMA's interrupted which celebrity?;Taylor Swift;MF DOOM;Beyonce;Beck;Entertainment: Music;easy;Open Trivia DB
By which name is Ramon Estevez better known as?;Martin Sheen;Charlie Sheen;Ramon Sheen;Emilio Estevez;Celebrities;easy;Open Trivia DB
What is the Polish city known to Germans as Danzig?;Gdańsk;Warsaw;Zakopane;Poznań;Geography;easy;Open Trivia DB
Which country hosted the 2018 FIFA World Cup?;Russia;Germany;United States;Saudi Arabia;Sports;easy;Open Trivia DB
What candidate won the 2012 US Presidential Election?;Barack Obama;Mitt Romney;Bob Hope;Ross Perot;Politics;easy;Open Trivia DB
What was the name of the the first episode of Doctor Who to air in 1963?;An Unearthly Child;The Daleks;The Aztecs;The Edge of Destruction;Entertainment: Television;easy;Open Trivia DB
The numbering system with a radix of 16 is more commonly referred to as;Hexidecimal;Binary;Duodecimal;Octal;Science: Computers;easy;Open Trivia DB
Who wrote and directed the 1986 film 'Platoon'?;Oliver Stone;Francis Ford Coppola;Stanley Kubrick;Michael Cimino;Entertainment: Film;easy;Open Trivia DB
"What does the ""MP"" stand for in MP3?";Moving Picture;Music Player;Multi Pass;Micro Point;Science: Computers;easy;Open Trivia DB
Gwyneth Paltrow has a daughter named...?;Apple;Lily;French;Dakota;Celebrities;easy;Open Trivia DB
In Pokemon, the ability Wonder Guard is exclusive to which Pokemon?;Shedinja;Sableye;Spiritomb;Silvally;Entertainment: Video Games;easy;Open Trivia DB
What are the cylinder-like parts that pump up and down within the engine?;Pistons;Leaf Springs;Radiators;ABS;Vehicles;easy;Open Trivia DB
When someone is cowardly, they are said to have what color belly?;Yellow;Green;Red;Blue;General Knowledge;easy;Open Trivia DB
In which fast food chain can you order a Jamocha Shake?;Arby's;McDonald's;Burger King;Wendy's;General Knowledge;easy;Open Trivia DB
Who painted the Mona Lisa?;Leonardo da Vinci;Pablo Picasso;Claude Monet;Vincent van Gogh;Art;easy;Open Trivia DB
Antibiotics are generally taken to combat what?;Bacterial infections;Viruses;Migraines;Muscular pains;General Knowledge;easy;Open Trivia DB
What is the name of the three headed dog in Harry Potter and the Sorcerer's Stone?;Fluffy;Spike;Poofy;Spot;Entertainment: Books;easy;Open Trivia DB
What is the largest country, by area, that has only one time zone?;China;Canada;India;Russia;Geography;easy;Open Trivia DB
Which of these teams has Jaromir Jagr not played for?;New York Islanders;Calgary Flames;New Jersey Devils;Dallas Stars;Sports;easy;Open Trivia DB
Of which 90s boy band was Justin Timberlake a member?;*NSYNC;Backstreet Boys;Westlife;Boyzone;Entertainment: Music;easy;Open Trivia DB
Dry ice is the solid form of what substance?;Carbon dioxide;Nitrogen;Ammonia;Oxygen;"Science &amp; Nature";easy;Open Trivia DB
Which member of the Velvet Room is not a playable character in Persona 4 Arena Ultimax?;Theodore;Elizabeth;Margaret;Marie;Entertainment: Video Games;easy;Open Trivia DB
What is the name of Rivers Cuomo's wife?;Kyoko Ito;Yoko Ono;Kyary Pamyu Pamyu;LiSA;Entertainment: Music;easy;Open Trivia DB
"In ""World of Warcraft,"" which of the following can be found outside of every instanced dungeon?";A Meeting Stone;A Summoning Stone;A Gathering Stone;A Hearthstone;Entertainment: Video Games;easy;Open Trivia DB
"In ""Homestuck"" what is Dave Strider's guardian?";Bro;Becquerel;Doc Scratch;Halley;Entertainment: Comics;easy;Open Trivia DB
"Who is the founder of Team Fortress 2's fictional company ""Mann Co""?";Zepheniah Mann;Cave Johnson;Wallace Breem;Saxton Hale;Entertainment: Video Games;easy;Open Trivia DB
On which continent does the Andes mountain range lie?;South America;Europe;Asia;Africa;Geography;easy;Open Trivia DB
"In season one of the Netflix political drama ""House of Cards"", what government position does Frank Underwood hold?";House Majority Whip;Attorney General;President;Chief of Staff;Entertainment: Television;easy;Open Trivia DB
What company owns Outlook?;Microsoft;Google;Apple;Yahoo;General Knowledge;easy;Open Trivia DB
What is widely considered to be the oldest civilization known to mankind?;Sumeria;Babylon;Assyria;Phoenicia;History;easy;Open Trivia DB
Who played General Aladeen in The Dictator?;Sacha Baron Cohen;Johnny Depp;James Franco;Leonardo Dicaprio;General Knowledge;easy;Open Trivia DB
Which one of these tanks was designed and operated by the United Kingdom?;Tog II;M4 Sherman;Tiger H1;T-34;History;easy;Open Trivia DB
Rhinoplasty is a surgical procedure on what part of the human body?;Nose;Ears;Chin;Neck;"Science &amp; Nature";easy;Open Trivia DB
Snakes and lizards are known to flick their tongue, this behavior is to?;Capture scent particles;Taste the sweet air;Threaten other species;Attract female mates;Animals;easy;Open Trivia DB
Which is the most abundant element in the universe?;Hydrogen;Helium;Lithium;Oxygen;"Science &amp; Nature";easy;Open Trivia DB
The LS7 engine is how many cubic inches?;427;346;364;376;Vehicles;easy;Open Trivia DB
Which of the following bones is not in the leg?;Radius;Patella;Tibia;Fibula;"Science &amp; Nature";easy;Open Trivia DB
Which painting was not made by Vincent Van Gogh?;The Ninth Wave;"Caf&eacute; Terrace at Night";Bedroom In Arles;Starry Night;Art;easy;Open Trivia DB
"In the video game ""Team Fortress 2"", which class is able to double jump?";Scout;Spy;Engineer;Pyro;Entertainment: Video Games;easy;Open Trivia DB
"Which song on Daft Punk's ""Random Access Memories"" features Pharrell Williams?";Get Lucky;Doin' It Right;Instant Crush;The Game of Love;Entertainment: Music;easy;Open Trivia DB
What was Bruce Campbell's iconic one-liner after getting a chainsaw hand in Evil Dead 2?;Groovy.;Gnarly.;Perfect.;Nice.;Entertainment: Film;easy;Open Trivia DB
In 2013, virtual pop-star Hatsune Miku had a sponsorship with which pizza chain?;Domino's;Papa John's;Pizza Hut;Sabarro's;"Entertainment: Japanese Anime &amp; Manga";easy;Open Trivia DB
"Which of the following Elite Four members from the 6th Generation of Pok&eacute;mon was a member of Team Flare?";Malva;Siebold;Wikstrom;Drasna;Entertainment: Video Games;easy;Open Trivia DB
The UEFA Champions League is an annual club football competition featuring clubs from which continent?;Europe;South America;Africa;Asia;Sports;easy;Open Trivia DB
Which cartoon family lives in 742 Evergreen Terrace, Springfield USA?;The Simpsons;The Hills;The Flintstones;The Griffins;"Entertainment: Cartoon &amp; Animations";easy;Open Trivia DB
"Which English guitarist has the nickname ""Slowhand""?";Eric Clapton;Mark Knopfler;Jeff Beck;Jimmy Page;Entertainment: Music;easy;Open Trivia DB
What is the capital of Finland?;Helsinki;Jabraltar;Macedonia;Oslo;Geography;easy;Open Trivia DB
"What year did the game ""Overwatch"" enter closed beta?";2015;2013;2011;2016;Entertainment: Video Games;easy;Open Trivia DB
Which James Bond film had the theme song written and performed by English singer-songwriter Adele?;Skyfall;Casino Royale;Quantum Solace;Spectre;Entertainment: Film;easy;Open Trivia DB
What is the profession of Elon Musk's mom, Maye Musk?;Model;Professor;Biologist;Musician;General Knowledge;easy;Open Trivia DB
What year did World War I begin?;1914;1905;1919;1925;History;easy;Open Trivia DB
What is the nickname for the US state Delaware?;The First State;The Fiftieth State;The Second State;The Sixteenth State;Geography;easy;Open Trivia DB
"Who in Pulp Fiction says ""No, they got the metric system there, they wouldn't know what the f*** a Quarter Pounder is.""";Vincent Vega;Jules Winnfield;Jimmie Dimmick;Butch Coolidge;Entertainment: Film;easy;Open Trivia DB
Which programming language shares its name with an island in Indonesia?;Java;Python;C;Jakarta;Science: Computers;easy;Open Trivia DB
Which of these artists has Lil A collaborated with?;Lil Fortnite;Lil Pump;Boonk Gang;6ix9ine;Entertainment: Music;easy;Open Trivia DB
Which of these Starbound races has a Wild West culture?;Novakid;Avian;Human;Hylotl;Entertainment: Video Games;easy;Open Trivia DB
Foie gras is a French delicacy typically made from what part of a duck or goose?;Liver;Heart;Stomach;Intestines;General Knowledge;easy;Open Trivia DB
"In AMC's TV Series ""The Walking Dead"" what are ""Zombies"" referred to as?";Walkers;Creepers;Maggots;Hell Pigs;Entertainment: Television;easy;Open Trivia DB
Which of these movies did Jeff Bridges not star in?;The Hateful Eight;Tron: Legacy;The Giver;True Grit;Entertainment: Film;easy;Open Trivia DB
Which candy is NOT made by Mars?;Almond Joy;M&M's;Twix;Snickers;General Knowledge;easy;Open Trivia DB
What is the name of the wildman that Gilgamesh befriends and goes on adventures with?;Enkidu;Ishtar;Inanna;Agga;Mythology;medium;Open Trivia DB
What film did James Cameron's Avatar dethrone as the highest-grossing film ever?;Titanic;Star Wars;Gone with the Wind;Jaws;Entertainment: Film;medium;Open Trivia DB
When was the first mammal successfully cloned?;1996;2009;1999;1985;"Science &amp; Nature";medium;Open Trivia DB
"Where does Stephen King's ""IT"" take place?";Derry, Maine;Rockford, Illinois;Innsmouth, Massachusetts;Kingsland, Texas;Entertainment: Books;medium;Open Trivia DB
In the game Tom Clancy's Rainbow 6 Siege, what organization is Valkyrie from?;Navy Seals;S.A.S;G.I.G.N;F.B.I;Entertainment: Video Games;medium;Open Trivia DB
"Who was the mascot of SEGA before ""Sonic the Hedgehog""?";Alex Kidd;Opa Opa;NiGHTS;Ristar;Entertainment: Video Games;medium;Open Trivia DB
"Who is the villain company in ""Stardew Valley""?";Joja Co;Ronin;Empire;Robotnik Industry's;Entertainment: Video Games;medium;Open Trivia DB
Which Coldplay album won the Grammy for Best Rock Album in the 2009 Grammy Awards?;Viva La Vida Or Death And All His Friends;A Rush Of Blood To The Head;X&Y;Mylo Xyloto;Entertainment: Music;medium;Open Trivia DB
Which color cannot be produced in Roses, even through genetic alteration?;Blue;Black;Orange;Brown;"Science &amp; Nature";medium;Open Trivia DB
Which of these is NOT the name of a playable map in PUBG: Battlegrounds?;Orinocco;Miramar;Sanhok;Vikendi;Entertainment: Video Games;medium;Open Trivia DB
In programming, the ternary operator is mostly defined with what symbol(s)?;?:;??;if then;?;Science: Computers;medium;Open Trivia DB
In Splatoon, what is the age that inklings can freely change between squid and humanoid forms?;14;13;16;10;Entertainment: Video Games;medium;Open Trivia DB
What is the name of the default theme that is installed with Windows XP?;Luna;Neptune;Whistler;Bliss;Science: Computers;medium;Open Trivia DB
What's the most common time signature for rock songs?;4/4;1/2;8/12;2/4;Entertainment: Music;medium;Open Trivia DB
What was Britney Spears' debut single?;...Baby One More Time;Oops!... I Did It Again;(You Drive Me) Crazy;Toxic;Entertainment: Music;medium;Open Trivia DB
"In ""Overwatch"", Coalescence is the name for the ultimate of which hero?";Moira;Zenyatta;Torbjorn;Symmetra;Entertainment: Video Games;medium;Open Trivia DB
"What is the Swedish word for ""window""?";"F&ouml;nster";"H&aring;l";"Sk&auml;rm";Ruta;General Knowledge;medium;Open Trivia DB
"Which soccer team won the Copa Am&eacute;rica Centenario 2016?";Chile;Argentina;Brazil;Colombia;Sports;medium;Open Trivia DB
The success of DC Comics' Swamp Thing, Sandman, and other books in a similar style, led to the creation of what new imprint in 1993?;Vertigo;Impact;New Universe;Red Circle;Entertainment: Comics;medium;Open Trivia DB
"What is the real name of the ""Master Of Magnetism"" Magneto?";Max Eisenhardt;Charles Xavier;Pietro Maximoff;Johann Schmidt;Entertainment: Comics;medium;Open Trivia DB
In programming, what do you call functions with the same name but different implementations?;Overloading;Overriding;Abstracting;Inheriting;Science: Computers;medium;Open Trivia DB
"Which of these features was added in the 1994 game ""Heretic"" that the original ""DOOM"" could not add due to limitations?";Looking up and down;Increased room sizes;Unlimited weapons;Highly-detailed textures;Entertainment: Video Games;medium;Open Trivia DB
What are human nails made of?;Keratin;Bone;Chitin;Calcium;"Science &amp; Nature";medium;Open Trivia DB
"Dee from ""It's Always Sunny in Philadelphia"" has dated all of the following guys EXCEPT";"Matthew ""Rickety Cricket"" Mara";Colin the Thief;Ben the Soldier;Kevin Gallagher aka Lil' Kevin;Entertainment: Television;medium;Open Trivia DB
"Which Queen song was covered by Brittany Murphy in the 2006 film ""Happy Feet""?";Somebody to Love;Under Pressure;Flash;Bohemian Rhapsody;Entertainment: Music;medium;Open Trivia DB
"What is Meg's full name in ""Family Guy""?";Megatron Griffin;Who-Cares Griffin;Neil Griffin;Megan Griffin;Entertainment: Television;medium;Open Trivia DB
Which of the following passenger jets is the longest?;Boeing 747-8;Airbus A350-1000;Airbus A330-200;Boeing 787-10;Vehicles;medium;Open Trivia DB
"In which year did ""Caravan Palace"" release their first album?";2008;2000;2015;2004;Entertainment: Music;medium;Open Trivia DB
"What was the first weapon pack for ""PAYDAY 2""?";The Gage Weapon Pack #1;The Overkill Pack;The Gage Chivalry Pack;The Gage Historical Pack;Entertainment: Video Games;medium;Open Trivia DB
Which boxing personality was one of the presenters in the 1999 revival of It's a Knockout?;Frank Bruno;Henry Cooper;Muhammad Ali;Joe Fraiser;Entertainment: Television;medium;Open Trivia DB
In Left 4 Dead, which campaign has the protagonists going through a subway in order to reach a hospital for evacuation?;No Mercy;Subway Sprint;Hospital Havoc;Blood Harvest;Entertainment: Video Games;medium;Open Trivia DB
What continent is the country Lesotho in?;Africa;Asia;South America;Europe;Geography;medium;Open Trivia DB
"The walls of the Goldenrod City Gym in ""Pok&eacute;mon Gold and Silver"" are arranged in the shape of which Pok&eacute;mon?";Clefairy;Bulbasaur;Pikachu;Pidgey;Entertainment: Video Games;medium;Open Trivia DB
In Portal, what color is the Morality Core?;Purple;Red;Yellow;Blue;Entertainment: Video Games;medium;Open Trivia DB
What country did Shirley Bassey originate from?;Wales;America;England;Canada;Entertainment: Music;medium;Open Trivia DB
"The Norse god Odin has two pet crows named ""Huginn"" and ""Muninn"".  What do their names mean?";Thought & Memory;Power & Peace;War & Learning;Sleeping & Waking;Mythology;medium;Open Trivia DB
Which of the following is not a work authored by Fyodor Dostoevsky?;Anna Karenina;Notes from the Underground;Crime and Punishment;The Brothers Karamazov;Entertainment: Books;medium;Open Trivia DB
"Toby Fox's ""Megalovania"" was first used where?";Radiation's Earthbound Halloween Hack;Homestuck: [S] Wake;Undertale;Mother: Cognitive Dissonance;Entertainment: Video Games;medium;Open Trivia DB
Which of these is NOT a faction included in the game Counter-Strike: Global Offensive?;BOPE;GSG-9;Elite Crew;Phoenix Connexion;Entertainment: Video Games;medium;Open Trivia DB
Who is the frontman of Muse?;Matt Bellamy;Dominic Howard;Thom Yorke;Jonny Greenwood;Entertainment: Music;medium;Open Trivia DB
"Which movie served as the KTMA pilot episode for the show ""Mystery Science Theater 3000""?";The Green Slime;The Robot Vs. The Aztec Mummy;The Crawling Eye;Plan 9 From Outer Space;Entertainment: Television;medium;Open Trivia DB
In the Jackbox party game Monster Seeking Monster, which monster can steal two hearts from other monsters under certain conditions?;Serial Killer;Parasite;Stalker;Magic Mirror;Entertainment: Video Games;medium;Open Trivia DB
What was the name of the chemical that was dropped on Vietnam during the Vietnam war?;Agent Orange;Phosgene;Mustard Gas;Hydrogen Cyanide;History;medium;Open Trivia DB
Where is Hadrian's Wall located?;Carlisle, England;Rome, Italy;Alexandria, Egypt;Dublin, Ireland;Geography;medium;Open Trivia DB
"Who was the star of the TV series ""24""?";Kiefer Sutherland;Kevin Bacon;Hugh Laurie;Rob Lowe;Entertainment: Television;medium;Open Trivia DB
"What was the name of Ross' pet monkey on ""Friends""?";Marcel;Jojo;George;Champ;Entertainment: Television;medium;Open Trivia DB
Where was the Sniper character in Team Fortress 2 born?;New Zealand;South Africa;Antarctica;Australia;Entertainment: Video Games;medium;Open Trivia DB
"Which company made the Japanese RPG ""Dragon Quest""?";Square Enix;Capcom;Konami;Blizzard;Entertainment: Video Games;medium;Open Trivia DB
Who was the 40th President of the USA?;Ronald Reagan;Jimmy Carter;Bill Clinton;Richard Nixon;Politics;medium;Open Trivia DB
In what year did William the Conqueror take control of England?;1066;1123;1205;901;History;medium;Open Trivia DB
What is the real full name of Captain America?;Steven Grant Rogers;Steven John Rogers;Steven Peggy Rogers;Steven William Rogers;Entertainment: Comics;medium;Open Trivia DB
"In the ""S.T.A.L.K.E.R."" series, which of these items can't be used to lower the player's accumulated radiation?";Radioprotectant;Anti-rad;Medkit;Vodka;Entertainment: Video Games;medium;Open Trivia DB
"Before 2011, ""True Capitalist Radio"" was known by a different name. What was that name?";True Conservative Radio;True Republican Radio;Texan Capitalist Radio;United Capitalists;Politics;medium;Open Trivia DB
How many books are in Euclid's Elements of Geometry?;13;8;10;17;Science: Mathematics;medium;Open Trivia DB
What element does the Zinogre use in Monster Hunter?;Thunder;Ice;Fire;Water;Entertainment: Video Games;medium;Open Trivia DB
In African mythology, Anansi is a trickster and storyteller who takes the shape of which animal?;Spider;Wild dog;Monkey;Crocodile;Mythology;medium;Open Trivia DB
"Which country had an ""Orange Revolution"" between 2004 and 2005?";Ukraine;Belarus;Latvia;Lithuania;History;medium;Open Trivia DB
Ed Koch, the Mayor of New York in 1984, played himself in which Muppets movie?;The Muppets Take Manhattan;The Great Muppet Caper;The Muppet Christmas Carol;The Muppet Movie;Entertainment: Film;medium;Open Trivia DB
When was Elvis Presley born?;January 8, 1935;December 13, 1931;July 18, 1940;April 17, 1938;Celebrities;medium;Open Trivia DB
Bob and Mike Bryan were well known brothers in which sport?;Tennis;Basketball;Football;Baseball;General Knowledge;medium;Open Trivia DB
Which of these Johns was murdered by gunshots outside the Dakota in New York in 1980?;John Lennon;Johnny Thunders;John Denver;John Cascella;Entertainment: Music;medium;Open Trivia DB
"In ""The Binding of Isaac"", what is the name of the final boss that you fight in The Void?";Delirium;Mega Satan;Hush;The Lamb;Entertainment: Video Games;medium;Open Trivia DB
Which of these musicals won the Tony Award for Best Musical?;Rent;The Color Purple;American Idiot;Newsies;"Entertainment: Musicals &amp; Theatres";medium;Open Trivia DB
Final Fantasy VI was originally released outside Japan under what name?;Final Fantasy III;Final Fantasy VI;Final Fantasy V;Final Fantasy II;Entertainment: Video Games;medium;Open Trivia DB
Which of these countries is not written in its native language?;"Slova&scaron;ko";Suomi;Schweiz;"Ell&aacute;da";Geography;medium;Open Trivia DB
What character is NOT apart of the Grand Theft Auto series?;Michael Cardenas;Packie McReary;Tommy Vercetti;Lester Crest;Entertainment: Video Games;medium;Open Trivia DB
Which country is featured in Ace Combat 5: The Unsung War?;Osea;Aurelia;Australia;Japan;Entertainment: Video Games;medium;Open Trivia DB
Who voiced the character Draco in the 1996 movie 'DragonHeart'?;Sean Connery;Dennis Quaid;Pete Postlethwaite;Brian Thompson;Entertainment: Film;medium;Open Trivia DB
Which of these is NOT a part of the structure of a typical neuron?;Islets of Langerhans;Node of Ranvier;Schwann cell;Myelin sheath;"Science &amp; Nature";medium;Open Trivia DB
In which game did the Konami Code make its first appearance?;Gradius;Contra;Castlevania;Dance Dance Revolution;Entertainment: Video Games;medium;Open Trivia DB
"Which artist curated the official soundtrack for ""The Hunger Games: Mockingjay - Part 1""?";Lorde;Kanye West;Tove Lo;Charli XCX;Entertainment: Music;medium;Open Trivia DB
"What type of genre is the controversial 2015 game ""Hatred""?";Shoot 'Em Up;Point & Click;MMORPG;Simulation;Entertainment: Video Games;medium;Open Trivia DB
What is the real name of American rapper Pitbull?;"Armando Christian P&eacute;rez";"Ram&oacute;n Luis Ayala Rodr&iacute;guez";Benito Antonio Martinez Ocasio;"Belcalis Marlenis Alm&aacute;nzar";Entertainment: Music;medium;Open Trivia DB
"In the television show ""Lazy Town"", who is the actor of Robbie Rotten?";"Stef&aacute;n Stef&aacute;nsson";Adam Sandler;"Magn&uacute;s Scheving";Stephen Carl;Entertainment: Television;medium;Open Trivia DB
"Which album by American rapper Kanye West contained songs such as ""Love Lockdown"", ""Paranoid"" and ""Heartless""?";808s & Heartbreak;Late Registration;The Life of Pablo;Graduation;Entertainment: Music;medium;Open Trivia DB
Who was the only president to not be in office in Washington D.C?;George Washington;Abraham Lincoln;Richard Nixon;Thomas Jefferson;Politics;medium;Open Trivia DB
"When was the video game publisher ""Ubisoft"" founded ?";March 1986;April 1990;June 2001;August 1956;Entertainment: Video Games;medium;Open Trivia DB
On the NBC show Community what was Star Burns' real name?;Alex;Todd;Neal;Grimus;Entertainment: Television;medium;Open Trivia DB
In a normal distribution, 95% of the data lies within how many standard deviations of the mean?;2;1;3;4;Science: Mathematics;medium;Open Trivia DB
"This field is sometimes known as &ldquo;The Dismal Science.&rdquo;";Economics;Philosophy;Politics;Physics;General Knowledge;medium;Open Trivia DB
All the following metal elements are liquids at or near room temperature EXCEPT:;Beryllium;Gallium;Caesium;Mercury;"Science &amp; Nature";medium;Open Trivia DB
Where is the area commonly known as the Bermuda Triangle?;North Atlantic Ocean, between Florida and Puerto Rico;North Pacific Ocean, between Japan and the USA;In the Caribbean Sea;South Pacific Ocean, far off Chile;Geography;medium;Open Trivia DB
Which company developed the Hololens?;Microsoft;HTC;Oculus;Tobii;Science: Gadgets;medium;Open Trivia DB
"Which country has the abbreviation ""CH""?";Switzerland;China;Canada;No Country;Geography;medium;Open Trivia DB
"Which British monarch was also known as ""William of Orange""?";William III;William I;William II;William IV;History;medium;Open Trivia DB
A statue of Charles Darwin sits in what London museum?;Natural History Museum;Tate;British Museum;Science Museum;General Knowledge;medium;Open Trivia DB
The Principality of Sealand is an unrecognized micronation off the coast of what country?;The United Kingdom;Japan;Austrailia;Argentina;Geography;medium;Open Trivia DB
What is rapper Drake's real name?;Aubrey Graham;Shaun Carter;Dwayne Carter;Andre Young;Entertainment: Music;medium;Open Trivia DB
The 15th century conflicts between the Houses of York and Lancaster are known as the Wars of the what?;Wars of the Roses;Wars of the Lillies;Wars of the Daffodils;Wars of the Tulips;History;medium;Open Trivia DB
What is the star sign of someone born on Valentines day?;Aquarius;Pisces;Capricorn;Scorpio;General Knowledge;medium;Open Trivia DB
What is generally considered to be William Shakespeare's birth date?;April 23rd, 1564;July 4th, 1409;September 29th, 1699;December 1st, 1750;Celebrities;medium;Open Trivia DB
What is the capital city of Slovenia?;Ljubljana;Maribor;Velenje;Trbovlje;Geography;medium;Open Trivia DB
"The Who's eponymous line, ""Teenage Wasteland"", appears in which of their songs?";Baba O' Riley;The Seeker;Won't Get Fooled Again;Pinball Wizard;Entertainment: Music;medium;Open Trivia DB
In the Friday The 13th series, what is Jason's mother's first name?;Pamela;Mary;Christine;Angeline;Entertainment: Film;medium;Open Trivia DB
"Which artist or group did John Lennon consider ""son(s) of the Beatles""?";Jeff Lynne's Electric Light Orchestra;The Rolling Stones;Pink Floyd;The Who;Entertainment: Music;medium;Open Trivia DB
What CS:GO case contains the Butterfly Knife?;Breakout Case;Shadow Case;Vanguard Case;Esports 2014 Case;Entertainment: Video Games;medium;Open Trivia DB
"What does ""LCD"" stand for?";Liquid Crystal Display;Language Control Design;Last Common Difference;Long Continuous Design;Science: Computers;medium;Open Trivia DB
In what year was the first Transformers movie released?;1986;2007;1984;2009;Entertainment: Film;medium;Open Trivia DB
In Haikyuu!!, who is not a member of Karasuno VBC?;Shigeru Yahaba;Tadashi Yamaguchi;Hisashi Kinoshita;Kazuhito Narita;"Entertainment: Japanese Anime &amp; Manga";medium;Open Trivia DB
"Which stage was planned to be a part of ""Sonic the Hedgehog 2"", but was scrapped during development?";Genocide City Zone;Stardust Speedway Zone;Sky High Zone;Clockwork Zone;Entertainment: Video Games;medium;Open Trivia DB
How many stars are there to collect in Super Mario 64?;120;60;80;100;Entertainment: Video Games;medium;Open Trivia DB
What was the name of the Wu-Tang Clan album Martin Shkreli bought for $2 million dollars?;Once Upon a Time in Shaolin;A Better Tomorrow;8 Diagrams;The Saga Continues;Entertainment: Music;medium;Open Trivia DB
"What animal is featured on the cover of English electronic music group The Prodigy's album, ""The Fat of the Land""?";Crab;Fox;Elephant;Tiger;Entertainment: Music;medium;Open Trivia DB
What is the capital of Laos?;Vientiane;Tarawa;Vaduz;Tegucigalpa;Geography;medium;Open Trivia DB
"Who is the musical director for the award winning musical ""Hamilton""?";Alex Lacamoire;Lin-Manuel Miranda;Renee Elise-Goldberry;Leslie Odom Jr.;"Entertainment: Musicals &amp; Theatres";medium;Open Trivia DB
Which of the following is not one of the Greek Fates?;Narcissus;Clotho;Atropos;Lachesis;Mythology;medium;Open Trivia DB
Which British band did Keith Moon play in until his death in 1978?;The Who;The Kinks;The Yardbirds;The Small Faces;Entertainment: Music;medium;Open Trivia DB
Which company did Bethesda purchase the Fallout Series from?;Interplay Entertainment;Capcom;Blizzard Entertainment;Nintendo;Entertainment: Video Games;medium;Open Trivia DB
Death Valley's Badwater Basin is North America's point of lowest elevation at how many feet below sea level?;282 feet;79 feet;1,640 feet;12,092 feet;General Knowledge;medium;Open Trivia DB
"The book ""The Little Prince"" was written by...";"Antoine de Saint-Exup&eacute;ry";Miguel de Cervantes Saavedra;Jane Austen;F. Scott Fitzgerald;Entertainment: Books;medium;Open Trivia DB
Which of these founding fathers of the United States of America later became president?;James Monroe;Alexander Hamilton;Samuel Adams;Roger Sherman;History;medium;Open Trivia DB
Which U.S. president is said to have had the longest beard?;Rutherford B. Hayes;Zachary Taylor;John Quincy Adams;James A. Garfield;Politics;medium;Open Trivia DB
Which of the following Ivy League universities has its official motto in Hebrew as well as in Latin?;Yale University;Princeton University;Harvard University;Columbia University;General Knowledge;medium;Open Trivia DB
Europa Universalis is a strategy video game based on which French board game?;Europa Universalis;Europe and the Universe;Europa!;Power in Europe;Entertainment: Board Games;medium;Open Trivia DB
In the Board Game, Settlers of Catan, a die roll of what number causes the Robber to attack?;7;3;10;1;Entertainment: Board Games;medium;Open Trivia DB
Out of these four buildings, which one is the tallest, with a height of 2,717 ft (828 m)?;Burj Khalifa, United Arab Emirates;Shanghai Tower, China;Lotte World Tower, South Korea;Ping An Finance Centre, China;General Knowledge;medium;Open Trivia DB
Which musical has won the most Tony awards?;The Producers;Hamilton;Chicago;Phantom of the Opera;"Entertainment: Musicals &amp; Theatres";medium;Open Trivia DB
In Calvin and Hobbes, what is the name of Susie's stuffed rabbit?;Mr. Bun;Mr. Bunbun;Mr. Rabbit;Mr. Hoppy;Entertainment: Comics;medium;Open Trivia DB
In Jeff Wayne's Musical Version of War of the Worlds, the chances of anything coming from Mars are...;A million to one;A billion to one;A trillion to one;A hundred to one;"Entertainment: Musicals &amp; Theatres";medium;Open Trivia DB
Who painted the epic mural Guernica?;Pablo Picasso;Francisco Goya;Leonardo da Vinci;Henri Matisse;Art;medium;Open Trivia DB
Who sang backup vocals on Rockwell's hit 1984 single 'Somebody's Watching Me'?;Michael Jackson;Paul McCartney;Elton John;Prince;Entertainment: Music;medium;Open Trivia DB
"Krusty is the guild master of which guild in ""Log Horizon""?";D. D. D;Silver Sword;West Wind Brigade;Oceanic Systems (Marine Agency);"Entertainment: Japanese Anime &amp; Manga";medium;Open Trivia DB
When was Tesla founded?;2003;2008;2005;2007;Vehicles;medium;Open Trivia DB
Which of the following is not a color of mana in Magic: The Gathering?;Yellow;White;Green;Blue;Entertainment: Board Games;medium;Open Trivia DB
Down Syndrome is usually caused by an extra copy of which chromosome?;21;23;15;24;"Science &amp; Nature";medium;Open Trivia DB
Which of these is not the name of a city in the Grand Theft Auto series?;San Andreas;San Fierro;Las Venturas;Vice City;Entertainment: Video Games;medium;Open Trivia DB
Which of these books was NOT written by the Czech author Karel Čapek?;Journey to the Center of the Earth;The War with the Newts;R.U.R. (Rossum's Universal Robots);Dashenka, or the Life of a Puppy;Entertainment: Books;medium;Open Trivia DB
"""The Day the Music Died"" was a tragic plane crash that killed three musicians in which decade?";50's;60's;70's;40's;Entertainment: Music;medium;Open Trivia DB
Adolf Hitler was born on which date?;April 20, 1889;June 12, 1889;February 6, 1889;April 16, 1889;History;medium;Open Trivia DB
In Divinity: Original Sin 2, who is the earliest companion you can acquire?;The Red Prince;Fane;Sebille;Beast;Entertainment: Video Games;medium;Open Trivia DB
In The Elder Scrolls V: Skyrim, who is the jester in the dark brotherhood?;Cicero;Lucien Lachance;Archimedes;Astrid;Entertainment: Video Games;medium;Open Trivia DB
"How many Mudokons are rescuable in ""Oddworld: New 'N' Tasty""?";299;301;50;300;Entertainment: Video Games;medium;Open Trivia DB
Which television show has Dan Gheesling been on?;Big Brother;Jeopardy;Survivor;The Bachelor;Celebrities;medium;Open Trivia DB
Which was the first video game to be produced by development company Rare?;Slalom;R.C. Pro-Am;Donkey Kong Country;Battletoads;Entertainment: Video Games;medium;Open Trivia DB
In the animated series RWBY, what is the name of the weapon used by Weiss Schnee?;Myrtenaster;Gambol Shroud;Crescent Rose;Ember Celica;"Entertainment: Cartoon &amp; Animations";medium;Open Trivia DB
What is the correct term for the metal object in between the CPU and the CPU fan within a computer system?;Heat Sink;CPU Vent;Temperature Decipator;Heat Vent;Science: Computers;medium;Open Trivia DB
In which English county is the city of Portsmouth?;Hampshire;Oxfordshire;Buckinghamshire;Surrey;Geography;medium;Open Trivia DB
How many bytes are in a single Kibibyte?;1024;2400;1000;1240;Science: Computers;medium;Open Trivia DB
Which of these is NOT a song featured on Green Day's 21st Century Breakdown album?;She's A Rebel;Know Your Enemy;"&iquest;Viva la Gloria? (Little Girl)";Before The Lobotomy;Entertainment: Music;medium;Open Trivia DB
Which city is the seat of government of the Netherlands?;The Hague;Amsterdam;Utrecht;Rotterdam;Politics;medium;Open Trivia DB
"Which of these is not a playable character in ""Enter The Gungeon?""";The Heavy;The Bullet;The Robot;The Cultist;Entertainment: Video Games;medium;Open Trivia DB
In the game Overwatch, which hero out of the following 4 is from Brazil?;"L&uacute;cio";Sombra;McCree;Symmetra;Entertainment: Video Games;medium;Open Trivia DB
Who assassinated Archduke Franz Ferdinand?;Gavrilo Princip;Nedeljko Čabrinović;Oskar Potiorek;Ferdinand Cohen-Blind;History;medium;Open Trivia DB
"Which song made by MAN WITH A MISSION was used as the opening for the anime ""Log Horizon""?";"""Database""";"""Dead End in Tokyo""";"""Raise Your Flag""";"""Out of Control""";Entertainment: Music;medium;Open Trivia DB
What is the title of The Allman Brothers Band instrumental used as the theme to the BBC motoring show, 'Top Gear'?;Jessica;Angela;Erica;Sandra;Entertainment: Television;medium;Open Trivia DB
What character in the Winnie the Pooh films was added by Disney and does not appear in the original books?;Gopher;Tigger;Heffalumps;Rabbit;Entertainment: Film;medium;Open Trivia DB
Which of these people is NOT a part of the Internet comedy group Mega64?;Jon Jafari;Rocco Botte;Derrick Acosta;Shawn Chatfield;Celebrities;medium;Open Trivia DB
What was the name given to Android 4.3?;Jelly Bean;Lollipop;Nutella;Froyo;Science: Computers;medium;Open Trivia DB
What is Brian May's guitar called?;Red Special;Blue Special;Green Special;Yellow Special;Entertainment: Music;medium;Open Trivia DB
"In the novel ""Lord of the Rings"", how many rings of power were given to the race of man?";9;5;11;13;Entertainment: Books;medium;Open Trivia DB
How old was Muhammad Ali when he died?;74;61;He's still alive;56;Celebrities;medium;Open Trivia DB
In which of these TV shows did the chef Gordon Ramsay not appear?;Auction Hunters;Ramsay's Kitchen Nightmares;Hotel Hell;Hell's Kitchen;Celebrities;medium;Open Trivia DB
What song on ScHoolboy Q's album Black Face LP featured Kanye West?;THat Part;Neva CHange;Big Body;Blank Face;Entertainment: Music;medium;Open Trivia DB
"Who is the creator of the manga series ""One Piece""?";Eiichiro Oda;Yoshihiro Togashi;Hayao Miyazaki;Masashi Kishimoto;"Entertainment: Japanese Anime &amp; Manga";medium;Open Trivia DB
"In the 2002 video game ""Kingdom Hearts"", how many playable worlds were there?";14;13;16;11;Entertainment: Video Games;medium;Open Trivia DB
"In ""Breaking Bad,"" which main character was planned to be killed in Season 1 but wasn't because the show creator liked the actor?";Jesse Pinkman;Saul Goodman;Gus Fring;Hank Schrader;Entertainment: Television;medium;Open Trivia DB
Who's the creator of Geometry Dash?;Robert Topala;Scott Cawthon;Adam Engels;Andrew Spinks;Entertainment: Video Games;medium;Open Trivia DB
In which English county is Stonehenge?;Wiltshire;Somerset;Cumbria;Herefordshire;Geography;medium;Open Trivia DB
What is the name of Ryūko Matoi's theme song in the anime Kill la Kill?;Before My Body Is Dry;Don't Lose Your Way;Till I Die;Suck Your Blood;"Entertainment: Japanese Anime &amp; Manga";medium;Open Trivia DB
"When did L. L. Zamenhof first publish ""Unua Libro"", the first publication describing his international language Esperanto?";1887;1897;1905;1915;History;medium;Open Trivia DB
What animal did Queen Pasipahe sleep with before she gave birth to the Minotaur in Greek Mythology?;Bull;Pig;Ox;Horse;Mythology;medium;Open Trivia DB
The Korean War started in what year?;1950;1945;1960;1912;History;medium;Open Trivia DB
Which Batman sidekick is the son of Talia al Ghul?;Damian Wayne;Dick Grayson;Tim Drake;Jason Todd;Entertainment: Comics;medium;Open Trivia DB
In Greek Mythology, who killed Achilles?;Paris;Hector;Helen;Pericles;Mythology;medium;Open Trivia DB
Which English county will you find the University of East Anglia?;Norfolk;Suffolk;Essex;Cambridgeshire;Geography;medium;Open Trivia DB
What part of an automobile engine uses lobes to open and close intake and exhaust valves, and allows an air/fuel mixture into the engine?;Camshaft;Piston;Drive shaft;Crankshaft;Vehicles;medium;Open Trivia DB
Who was Firestorm's rival during the original run of UK Robot Wars?;Panic Attack;Razer;Chaos 2;Hypno Disc;Entertainment: Television;medium;Open Trivia DB
In Kingdom Hearts which of the following people can NOT wield a keyblade?;Larxene;Xehanort;Lea;Mickey;Entertainment: Video Games;medium;Open Trivia DB
What African country has Portuguese as its official language?;Mozambique;Botswana;Gabon;Togo;Geography;medium;Open Trivia DB
What is the capital of the State of Washington, United States?;Olympia;Washington D.C.;Seattle;Yukon;Geography;medium;Open Trivia DB
Bela Lugosi was a Hungarian-American actor best known for his starring role of what 1931 horror film?;Count Dracula;Dr Frankenstein;Werewolf;The Creature from the Black Lagoon;Entertainment: Film;medium;Open Trivia DB
What is the highest belt you can get in Taekwondo?;Black;White;Red;Green;Sports;medium;Open Trivia DB
"Who co-founded the YouTube Let's Play channel ""Game Grumps"" alongside Newgrounds animator Egoraptor?";JonTron;Pewdiepie;Tobuscus;Markiplier;Entertainment: Television;medium;Open Trivia DB
Which of these countries was NOT a part of the Soviet Union?;Afghanistan;Turkmenistan;Kazakhstan;Uzbekistan;History;medium;Open Trivia DB
"Which former US president used ""Let's Make America Great Again"" as his campaign slogan before Donald Trump's campaign?";Ronald Reagan;Jimmy Carter;Gerald Ford;Richard Nixon;Politics;medium;Open Trivia DB
"What year does Part 7 of ""JoJo's Bizarre Adventure"" take place in?";1890;1888;1999;2003;"Entertainment: Japanese Anime &amp; Manga";medium;Open Trivia DB
In the world strategy game 'Sid Meier's Civilization', a programming bug caused the AI depiction of Gandhi to do which of the following?;Become aggressive and launch nuclear strikes;Begin speaking in German;Become friendly and trade his entire wealth;Launch attacks on his own cities and assets;Entertainment: Video Games;medium;Open Trivia DB
Which popular rock band has a one-armed drummer?;Def Leppard;The Beatles;Lynyrd Skynyrd;Foreigner;Entertainment: Music;medium;Open Trivia DB
"What is a ""dakimakura""?";A body pillow;A Chinese meal, essentially composed of fish;A yoga posture;A word used to describe two people who truly love each other;General Knowledge;medium;Open Trivia DB
Which car manufacturer won the 2016 24 Hours of Le Mans?;Porsche;Toyota;Audi;Ferrari;Sports;medium;Open Trivia DB
In Minecraft, what types of sound files are required for custom SFX to work in resource packs?;.ogg;.wav;.mp3;.class;Entertainment: Video Games;medium;Open Trivia DB
What caused Jake Lloyd who played Anakin Skywalker in The Phantom Menace to quit acting?;Bullying;Criminal Record;Nomination for Worst Actor;Racism;Celebrities;medium;Open Trivia DB
"What is the name of Cream the Rabbit's mom in the ""Sonic the Hedgehog"" series?";Vanilla;Peach;Strawberry;Mint;Entertainment: Video Games;medium;Open Trivia DB
What is the alphanumeric representation of the imaginary number?;i;e;n;x;Science: Mathematics;medium;Open Trivia DB
After India, which country produces the second most movies per year?;Nigeria;United States;China;France;Entertainment: Film;medium;Open Trivia DB
"In the comedy series ""Trailer Park Boys"", which of the following characters takes care of stray cats?";Bubbles;Ricky;Julian;Randy;Entertainment: Television;medium;Open Trivia DB
What is the birth name of Michael Keaton?;Michael Douglas;Michael Fox;Michael Richards;Michael Kane;Entertainment: Film;medium;Open Trivia DB
Which professional wrestler fell from the rafters to his death during a live Pay-Per-View event in 1999?;Owen Hart;Chris Benoit;Lex Luger;Al Snow;Sports;medium;Open Trivia DB
What is the name of the US Navy spy ship which was attacked and captured by North Korean forces in 1968?;USS Pueblo;USS North Carolina;USS Constitution;USS Indianapolis;History;medium;Open Trivia DB
"Which of the following colors does the Zombie eyes glow in the ""Nuketown"" map in ""Call of Duty: Black Ops II"" Zombies mode?";Yellow and Blue;Yellow and Red;Red and Blue;Blue and White;Entertainment: Video Games;medium;Open Trivia DB
Which operating system was released first?;Mac OS;Windows;Linux;OS/2;Science: Computers;medium;Open Trivia DB
Who out of these actresses is the youngest?;Kiernan Shipka;Ariel Winter;Emma Watson;Bonnie Wright;Celebrities;medium;Open Trivia DB
What are the smallest blood vessels in the human body?;Capillaries;Arterioles;Veinules;Lymphatics;"Science &amp; Nature";medium;Open Trivia DB
"In the anime ""Gintama"" which accessory/article of clothing is the character Shinpachi commonly referred to as?";Glasses;Nose Ring;T-Shirt;Underwear;"Entertainment: Japanese Anime &amp; Manga";medium;Open Trivia DB
Which animal features on the logo for Abarth, the motorsport division of Fiat?;Scorpion;Snake;Bull;Horse;Vehicles;medium;Open Trivia DB
Which of these is NOT the name of an album released by Miami-based producer DJ Khaled?;Don't Ever Play Yourself;Major Key;Suffering From Success;I Changed A Lot;Entertainment: Music;medium;Open Trivia DB
When was Nintendo's Virtual Boy released?;1995;1989;1997;1992;Entertainment: Video Games;medium;Open Trivia DB
Which of these is NOT a name of a playable character in Apex Legends?;Viper;Revenant;Crypto;Wattson;Entertainment: Video Games;medium;Open Trivia DB
Which one of these artists appears in the album Deltron 3030?;Dan the Automater;Lamarr Kendrick;Danger Mouse;CeeLo Green;Entertainment: Music;medium;Open Trivia DB
What was another suggested name for, the 1985 film, Back to the Future?;Spaceman From Pluto;Hill Valley Time Travelers;The Time Travelers;The Lucky Man;Entertainment: Film;medium;Open Trivia DB
"Which poet wrote ""The Ballad of Reading Gaol"" whilst imprisoned for being gay?";Oscar Wilde;Lord Byron;William Blake;Wilfred Owen;Entertainment: Books;medium;Open Trivia DB
The Thirty Years War ended with which treaty?;Peace of Westphalia;Treaty of Versailles;Treaty of Paris;Peace of Prague;History;medium;Open Trivia DB
What former MOBA, created by Waystone Games and published by EA, was shut down in 2014?;Dawngate;Strife;League of Legends;Heroes of Newerth;Entertainment: Video Games;medium;Open Trivia DB
"In ""Call Of Duty: Zombies"", completing which map's easter egg will reward you with the achievement, ""Time Travel Will Tell""?";Shangri-La;Ascension;Moon;Die Rise;Entertainment: Video Games;medium;Open Trivia DB
Band Aid's 'Do They Know It's Christmas' was recorded to raise awareness of which issue in Ethiopia?;Famine;Human rights violations;Pollution;Terrorism;Entertainment: Music;medium;Open Trivia DB
Which of these companies does NOT manufacture automobiles?;Ducati;Nissan;GMC;Fiat;General Knowledge;medium;Open Trivia DB
On which planet does the game Freedom Planet (2014) take place?;Avalice;Freedom;Galaxytrail;Shang Mu;Entertainment: Video Games;medium;Open Trivia DB
"George Orwell's novel ""Animal Farm"" was inspired by which historical event?";The rise of communism and Stalin's policies.;The rise of Imperial Japan and Pacific control.;The rise of fascism and Hitler's influences.;Franklin D. Roosevelt's New Deal and its effects on The Great Depression.;Entertainment: Books;medium;Open Trivia DB
"How many metal bars does it take to smith a platebody in the MMO ""RuneScape""?";5 bars;3 bars;2 bars;10 bars;Entertainment: Video Games;medium;Open Trivia DB
What is the collective noun for bears?;Sloth;Drove;Tribe;Husk;Animals;medium;Open Trivia DB
In the Fallout: New Vegas add-on Honest Hearts, what is the name of Joshua Graham's personal .45 pistol?;A Light Shining in Darkness;Requiem;Maria;Recompense of the Fallen;Entertainment: Video Games;medium;Open Trivia DB
How old is the universe?;13.8 Billion Years;4.5 Billion Years;7.9 Billion Years;16.2 Billion Years;"Science &amp; Nature";medium;Open Trivia DB
Who was a military strategist in the Eastern Zhou period?;Sun Tzu;Lu Bu;Genghis Khan;Vlad The Impaler;History;medium;Open Trivia DB
What is the largest rapid transit system in the world by number of stations, with 472 stations in operation?;New York City Subway;Shanghai Metro;London Underground;Berlin U-Bahn;General Knowledge;medium;Open Trivia DB
"What is the name of the protagonist of the 2017 anime ""Land of the Lustrous""?";Phosphophyllite;Watermelon Tourmaline;Cinnabar;Padparadscha;"Entertainment: Japanese Anime &amp; Manga";medium;Open Trivia DB
"Where does ""The Legend of Zelda: Majora's Mask"" take place?";Termina;Hyrule;Gysahl;Besaid;Entertainment: Video Games;medium;Open Trivia DB
Which Beatle led the way across the zebra crossing on the Abbey Road album cover?;John;Paul;George;Ringo;Entertainment: Music;medium;Open Trivia DB
Why was The Green Monster at Fenway Park was originally built?;To prevent viewing games from outside the park.;To make getting home runs harder.;To display advertisements.;To provide extra seating.;Sports;medium;Open Trivia DB
In No Man's Sky (as of the Beyond update), what two resources do you need to craft Antimatter?;Condensed Carbon and Chromatic Metal;Starship Launch Fuel and Condensed Carbon;Pure Ferrite and Sodium;Storm Crystal and Antimatter Housing;Entertainment: Video Games;medium;Open Trivia DB
Which character does voice actress Tara Strong NOT voice?;Bubbles (2016);Twilight Sparkle;Timmy Turner;Harley Quinn;Entertainment: Television;medium;Open Trivia DB
What did the name of the Tor Anonymity Network orignially stand for?;The Onion Router;The Only Router;The Orange Router;The Ominous Router;Science: Computers;medium;Open Trivia DB
"What name represents the letter ""M"" in the NATO phonetic alphabet?";Mike;Matthew;Mark;Max;General Knowledge;medium;Open Trivia DB
"In which Shakespeare play does the character Marcellus say, ""Something is rotten in the state of Denmark""?";Hamlet;Macbeth;King Lear;Twelfth Night;"Entertainment: Musicals &amp; Theatres";medium;Open Trivia DB
"In what year was Pok&eacute;mon Diamond & Pearl released in Japan?";2006;2009;2007;2008;Entertainment: Video Games;medium;Open Trivia DB
Which of these bands is the oldest?;Pink Floyd;AC/DC;Metallica;Red Hot Chili Peppers;Entertainment: Music;medium;Open Trivia DB
On which continent is the country of Angola located?;Africa;South America;Europe;Asia;Geography;medium;Open Trivia DB
On which continent/s is the entire country of Spain specifically located when taking into account all of its territory?;Europe and Africa;Europe, Africa and Asia;Europe;Europe and Asia;Geography;medium;Open Trivia DB
"What is the name of the dog that played Toto in the 1939 film ""The Wizard of Oz""?";Terry;Tommy;Teddy;Toto;Entertainment: Film;medium;Open Trivia DB
Who was the first Big Brother US winner to win with a perfect game?;Dan Gheesling;Ian Terry;Jordan Lloyd;Rachael Reilly;Entertainment: Television;medium;Open Trivia DB
"Who voices Max Payne in the 2001 game ""Max Payne""?";James McCaffrey;Sam Lake;Troy Baker;Hideo Kojima;Entertainment: Video Games;medium;Open Trivia DB
"In the 1979 British film ""Quadrophenia"" what is the name of the seaside city the mods are visiting?";Brighton;Eastbourne;Mousehole;Bridlington;Entertainment: Film;medium;Open Trivia DB
Who is the main character in One Piece?;Luffy;Shanks;Zoro;Smoker;"Entertainment: Japanese Anime &amp; Manga";medium;Open Trivia DB
"When was the Prince album ""Purple Rain"" released?";1984;1979;1983;1981;Entertainment: Music;medium;Open Trivia DB
When was Nintendo founded?;September 23rd, 1889;October 19th, 1891;March 4th, 1887;December 27th, 1894;General Knowledge;medium;Open Trivia DB
"Which of these is not a character in the game, ""Lethal League""?";Rex;Switch;Candyman;Sonata;Entertainment: Video Games;medium;Open Trivia DB
Which of the following is NOT a song in BROCKHAMPTON's SATURATION album series?;LAMB;HOTTIE;SWAMP;BUMP;Entertainment: Music;medium;Open Trivia DB
"Which band had hits in 1972 with the songs ""Baby I'm A Want You"", ""Everything I Own"" and ""The Guitar Man""";Bread;America;Chicago;Smokie;Entertainment: Music;medium;Open Trivia DB
What was the first .hack game?;.hack//Infection;.hack//Zero;.hack//Sign;.hack//Liminality;Entertainment: Video Games;medium;Open Trivia DB
How many timezones does Russia have?;11;6;24;16;Geography;medium;Open Trivia DB
The Fields Medal, one of the most sought after awards in mathematics, is awarded every how many years?;4;3;5;6;General Knowledge;medium;Open Trivia DB
Capcom's survival horror title Dead Rising, canonically starts on what day of September 2006?;September 19th;September 21st;September 30th;September 14th;Entertainment: Video Games;medium;Open Trivia DB
What is the region conjoining Pakistan, India, and China with unknown leadership called?;Kashmir;Andorra;Gibraltar;Quin;Geography;medium;Open Trivia DB
During which American Civil War campaign did Union troops dig a tunnel beneath Confederate troops to detonate explosives underneath them?;Siege of Petersburg;Siege of Vicksburg;Antietam Campaign;Gettysburg Campagin;History;medium;Open Trivia DB
"What is the name of the main character from the music video of ""Shelter"" by Porter Robinson and A-1 Studios?";Rin;Rem;Ren;Ram;Entertainment: Music;medium;Open Trivia DB
In Minecraft, how many items can a single piece of coal smelt when used in a furnace?;8;12;10;6;Entertainment: Video Games;medium;Open Trivia DB
"In ""Overwatch,"" what is the hero McCree's full name?";Jesse McCree;"Jack ""McCree"" Morrison";Gabriel Reyes;"Jamison ""Deadeye"" Fawkes";Entertainment: Video Games;medium;Open Trivia DB
Which song is not by TheFatRat?;Ascent;Monody;Windfall;Infinite Power!;Entertainment: Music;medium;Open Trivia DB
Which actress's real name was Frances Ethel Gumm?;Judy Garland;Doris Day;Julie Andrews;Marilyn Monroe;Celebrities;medium;Open Trivia DB
If he was still alive, in what year would Elvis Presley celebrate his 100th birthday?;2035;2030;2040;2045;Celebrities;medium;Open Trivia DB
Who is the main villain of Kirby's Return to Dreamland?;Magolor;Landia;King Dedede;Queen Sectonia;Entertainment: Video Games;medium;Open Trivia DB
In what year was Tchaikovsky's 1812 Overture composed?;1880;1812;1790;1840;Entertainment: Music;medium;Open Trivia DB
Who performed the hit single 'Call Me' for the 1980 film 'American Gigolo'?;Blondie;Madonna;Tina Turner;Janet Jackson;Entertainment: Music;medium;Open Trivia DB
Which of the following tabletop games is the oldest?;Go;Chess;Mahjong;Shogi;Entertainment: Board Games;medium;Open Trivia DB
"What is the name of the popular animatronic singing fish prop, singing such hits such as ""Don't Worry, Be Happy""?";Big Mouth Billy Bass;Big Billy Bass;Singing Fish;Sardeen;General Knowledge;medium;Open Trivia DB
In Prokofiev's 'Peter and the Wolf', the wolf itself is represented by a trio of which musical instrument?;French horn;Oboe;Clarinet;Cello;Entertainment: Music;medium;Open Trivia DB
"In ""Resident Evil 2"", which virus was William Birkin mutated by?";G-Virus;T-Virus;C-Virus;E-Virus;Entertainment: Video Games;medium;Open Trivia DB
What does CPR, the emergency procedure to assist someone who has suffered cardiac arrest, stand for?;Cardiopulmonary resuscitation;Chronic pain relief;Cancer pain release;Contraceptive prevalence rate;"Science &amp; Nature";medium;Open Trivia DB
Of the following space shooter games, which came out first?;Space Invaders;Galaxian;Galaga;Sinistar;Entertainment: Video Games;medium;Open Trivia DB
In what year was the card game Magic: the Gathering first introduced?;1993;1987;1998;2003;Entertainment: Board Games;medium;Open Trivia DB
In what year did Halley's Comet, which will not appear again until the year 2061, previously approach Earth?;1986;2001;1942;1909;General Knowledge;medium;Open Trivia DB
Where was Portuguese explorer Ferdinand Magellan killed in 1521?;The Phillipines;Canary Islands;Guam;Argentina;History;medium;Open Trivia DB
"What is the name of the ""Flash"" and ""Arrow"" spinoff featuring a team of characters that have appeared on both shows?";Legends of Tomorrow;Heroes of Tomorrow;The Justice Society of America;The Justice Society;Entertainment: Television;medium;Open Trivia DB
"What are the first 6 digits of the number ""Pi""?";3.14159;3.14169;3.12423;3.25812;Science: Mathematics;medium;Open Trivia DB
Which one of these games wasn't released in 2016?;Metal Gear Solid V;Tom Clancy's The Division;Killing Floor 2;Hitman;Entertainment: Video Games;medium;Open Trivia DB
"In the Black Mirror episode ""Bandersnatch"", PAC-MAN stands for:";Program And Control Man;Postgraduate Aplications Centre Man;Political Action Committee Man;Physics & Astronomy Classification Man;Entertainment: Television;medium;Open Trivia DB
Which sport is NOT traditionally played during the Mongolian Naadam festival?;American Football;Wrestling;Archery;Horse-Racing;Sports;medium;Open Trivia DB
Who created the Final Fantasy series developed by Square Enix?;Hironobu Sakaguchi;Yuji Horii;Akira Toriyama;Tetsuya Nomura;Entertainment: Video Games;medium;Open Trivia DB
Who is the lead singer of the Smashing Pumpkins?;Billy Corgan;Brett Scallions;Eddie Vedder;Chino Moreno;Entertainment: Music;medium;Open Trivia DB
Bridgetown is the capital of which island country in the Carribean?;Barbados;Cuba;"Jamaica&lrm;";Dominica;Geography;medium;Open Trivia DB
During the Mongolian invasions of Japan, what were the Mongol boats mostly stopped by?;Typhoons;Tornados;Economic depression;Samurai;History;medium;Open Trivia DB
Which of the following Mesopotamian mythological figures was NOT a deity?;Enkidu;Enki;Enlil;Enkimdu;Mythology;medium;Open Trivia DB
"Which track by ""Massive Attack"" is used for the theme of ""House""?";Teardrop;Protection;Angel;Black Milk;Entertainment: Television;medium;Open Trivia DB
"In ""Spongebob Squarepants,"" what is Mr. Krabs' full name?";Eugene H. Krabs;Eugene G. Krabs;Eugene J. Krabs;Eugene D. Krabs;Entertainment: Television;medium;Open Trivia DB
What is the unit of currency in Laos?;Kip;Ruble;Konra;Dollar;General Knowledge;medium;Open Trivia DB
In Calvin and Hobbes, what is the name of the babysitter's boyfriend?;Charlie;Dave;Charles;Nathaniel;Entertainment: Comics;medium;Open Trivia DB
When did construction of the Suez Canal finish?;1869;1859;1860;1850;History;medium;Open Trivia DB
The teapot often seen in many 3D modeling applications is called what?;Utah Teapot;Pixar Teapot;3D Teapot;Tennessee Teapot;Science: Computers;medium;Open Trivia DB
"Who painted the painting ""Nighthawks""?";Edward Hopper;Johannes Vermeer;Vincent van Gogh;Salvador Dali;Art;medium;Open Trivia DB
How many provinces are in the Netherlands?;12;14;10;13;Geography;medium;Open Trivia DB
Which programming language was developed by Sun Microsystems in 1995?;Java;Python;Solaris OS;C++;Science: Computers;medium;Open Trivia DB
"Which actor played the main character in the 1990 film ""Edward Scissorhands""?";Johnny Depp;Clint Eastwood;Leonardo DiCaprio;Ben Stiller;Entertainment: Film;medium;Open Trivia DB
Hera is god of...;Marriage;Agriculture;Sea;War;Mythology;medium;Open Trivia DB
"In the 2002 film ""Kung Pow! Enter the Fist"", Master Pain changes his name to what?";Betty;Sally;Amy;Kitty;Entertainment: Film;medium;Open Trivia DB
What is the name of the queen's pet in A Bug's Life?;Aphie;Flik;Hopper;Dot;Entertainment: Film;medium;Open Trivia DB
Which of the following is the male pollen-producing reproductive part of a flower?;Stamen;Sepal;Pistil;Petal;"Science &amp; Nature";medium;Open Trivia DB
What is the common term for bovine spongiform encephalopathy (BSE)?;Mad Cow disease;Weil's disease;Milk fever;Foot-and-mouth disease;Animals;medium;Open Trivia DB
"In ""Magic: The Gathering"", what instant card has the highest converted mana cost?";Blinkmoth Infusion;Vitalizing Wind;Chant of Vitu-Ghazi;Assert Authority;Entertainment: Board Games;medium;Open Trivia DB
Which one of the following is not made by Ford?;Camry;Fusion;Model A;F-150;Vehicles;medium;Open Trivia DB
Which of these symbols can be seen on the shirt of the 1993 video game character, Bubsy T. Bobcat?;An exclamation point;A question mark;The letter B;Nothing;Entertainment: Video Games;medium;Open Trivia DB
Enzo Ferrari was originally an auto racer for what manufacturer before founding his own car company?;Alfa Romeo;Auto Union;Mercedes Benz;Bentley;Vehicles;medium;Open Trivia DB
In 1845, a series of wars named after which indigenous people began in New Zealand?;Māori;Papuans;Aborigines;Polynesians;History;medium;Open Trivia DB
"Who played Batman in the 1997 film ""Batman and Robin""?";George Clooney;Michael Keaton;Val Kilmer;Christian Bale;Entertainment: Film;medium;Open Trivia DB
In United States history, how many vice presidents did Franklin D. Roosevelt have during his time in office as president?;3;1;2;0;Politics;medium;Open Trivia DB
"How many copies have Metallica album ""Metallica"" (A.K.A The Black Album) sold worldwide (in Millions of Copies)?";20.5;19.5;22.5;25.5;Entertainment: Music;medium;Open Trivia DB
In Night In The Woods, what is Mae Borowski mother's name?;Candy;Jenny;Margaret;Kate;Entertainment: Video Games;medium;Open Trivia DB
Cesar Romero played which iconic Batman villain from the 1960's TV show?;The Joker;The Penguin;The Riddler;Mr. Freeze;Entertainment: Television;medium;Open Trivia DB
"What is the name of the villian in the 2015 Russian-American Sci-Fi Movie ""Hardcore Henry""?";Akan;Estelle;Jimmy;Henry;Entertainment: Film;medium;Open Trivia DB
What is the capital of Slovakia?;Bratislava;Sofia;Ljubljana;Sarajevo;Geography;medium;Open Trivia DB
Alan Reed is known for providing the voice of which character?;Fred Flintstone;Bugs Bunny;Fangface;G.I. Joe;Entertainment: Television;medium;Open Trivia DB
In what dialogue did Socrates defend himself to the court of Athens?;The Apology;The Euthyphro;The Laws;The Republic;History;medium;Open Trivia DB
"In what year did the anime adaptation of ""March Comes In Like A Lion"" air?";2016;2017;2018;2015;"Entertainment: Cartoon &amp; Animations";medium;Open Trivia DB
"In ""Super Mario World 2: Yoshi's Island"", which of these colors is NOT represented by a Yoshi?";White;Purple;Brown;Red;Entertainment: Video Games;medium;Open Trivia DB
Who is the main villain of the Crash Bandicoot series?;Dr. Neo Cortex;Dr. Evo-Cortex;Dr. Cortox;Sir Cartex;Entertainment: Video Games;medium;Open Trivia DB
In the original Doctor Who series (1963), fourth doctor Tom Baker's scarf was how long?;7 Meters;10 Meters;2 Meters;5 Meters;Entertainment: Television;medium;Open Trivia DB
In Undertale, how much do Spider Donuts cost in Hotland?;9999G;7G;40G;12G;Entertainment: Video Games;medium;Open Trivia DB
In computing terms, typically what does CLI stand for?;Command Line Interface;Common Language Input;Control Line Interface;Common Language Interface;Science: Computers;medium;Open Trivia DB
In Chess, the Queen has the combined movement of which two pieces?;Bishop and Rook;Rook and King;Knight and Bishop;King and Knight;Entertainment: Board Games;medium;Open Trivia DB
Which novel by John Grisham was conceived on a road trip to Florida while thinking about stolen books with his wife?;Camino Island;Rogue Lawyer;Gray Mountain;The Litigators;Entertainment: Books;medium;Open Trivia DB
What is the name of the main antagonists in Battlestar Galactica?;The Cylons;The Collective;The Federation;The Rebels;Entertainment: Television;medium;Open Trivia DB
The British Rail Class 700, Class 707 and the Class 717 are part of what train family?;Desiro City;Networker;Aventra;Electrostar;Vehicles;medium;Open Trivia DB
"What engine did the original ""Half-Life"" run on?";GoldSrc;Source;Quake;Unreal;Entertainment: Video Games;medium;Open Trivia DB
"What French artist/band is known for playing on the midi instrument ""Launchpad""?";Madeon;Daft Punk;Disclosure;David Guetta;Entertainment: Music;medium;Open Trivia DB
Who is the main character in the VHS tape included in the board game Nightmare?;The Gatekeeper;The Kryptkeeper;The Monster;The Nightmare;Entertainment: Board Games;medium;Open Trivia DB
Moby, an American DJ, singer, and musician, achieved worldwide success for the 1999 release of which of the following albums?;Play;Everything Is Wrong;Moby;18;Entertainment: Music;medium;Open Trivia DB
What is the busiest port in Europe?;Port of Rotterdam;Port of Antwerp;Port of Hamburg;Port of Amsterdam;Geography;medium;Open Trivia DB
Which of these Roman gods doesn't have a counterpart in Greek mythology?;Janus;Vulcan;Juno;Mars;Mythology;medium;Open Trivia DB
"For what reason would a spotted hyena ""laugh""?";Nervousness;Excitement;Aggression;Exhaustion;Animals;medium;Open Trivia DB
What year was O.J. Simpson aquitted of his murder charges?;1995;1992;1996;1991;Celebrities;medium;Open Trivia DB
"In the TV series ""Person of Interest"", who plays the character ""Harold Finch""?";Michael Emerson;Jim Caviezel;Taraji P. Henson;Kevin Chapman;Entertainment: Television;medium;Open Trivia DB
When was Club Penguin launched?;October 24, 2005;October 21, 2005;March 29, 2006;November 22, 2004;Entertainment: Video Games;medium;Open Trivia DB
Typically, how many keys are on a piano?;88;24;12;96;Entertainment: Music;medium;Open Trivia DB
"Which alternative rock band released the critically-acclaimed album ""OK Computer""?";Radiohead;R.E.M.;Nirvana;Coldplay;Entertainment: Music;medium;Open Trivia DB
May 16th of every year is known as __________ Day, named after a punk band prominent in the 1990s.;Lagwagon;Goldfinger;Less Than Jake;Lit;Entertainment: Music;medium;Open Trivia DB
Grand Theft Autumn/Where Is Your Boy is a song by which band?;Fall Out Boy;Panic! At The Disco;Paramore;Blink-182;Entertainment: Music;medium;Open Trivia DB
When the Falcon Heavy was launched on it's test flight, what was the only part of the operation that failed?;Center Core Landing;Side Booster Landing;Deployment of Starman;Ignition and Liftoff;"Science &amp; Nature";medium;Open Trivia DB
Which German sportswear company's logo is the 'Formstripe'?;Puma;Nike;Adidas;Reebok;Sports;medium;Open Trivia DB
The medical condition osteoporosis affects which part of the body?;Bones;Skin;Brain;Heart;"Science &amp; Nature";medium;Open Trivia DB
"Who is the ""dumb blonde"" character in Nickelodeon's ""The Loud House""?";Leni;Luan;Luna;Lincoln;"Entertainment: Cartoon &amp; Animations";medium;Open Trivia DB
"In Pre-Super Genesis universe of ""Sonic the Hedgehog"" comic, what was the name of  Sally Acorn's brother?";Elias Acorn;Maximillian Acorn;Alexis Acorn;Frederick Acorn;Entertainment: Comics;medium;Open Trivia DB
The creator of the Enigma Cypher and Machine was of what nationality?;German;American;British;Polish;History;medium;Open Trivia DB
"In ""Kingdom Hearts"", who abducts Jasmine in the Lamp Chamber?";Riku;Riku Replica;Xaldin;Captain Hook;Entertainment: Video Games;medium;Open Trivia DB
The F1 season of 1994 is remembered for what tragic event?;Death of Ayrton Senna (San Marino);The Showdown (Australia);Verstappen on Fire (Germany);Schumacher's Ban (Britain);Sports;medium;Open Trivia DB
"Who plays ""Bruce Wayne"" in the 2008 movie ""The Dark Knight""?";Christian Bale;Michael Caine;Ron Dean;Heath Ledger;Entertainment: Film;medium;Open Trivia DB
In Chemistry, how many isomers does Butanol (C4H9OH) have?;4;3;5;6;"Science &amp; Nature";medium;Open Trivia DB
Which studio animated Soul Eater?;Bones;Kyoto Animation;xebec;Production I.G;"Entertainment: Japanese Anime &amp; Manga";medium;Open Trivia DB
What year was Walt Disney born?;1901;1902;1903;1900;General Knowledge;medium;Open Trivia DB
What is the name of the race horse that Tony Soprano becomes attached to?;Pie-O-My;Man o' war;Bada Bing;Honest Earnings;Entertainment: Television;medium;Open Trivia DB
What was the name of the first permanent English settlement in America?;Jamestown;New York;St. John's;Plymouth;History;medium;Open Trivia DB
Who was the first jedi that Starkiller had to kill in Star Wars: The Force Unleashed?;Rahm Kota;Ahsoka Tano;Kazdan Paratus;Kento Marek;Entertainment: Video Games;medium;Open Trivia DB
What is the capital of Greenland?;Nuuk;Sisimiut;Narsaq;Maniitsoq;Geography;medium;Open Trivia DB
Which of these is not a real character in the cartoon series My Little Pony: Friendship is Magic?;Rose Marene;Pinkie Pie;Maud Pie;Rainbow Dash;"Entertainment: Cartoon &amp; Animations";medium;Open Trivia DB
In which African country was the 2006 film 'Blood Diamond' mostly set in?;Sierra Leone;Liberia;Burkina Faso;Central African Republic;Entertainment: Film;medium;Open Trivia DB
"In ""Star Trek"", what is the Ferengi's First Rule of Acquisition?";Once you have their money, you never give it back.;Never place friendship above profit;Greed is Eternal;Never allow family to stand in the way of opportunity;Entertainment: Television;medium;Open Trivia DB
For which civil rights activist did Stevie Wonder write the song 'Happy Birthday' in 1980?;Martin Luther King Jr;Rosa Parks;Nelson Mandella;Booker T. Washington;Entertainment: Music;medium;Open Trivia DB
What is a Tetris piece called?;Tetromino;Tetratile;Tetris;Tetripiece;Entertainment: Video Games;medium;Open Trivia DB
Killing Floor started as a mod for which Unreal Engine 2 game?;Unreal Tournament 2004;Deus Ex: Invisible War;Unreal Tournament 3;Postal;Entertainment: Video Games;medium;Open Trivia DB
"Which of these is NOT DLC for the video game called ""Tabletop Simulator""?";The Binding of Isaac: Four Souls;Three Kingdoms Redux;Superfight;Mr. Game!;Entertainment: Video Games;medium;Open Trivia DB
What fast food chain has the most locations globally?;Subway;Starbucks;McDonalds;KFC;General Knowledge;medium;Open Trivia DB
Out of these four buildings, which one is the tallest, with a height of 1,250 ft (381 m)?;Empire State Building, United States;Bank of China Tower, Hong Kong;Federation Tower, Russia;Gevora Hotal, United Arab Emirates;General Knowledge;medium;Open Trivia DB
Along with Oxygen, which element is primarily responsible for the sky appearing blue?;Nitrogen;Helium;Carbon;Hydrogen;"Science &amp; Nature";medium;Open Trivia DB
In 2008, British celebrity chef Gordon Ramsay believes he almost died after suffering what accident in Iceland while filming?;Slipping off a cliff, and nearly drowning in icy water;"Crash landing when arriving at Keflav&iacute;k airport";A minor car accident in a snowstorm;Being served under-cooked chicken at his hotel;Entertainment: Television;hard;Open Trivia DB
Where in the human body is the Pineal Gland located?;Brain;Groin;Chest;Throat;"Science &amp; Nature";hard;Open Trivia DB
Muscle fiber is constructed of bundles small long organelles called what?;Myofibrils;Epimysium;Myofiaments;Myocardium;"Science &amp; Nature";hard;Open Trivia DB
According to DeMorgan's Theorem, the Boolean expression (AB)' is equivalent to:;A' + B';A'B + B'A;A'B';AB' + AB;Science: Computers;hard;Open Trivia DB
"""Strangereal"" is a fictitious Earth-like world for which game series?";Ace Combat;Jet Set Radio;Deus Ex;Crimson Skies;Entertainment: Video Games;hard;Open Trivia DB
The eccentric natural philosopher Tycho Brahe kept what as a pet?;Moose;Dog;Bear;Goat;Celebrities;hard;Open Trivia DB
Who built the first laser?;Theodore Harold Maiman;Nikola Tesla;Jack Kilby;Edith Clarke;Science: Gadgets;hard;Open Trivia DB
Where is the city of Haarlem located?;The Netherlands;Germany;United States;Switzerland;Geography;hard;Open Trivia DB
Who is the original author of the realtime physics engine called PhysX?;NovodeX;Ageia;Nvidia;AMD;Science: Computers;hard;Open Trivia DB
"What event inspired The Cranberries song ""Zombie"" ?";The Warrington Bombings;September 11 Attacks;The Manchester Arena Bombing;The July 7th bombings;Entertainment: Music;hard;Open Trivia DB
What is the homeworld of the Elites from Halo?;Sanghelios;Te;Doisac;Eayn;Entertainment: Video Games;hard;Open Trivia DB
"In the original ""Super Mario Bros."", what is the acceleration of Mario if he was in free fall?";91.28 m/s^2;110  m/s^2;9.42  m/s^2;4.4  m/s^2;Entertainment: Video Games;hard;Open Trivia DB
Which city features all of their professional sports teams' jersey's with the same color scheme?;Pittsburgh;New York;Seattle;Tampa Bay;Sports;hard;Open Trivia DB
How many calories are in a 355 ml can of Pepsi Cola?;150;200;100;155;General Knowledge;hard;Open Trivia DB
Which Native American tribe/nation requires at least one half blood quantum (equivalent to one parent) to be eligible for membership?;Yomba Shoshone Tribe;Standing Rock Sioux Tribe;Kiowa Tribe of Oklahoma;Pawnee Nation of Oklahoma;Politics;hard;Open Trivia DB
In Hollow Knight, how many Precepts does Zote have?;Fifty-Seven;Sixty-Nine;Fourty-Three;Ninety-One;Entertainment: Video Games;hard;Open Trivia DB
"What is the name of Niccol&ograve; Machiavelli's work that argued effective leaders needed to crush their opponents at all costs?";The Prince;The Rape of Lucrece;Will to Power;Love's Labours Lost;Politics;hard;Open Trivia DB
Which of these is a stop codon in DNA?;TAA;ACT;ACA;GTA;"Science &amp; Nature";hard;Open Trivia DB
Which of these positions did the astronomer and physicist Isaac Newton not hold?;Surveyor to the City of London;Professor of Mathematics;Warden of the Royal Mint;Member of Parliament;History;hard;Open Trivia DB
"When was the ""Siege of Leningrad"" lifted during World War II?";January 1944;September 1943;November 1943;March 1944;History;hard;Open Trivia DB
Which Pokemon is #39 in the National Pokedex?;Jigglypuff;Pikachu;Psyduck;Fearow;Entertainment: Board Games;hard;Open Trivia DB
In the Fallout series, on which date did The Great War happen?;October 23rd, 2077;May 15th, 2058;December 14th, 2069;November 5th, 2076;Entertainment: Video Games;hard;Open Trivia DB
Which car did not appear in the 2002 Lego Game: Drome Racers?;Wasp;Raptor;Hornet;Behemoth;Entertainment: Video Games;hard;Open Trivia DB
In the anime, Full Metal Panic!, who is Kaname's best friend?;Kyoko Tokiwa;Melissa Mao;Ren Mikihara;"Teletha ""Tessa"" Testarossa";"Entertainment: Japanese Anime &amp; Manga";hard;Open Trivia DB
"Which author and poet famously wrote the line, ""The female of the species is more deadly than the male""?";Rudyard Kipling;Edgar Allan Poe;William Shakespeare;William Wordsworth;Entertainment: Books;hard;Open Trivia DB
Which company did the animation for Peter Gabriel's Video Sledgehammer (1986)?;Aardman Animations;HIT Entertainment;Illumination Entertainment;VIZ Media;Entertainment: Music;hard;Open Trivia DB
Which Irish village in County Mayo built a tourism industry on the back of an alleged appearance by the Virgin Mary in 1879?;Knock;Ballycastle;Swinford;Turlough;History;hard;Open Trivia DB
Which of these names are not a character of JoJo's Bizarre Adventure?;JoJo Kikasu;Jean-Pierre Polnareff;George Joestar;Risotto Nero;"Entertainment: Japanese Anime &amp; Manga";hard;Open Trivia DB
"Which M83 album is the song ""Midnight City"" featured in?";Hurry Up, We're Dreaming;Saturdays = Youth;Before the Dawn Heals Us;Junk;Entertainment: Music;hard;Open Trivia DB
In what part of Wales will you find the village Llanfairpwllgwyngyllgogerychwyrndrobwllllantysiliogogogoch?;Anglesey;Pembrokeshire;Wrexham;Bridgend;Geography;hard;Open Trivia DB
Which of these cities does NOT have a United States Minting location?;St. Louis, MO;San Fransisco, CA;Philidelphia, PA;West Point, NY;General Knowledge;hard;Open Trivia DB
In linguistics, which of the following is not one of the Gricean Maxims under the Cooperative Principal?;Length;Quality;Relation;Manner;General Knowledge;hard;Open Trivia DB
"How many rooms are there, not including the hallways and the set of stairs, in the board game ""Clue""?";9;1;6;10;Entertainment: Board Games;hard;Open Trivia DB
"In what year did the manga ""Ping Pong"" begin serialization?";1996;2014;2010;2003;"Entertainment: Japanese Anime &amp; Manga";hard;Open Trivia DB
How many sonatas did Ludwig van Beethoven write?;32;50;31;21;History;hard;Open Trivia DB
In the alternate timeline in Mortal Kombat, which character was the one to slaughter the Shirai Ryu clan?;Quan Chi;Sub-Zero;Sektor;Shang Tsung;Entertainment: Video Games;hard;Open Trivia DB
What is the molecular formula of Glucose?;C6H12O6;C2H4O2;K+;CH4;"Science &amp; Nature";hard;Open Trivia DB
What is the codename of the eighth generation Intel Core micro-architecture launched in October 2017?;Coffee Lake;Sandy Bridge;Skylake;Broadwell;Science: Computers;hard;Open Trivia DB
Which of the following is NOT a real element?;Vitrainium;Praseodymium;Hassium;Lutetium;"Science &amp; Nature";hard;Open Trivia DB
"What was the first game to utilize Valve's ""Source 2"" engine?";Dota 2;Counter-Strike: Global Offensive;Pirates, Vikings & Knights II;Artifact;Entertainment: Video Games;hard;Open Trivia DB
Which male player won the gold medal of table tennis singles in 2016 Olympics Games?;Ma Long (China);Zhang Jike (China);Jun Mizutani (Japan);Vladimir Samsonov (Belarus);Sports;hard;Open Trivia DB
Which of the following is NOT a god in Norse Mythology.;Jens;Loki;Tyr;Snotra;Mythology;hard;Open Trivia DB
What is the name of the alligator in Where's My Water?;Swampy;Cranky;Crocky;Justice;Entertainment: Video Games;hard;Open Trivia DB
Which art movement was Pablo Picasso known for co-founding?;Cubism;Futurism;Expressionism;Impressionism;Art;hard;Open Trivia DB
What did the first vending machines in the early 1880's dispense?;Post cards;Alcohol;Cigarettes;Sodas;History;hard;Open Trivia DB
Which of these plays was famously first performed posthumously after the playwright committed suicide?;4.48 Psychosis;Hamilton;Much Ado About Nothing;The Birthday Party;"Entertainment: Musicals &amp; Theatres";hard;Open Trivia DB
How old was Laurence Fishburne when Francis Ford Coppola cast him in Apocalypse Now (1979)?;14;16;18;20;Entertainment: Film;hard;Open Trivia DB
"What is the highest level that you can reach in ""The Elder Scrolls 4: Oblivion"" without considering skill levels, class, and birthsign?";50;No limit;80;100;Entertainment: Video Games;hard;Open Trivia DB
Which singer is portrayed by Bruce Campbell in the 2002 film 'Bubba Ho-Tep'?;Elvis Presley;Johnny Cash;Hank Williams, Sr.;Buddy Holly;Entertainment: Film;hard;Open Trivia DB
In Left 4 Dead, what is the character Bill's last name?;Overbeck;Fish;Roberts;Stevenson;Entertainment: Video Games;hard;Open Trivia DB
"Which of these characters in ""Undertale"" can the player NOT go on a date with?";Toriel;Papyrus;Undyne;Alphys;Entertainment: Video Games;hard;Open Trivia DB
Which Norse God has a horse named Sleipnir?;Odin;Thor;Frigg;Balder;Mythology;hard;Open Trivia DB
Burning which of these metals will produce a bright white flame?;Magnesium;Copper;Lithium;Lead;"Science &amp; Nature";hard;Open Trivia DB
"Which animation studio produced ""Log Horizon""?";Satelite;Sunrise;Xebec;Production I.G;"Entertainment: Japanese Anime &amp; Manga";hard;Open Trivia DB
"Going by the International Code of Signals, which single flag is interpreted as ""I require assistance (not distress)""?";Victor;Kilo;Papa;Delta;General Knowledge;hard;Open Trivia DB
Which of the following elements is typically used in the doping of the semiconductor silicon?;Boron;Oxygen;Carbon;Iron;"Science &amp; Nature";hard;Open Trivia DB
"In ""Battle Cats"", what is Moneko / MISS Moneko's critical percentage rate?";15%;20%;10%;25%;General Knowledge;hard;Open Trivia DB
"Who is a pioneer of ""Minimal Music"" in 1960s?";Steve Reich;Wolfgang Amadeus Mozart;Brian Eno;"Sigur R&oacute;s";Entertainment: Music;hard;Open Trivia DB
"In addition to his career as an astrologer and ""prophet"", Nostradamus published a 1555 treatise that included a section on what?";Making jams and jellies;Teaching parrots to talk;Cheating at card games;Digging graves;History;hard;Open Trivia DB
"Prior to working at Wizards of the Coast, ""Mark Rosewater"" was a writer for which show?";Roseanne;Boy Meets World;The X-Files;NYPD Blue;Entertainment: Television;hard;Open Trivia DB
At which race was the 2018 F1 Drivers Championship won?;Mexico;United States;Belgium;Abu Dhabi;Sports;hard;Open Trivia DB
"Which monster in ""Monster Hunter Tri"" was causing earthquakes in Moga Village?";Ceadeus;Alatreon;Rathalos;Lagiacrus;Entertainment: Video Games;hard;Open Trivia DB
"In 2012 the German-speaking microstate ""Liechtenstein"" in Central Europe had a population of how many inhabitants?";36,600;2,400;90,000;323,400;Geography;hard;Open Trivia DB
In which year did the Tokyo Subway Sarin Attack occur?;1995;2001;2011;1991;History;hard;Open Trivia DB
What was the first superhero film James Gunn was involved with?;The Specials;Super;Guardians of the Galaxy;Brightburn;Entertainment: Film;hard;Open Trivia DB
"In flight systems, what does the initialism ""TCAS"" stand for?";Traffic Collision Avoidance System;Traffic Communication Alert System;Traffic Configuration Alignment System;Traffic Call-sign Abbreviation System;General Knowledge;hard;Open Trivia DB
What engine is in the Lexus SC400?;1UZ-FE;2JZ-GTE;7M-GTE;5M-GE;Vehicles;hard;Open Trivia DB
Which of these NHL players have never won a Hart Trophy for Regular Season MVP?;Steve Yzerman;Chris Pronger;Jose Theodore;Henrik Sedin;Sports;hard;Open Trivia DB
"What was the UK ""Who Wants to be a Millionaire?"" cheating scandal known as?";Major Fraud;Ingram Cheater;Coughing Major;Millionaire Crime;Entertainment: Television;hard;Open Trivia DB
Which of these European cities was the first to host the modern Summer Olympic Games three times?;London;Paris;Athens;Rome;Sports;hard;Open Trivia DB
Which of these is a colony of polyps and not a jellyfish?;Portuguese Man-of-War;Sea Wasp;Irukandji;Sea Nettle;Animals;hard;Open Trivia DB
"In the superhero anime, ""One Punch Man"", what is the main protagonist's Hero name?";Caped Baldy;Strong Fist;Mad Boxer;Justice Puncher;"Entertainment: Japanese Anime &amp; Manga";hard;Open Trivia DB
"In ""Highschool of the Dead"", where did Komuro and Saeko establish to meet after the bus explosion?";Eastern Police Station;The Center Mall;Komuro's House;On The Main Bridge;"Entertainment: Japanese Anime &amp; Manga";hard;Open Trivia DB
What is the average amount of chinchillas born into a single litter?;2-3;10-15;5-8;15-18;Animals;hard;Open Trivia DB
"Who invented the ""Spanning Tree Protocol""?";Radia Perlman;Paul Vixie;Vint Cerf;Michael Roberts;Science: Computers;hard;Open Trivia DB
Which of these is Daft Punk's debut single?;The New Wave;Da Funk;Discovery;Around the World;Entertainment: Music;hard;Open Trivia DB
Which of the following United States senators is known for performing a 24-hour long filibuster?;Strom Thurmond;Roy Blunt;John Barrasso;Chuck Schumer;Politics;hard;Open Trivia DB
Chartreuse is a color between yellow and what?;Green;Red;Black;Purple;General Knowledge;hard;Open Trivia DB
When did Spanish Peninsular War start?;1808;1806;1810;1809;History;hard;Open Trivia DB
"What video game company developed the 2004 racing game ""Burnout 3: Takedown""?";Criterion Games;EA Black Box;Codemasters;Rockstar Games;Entertainment: Video Games;hard;Open Trivia DB
"In the Pok&eacute;mon series, what is Palkia's hidden ability?";Telepathy;Pressure;Water Bubble;Hydration;Entertainment: Video Games;hard;Open Trivia DB
Which of these was an official candidate in the 2017 British General Election?;Lord Buckethead;James Francis;Robert Wimbledon;Sir Crumpetsby;Politics;hard;Open Trivia DB
"Which of the following is the term for ""surgical complications resulting from surgical sponges left inside the patient's body?";Gossypiboma;Gongoozler;Jentacular;Meupareunia;"Science &amp; Nature";hard;Open Trivia DB
What was the first recorded object to ever reach space?;Bumper-WAC;American Manhole Cover;Sputnik I;Sputnik II;History;hard;Open Trivia DB
"""Silhouette"", a song performed by the group 'KANA-BOON' is featured as the sixteenth opening of which anime?";Naruto: Shippūden;One Piece;Naruto;Gurren Lagann;"Entertainment: Japanese Anime &amp; Manga";hard;Open Trivia DB
In Norse mythology, what is the name of the serpent which eats the roots of the ash tree Yggdrasil?;Nidhogg;Bragi;Odin;Ymir;Mythology;hard;Open Trivia DB
"In the fictional SCP universe what &ldquo;Object Class&rdquo; is given to SCP&rsquo;s that cannot be contained.";Apollyon;Thaumiel;Keter-Thaumiel;Esoteric/Narrative Classes;General Knowledge;hard;Open Trivia DB
In Animal Crossing: New Leaf, which of these paintings from Redd's Art Gallery is always genuine?;Warm Painting;Jolly Painting;Neutral Painting;Wistful Painting;Entertainment: Video Games;hard;Open Trivia DB
What car manufacturer gave away their patent for the seat-belt in the interest of saving lives?;Volvo;Ferrari;Ford;Renault;Vehicles;hard;Open Trivia DB
"What was the first company to use the term ""Golden Master""?";Apple;IBM;Microsoft;Google;Science: Computers;hard;Open Trivia DB
In what year did the Battle of Verdun take place?;1916;1917;1915;1918;History;hard;Open Trivia DB
What is the largest freshwater lake by volume?;Lake Baikal;Lake Superior;Lake Huron;Lake Michigan;Geography;hard;Open Trivia DB
Roughly how many ingested apple seeds would it take to receive a fatal dose of cyanide?;200;20;2,000;20,000;General Knowledge;hard;Open Trivia DB
"In the ""Pikmin"" games, which of the following pikmin colors lacks it's own ""Onion"" nest?";Purple;Winged;Blue;Rock;Entertainment: Video Games;hard;Open Trivia DB
Which game in the Dance Dance Revolution series introduced the Extra Stage?;DDR;DDR Solo 2000;DDRMAX;DDR EXTREME;Entertainment: Video Games;hard;Open Trivia DB
Which actor from The Young Ones also played Lord Flashheart in one episode of Blackadder II?;Rik Mayall;Adrian Edmondson;Nigel Planer;Christopher Ryan;Entertainment: Television;hard;Open Trivia DB
"The Swedish word ""Grunka"" means what in English?";Thing;People;Place;Pineapple;General Knowledge;hard;Open Trivia DB
De Eemhof, Port Zelande and Het Heijderbos are holiday villas owned by what company?;Center Parcs;Yelloh Village;Keycamp;Villa Plus;General Knowledge;hard;Open Trivia DB
In the game Cry of Fear, which enemy can cause the player to kill themselves if they are wielding a loaded firearm?;Drowned;Suicider;Citalopram;Psycho;Entertainment: Video Games;hard;Open Trivia DB
"Which PBS station was the first station to air ""Monty Python's Flying Circus"" (1969-1974) in the United States?";KERA (Dallas-Fort Worth);KLCS (Los Angeles);WETA (Washington D.C.);WNET (New York City);Entertainment: Television;hard;Open Trivia DB
Which of these is NOT a province in China?;Yangtze;Fujian;Sichuan;Guangdong;Geography;hard;Open Trivia DB
The assassination of which royal led to the start of World War I?;Archduke Franz Ferdinand;Louis Mountbatten;King Charles I;Nicholas II;History;hard;Open Trivia DB
Which of these does Charlie NOT read in The Perks of Being a Wallflower?;The Grapes of Wrath;Hamlet;The Great Gatsby;Peter Pan;Entertainment: Books;hard;Open Trivia DB
In the metal band Slipknot, there are 9 members, which member labelled themselves number 6?;Shawn Crahan (Clown);Sid Wilson;Cory Taylor;Mick Thomson;Entertainment: Music;hard;Open Trivia DB
What is the land connecting North America and South America?;Isthmus of Panama;Isthmus of Suez;Urals;Australasia;Geography;hard;Open Trivia DB
How many people can you recruit in the game Suikoden in a single playthrough?;107;108;93;96;Entertainment: Video Games;hard;Open Trivia DB
"In the film ""Harry Potter and the Order of The Phoenix"", why was Harry Potter's scream, after Sirius Black died, muted?";Too Agonizing;Too Loud;Too Harsh;Too Violent;Entertainment: Film;hard;Open Trivia DB
When did Lithuania declare independence from the Soviet Union?;March 11th, 1990;December 25th, 1991;December 5th, 1991;April 20th, 1989;History;hard;Open Trivia DB
Bohdan Khmelnytsky was which of the following?;Leader of the Ukrainian Cossacks;General Secretary of the Communist Party of the USSR;Prince of Wallachia;Grand Prince of Novgorod;History;hard;Open Trivia DB
Which of these is NOT a city in India?;Islamabad;Hyderabad;Ahmedabad;Ghaziabad;Geography;hard;Open Trivia DB
On which day did ARPANET suffer a 4 hour long network crash?;October 27, 1980;November 21, 1969;October 29, 1969;December 9, 1991;History;hard;Open Trivia DB
"Which card is on the cover of the Beta rulebook of ""Magic: The Gathering""?";Bog Wraith;Island;Rock Hydra;Elvish Archers;Entertainment: Board Games;hard;Open Trivia DB
What was the name of the spy ring that helped the United States win the Revolutionary War?;Culper Ring;New York Spy Ring;Washington's Spies;Unnamed;History;hard;Open Trivia DB
The AHL affiliate team of the Boston Bruins is named what?;Providence Bruins;New Haven Bruins;Cambridge Bruins;Hartford Bruins;Sports;hard;Open Trivia DB
Which English football team is nicknamed 'The Tigers'?;Hull City;Cardiff City;Bristol City;Manchester City;Sports;hard;Open Trivia DB
According to Algonquian folklore, how does one transform into a Wendigo?;Participating in cannibalism.;Excessive mutilation of animal corpses.;Performing a ritual involving murder.;Drinking the blood of many slain animals.;Mythology;hard;Open Trivia DB
What is the name of the Canadian national anthem?;O Canada;O Red Maple;Leaf-Spangled Banner;March of the Puck Drop;Geography;hard;Open Trivia DB
Who is the only US president to serve two non-consecutive terms in office?;Grover Cleveland;James K. Polk;Franklin D. Roosevelt;Thomas Jefferson;Politics;hard;Open Trivia DB
In the Super Mario Bros. Series, what is Yoshi's scientific name?;T. Yoshisaur Munchakoopas;Yoshi;T. Yoshisotop Munchakoopas;Yossy;Entertainment: Video Games;hard;Open Trivia DB
What is the name of the process that sends one qubit of information using two bits of classical information?;Quantum Teleportation;Super Dense Coding;Quantum Entanglement;Quantum Programming;Science: Computers;hard;Open Trivia DB
What year did the Chevrolet LUV mini truck make its debut?;1972;1982;1975;1973;Vehicles;hard;Open Trivia DB
Gabe Newell was born in which year?;1962;1970;1960;1972;Celebrities;hard;Open Trivia DB
"In Youtuber Jerma985's 2014 film ""Rat Movie: Mystery of the Mayan Treasure,"" who is the man who tries to steal the Mayan Treasure?";Dick Dastardly Richards;"Gabe ""The Glue Man"" Degrossi";Bootleg Duck Dynasty Byeah Batman;Demon Lord Zeraxos;Entertainment: Film;hard;Open Trivia DB
"Which species is a ""mountain chicken""?";Frog;Chicken;Horse;Fly;Animals;hard;Open Trivia DB
Who was Donald Trump's first wife?;"Ivana Zeln&iacute;čkov&aacute;";Melania Knauss;Marla Maples;Nancy Davis;Celebrities;hard;Open Trivia DB
What was the last colony the UK ceded marking the end of the British Empire?;Hong Kong;India;Australia;Ireland;History;hard;Open Trivia DB
The prefix Sino- (As in Sino-American) is used to refer to what nationality?;Chinese;Japanese;Russian;Indian;Geography;hard;Open Trivia DB
"What is the fourth digit of &pi;?";1;2;3;4;Science: Mathematics;hard;Open Trivia DB
In the first episode of Yu-Gi-Oh: Duel Monsters, what book is Seto Kaiba seen reading at Domino High School?;Thus Spoke Zarathustra;Beyond Good and Evil;The Republic;Meditations;"Entertainment: Japanese Anime &amp; Manga";hard;Open Trivia DB
How much horsepower is produced by the SD40-2 Locomotive?;3,000;3,200;2,578;2,190;Vehicles;hard;Open Trivia DB
Which one of these Swedish companies was founded in 1943?;IKEA;H & M;Lindex;Clas Ohlson;General Knowledge;hard;Open Trivia DB
Which day did World War I begin?;July 28;January 28;June 28;April 28;History;hard;Open Trivia DB
What is the capital of Wisconsin, USA?;Madison;Milwaukee;Wisconsin Dells;Green Bay;Geography;hard;Open Trivia DB
How long did it take the motorized window washers of the original World Trade Center to clean the entire exterior of the building?;1 Month;3 Weeks;1 Week;2 Months;General Knowledge;hard;Open Trivia DB
Which female player won the gold medal of table tennis singles in 2016 Olympics Games?;DING Ning (China);LI Xiaoxia (China);Ai FUKUHARA (Japan);Song KIM (North Korea);Sports;hard;Open Trivia DB
Which King of England was faced with the Peasants' Revolt in 1381?;Richard II;Edward III;Edward II;Henry IV;History;hard;Open Trivia DB
What was the last Aphex Twin album released before his decade-long hiatus?;Drukqs;Windowlicker;Syro;Collected Ambient Works 85-92;Entertainment: Music;hard;Open Trivia DB
"What is the first track on the Dave Matthews Band album ""Before These Crowded Streets""?";Pantala Naga Pampa;Stay (Wasting Time);Rapunzel;Don't Drink The Water;Entertainment: Music;hard;Open Trivia DB
In the game Enter the Gungeon, which one of these is not a playable character?;The Wizard;The Bullet;The Robot;The Cultist;Entertainment: Video Games;hard;Open Trivia DB
What is the tallest mountain in Canada?;Mount Logan;Mont Tremblant;Whistler Mountain;Blue Mountain;Geography;hard;Open Trivia DB
What is the name of the Boeing B-29 that dropped the 'Little Boy' atomic bomb on Hiroshima?;Enola Gay;Necessary Evil;The Great Artiste;Full House;History;hard;Open Trivia DB
Which fictional English county was the setting for Thomas Hardy's novels?;Wessex;Barsetshire;Fulchester;Ambridge;Entertainment: Books;hard;Open Trivia DB
"Who played ""Charlie Price"" in the musical ""Kinky Boots"" on Broadway in New York from May 26th - Aug 6th 2017?";Brendon Urie;Ed Sheeren;Tom Cruise;Dallon Weekes;"Entertainment: Musicals &amp; Theatres";hard;Open Trivia DB
"What is the scientific name for the extinct hominin known as ""Lucy""?";Australopithecus Afarensis;Australopithecus Africanus;Australopithecus Architeuthis;Australopithecus Antaris;"Science &amp; Nature";hard;Open Trivia DB
What is the smallest number that can be expressed as the sum of two positive cubes in two different ways?;1729;91;561;4104;Science: Mathematics;hard;Open Trivia DB
When was Adolf Hitler appointed as Chancellor of Germany?;January 30, 1933;September 1, 1939;February 27, 1933;October 6, 1939;History;hard;Open Trivia DB
Pamina and Papageno are characters in what Mozart opera?;The Magic Flute;The Marriage of Figaro;The Impresario;The Goose of Cairo;Entertainment: Music;hard;Open Trivia DB
"Who wrote the song ""You Know You Like It""?";AlunaGeorge;DJ Snake;Steve Aoki;Major Lazer;Entertainment: Music;hard;Open Trivia DB
What was the progressive rock band Rush's first single?;Not Fade Away;Tom Sawyer;Working Man;Owner of a Lonely Heart;Entertainment: Music;hard;Open Trivia DB
Which of the following is used to measure blood pressure?;Sphygmomanometer;Barometer;Ruler;Haemoerythrometer;Science: Gadgets;hard;Open Trivia DB
How much radiation does a banana emit?;0.1 Microsievert;0.3 Microsievert;0.5 Microsievert;0.7 Microsievert;"Science &amp; Nature";hard;Open Trivia DB
Which kind of algorithm is Ron Rivest not famous for creating?;Secret sharing scheme;Hashing algorithm;Asymmetric encryption;Stream cipher;Science: Computers;hard;Open Trivia DB
Which moon is the only satellite in our solar system to possess a dense atmosphere?;Titan;Europa;Miranda;Callisto;"Science &amp; Nature";hard;Open Trivia DB
"Llanfair&shy;pwllgwyngyll&shy;gogery&shy;chwyrn&shy;drobwll&shy;llan&shy;tysilio&shy;gogo&shy;goch is located on which Welsh island?";Anglesey;Barry;Bardsey;Caldey;Geography;hard;Open Trivia DB
In Magic: The Gathering, which of the following was the first publicly released foil card?;Lightning Dragon;Revenant;Beast of Burden;Dirtcowl Wurm;Entertainment: Board Games;hard;Open Trivia DB
In season one of the US Kitchen Nightmares, Gordan Ramsay tried to save 10 different restaurants. How many ended up closing afterwards?;9;6;3;0;Entertainment: Television;hard;Open Trivia DB
What was the world's first handheld game device?;Mattel Auto Race;Game Boy;Microvision;Game & Watch;Entertainment: Video Games;hard;Open Trivia DB
"In the book ""The Martian"", how long was Mark Watney trapped on Mars (in Sols)?";549 Days;765 Days;401 Days;324 Days;Entertainment: Books;hard;Open Trivia DB
"What does the Latin phrase ""Veni, vidi, vici"" translate into English?";I came, I saw, I conquered;See no evil, hear no evil, speak no evil;Life, liberty, and happiness;Past, present, and future;General Knowledge;hard;Open Trivia DB
Who scored the injury time winning goal in the 1999 UEFA Champions League final between Manchester United and Bayern Munich?;"Ole Gunnar Solskj&aelig;r";Dwight Yorke;Andy Cole;David Beckham;Sports;hard;Open Trivia DB
In the Beatrix Potter books, what type of animal is Tommy Brock?;Badger;Fox;Frog;Rabbit;Entertainment: Books;hard;Open Trivia DB
What programming language does the Source Engine use?;C++;Python;Java;Lua;Entertainment: Video Games;hard;Open Trivia DB
What is the name of the main island in PLAYERUNKNOWN'S BATTLEGROUNDS?;Erangel;Marmara;Severny;Lastovo;Entertainment: Video Games;hard;Open Trivia DB
In Rainbow 6 Siege, what is Mozzie's real name?;Max Goose;Mick Seagull;Hugo Sparrow;Dan Bird;Entertainment: Video Games;hard;Open Trivia DB
"The notion of a ""set that contains all sets which do not contain themselves"" is a paradoxical idea attributed to which English philosopher?";Bertrand Russel;Francis Bacon;John Locke;Alfred North Whitehead;Science: Mathematics;hard;Open Trivia DB
Which country were potatoes originally grown?;Peru;United States;Ireland;New Zealand;History;hard;Open Trivia DB
Which of the music artists did NOT perform in the Live Aid concert in Wembley Stadium, London in 1985?;The Rolling Stones;Queen;Elton John;David Bowie;Entertainment: Music;hard;Open Trivia DB
CMOS is tech used for constructing integrated circuits. What does CMOS stand for?;"Complementary metal&ndash;oxide&ndash;semiconductor";Complementary magnetic-ohms-semiconductor;Computer-made operating system;Computer-made oscillating static;Science: Computers;hard;Open Trivia DB
Who founded the Khan Academy?;Sal Khan;Ben Khan;Kitt Khan;Adel Khan;General Knowledge;hard;Open Trivia DB
In the video game Undertale, what Fun Value is required to obtain the Fake Hallway?;66;91;45;39;Entertainment: Video Games;hard;Open Trivia DB
Located in Chile, El Teniente is the world's largest underground mine for what metal?;Copper;Iron;Nickel;Silver;General Knowledge;hard;Open Trivia DB
How many copies of the notorious E.T. game for the Atari 2600 did Atari end up selling?;1.5 Million;1 Million;250 Thousand;Less than 250 Thousand;Entertainment: Video Games;hard;Open Trivia DB
"What town was ""Springfield"" from ""The Simpsons"" originally named after?";Springfield, Oregon;Springfield, Missouri;Springfield, Illinois;Springfield, Massachusetts;"Entertainment: Cartoon &amp; Animations";hard;Open Trivia DB
Where was the Games of the XXII Olympiad held?;Moscow;Barcelona;Tokyo;Los Angeles;Sports;hard;Open Trivia DB
Which English king was married to Eleanor of Aquitaine?;Henry II;Richard I;Henry I;Henry V;History;hard;Open Trivia DB
In 2014, over 6 million General Motors vehicles were recalled due to what critical flaw?;Faulty ignition switch;Malfunctioning gas pedal;Breaking fuel lines;Faulty brake pads;Vehicles;hard;Open Trivia DB
What is the Gray Wolf's scientific name?;Canis Lupus;Canis Aureus;Canis Latrans;Canis Lupus Lycaon;Animals;hard;Open Trivia DB
What is the standard SI unit for luminous intensity?;Candela;Lumen;Faraday;Coulomb;"Science &amp; Nature";hard;Open Trivia DB
In the Overlord Anime who was Cocytus made by?;Warrior Takemikazuchi;Peroroncino;Ulbert Alain Odle;Bukubukuchagama;"Entertainment: Japanese Anime &amp; Manga";hard;Open Trivia DB
The Battle of Hastings was fought in which year?;1066;911;1204;1420;History;hard;Open Trivia DB
In World of Warcraft lore, who organized the creation of the Paladins?;Alonsus Faol;Uther the Lightbringer;Alexandros Mograine;Sargeras, The Daemon Lord;Entertainment: Video Games;hard;Open Trivia DB
"In the Panic! At the Disco's song ""Nothern Downpour"", which lyric follows 'I know the world's a broken bone'.";"""So melt your headaches call it home""";"""So sing your song until you're home""";"""So let them know they're on their own""";"""So start a fire in their cold stone""";Entertainment: Music;hard;Open Trivia DB
"In the video game ""Metal Gear Solid"", what did Revolver Ocelot consider the greatest handgun ever made?";Colt Single Action Army;Colt Python;Colt M1892;Colt 1851 Navy Revolver;Entertainment: Video Games;hard;Open Trivia DB
What was the code name for the Allied invasion of Southern France on August 15th, 1944?;Operation Dragoon;Operation Overlord;Operation Market Garden;Operation Torch;History;hard;Open Trivia DB
What was the third country to have a McDonald's restaurant?;Costa Rica;Japan;France;Australia;General Knowledge;hard;Open Trivia DB
What was the original name of Ho Chi Minh City?;Saigon;Hanoi;Dar Es Salaam;Angkor Wat;Geography;hard;Open Trivia DB
Billy Herrington is from which US state?;New York;Arizona;California;Georgia;Celebrities;hard;Open Trivia DB
Xanthophobia is the fear of what color?;Yellow;Blue;Red;Green;General Knowledge;hard;Open Trivia DB
Chronic Wasting Disease (CWD) exclusively infects members of which family of animals?;Cervids;Hominids;Felids;Canids;Animals;hard;Open Trivia DB
Which of these animals belongs in class Chondrichthyes?;Great white shark;Octopus;Killer whale;Catfish;"Science &amp; Nature";hard;Open Trivia DB
The Bohemian Revolt (1618-1620) started after Protestants in Prague did what to their Catholic Lords Regents?;Threw them out of a window;Insulted their mothers;Locked them in stockades;Hung them.;History;hard;Open Trivia DB
In the Batman comics, by what other name is the villain Dr. Jonathan Crane known?;Scarecrow;Bane;Calendar Man;Clayface;Entertainment: Comics;hard;Open Trivia DB
Who is a minor god that is protector and creator of various arts, such as cheese making and bee keeping.;Aristaeus;Autonoe;Carme;Cephisso;Mythology;hard;Open Trivia DB
"Bj&ouml;rk's ""Unison"" contains a sample of which Oval song?";Aero Deck;Textuell;Panorama;Do While;Entertainment: Music;hard;Open Trivia DB
"In ""Call Of Duty: Zombies"", ""Richtofen"" is in possession of two filled blood vials belonging to who?";Sal DeLuca and Finn O'Leary;Richtofen;Al Arlington and Sal DeLuca;Jessica Rose and Jack Vincent;Entertainment: Video Games;hard;Open Trivia DB
In Xenoblade Chronicles X, which class has a sniper rifle as it's primary weapon?;Partisan Eagle;Blast Fencer;Winged Viper;Bastion Warrior;Entertainment: Video Games;hard;Open Trivia DB
Santorini is an island belonging to what European Country?;Greece;Italy;Spain;Turkey;Geography;hard;Open Trivia DB
What animal is on Link's pajamas in The Legend of Zelda: The Wind Waker?;Crawfish;Lobster;Salmon;Swordfish;Entertainment: Video Games;hard;Open Trivia DB
Better known by his nickname Logan, what is Wolverine's birth name?;James Howlett;Logan Wolf;Thomas Wilde;John Savage;Entertainment: Comics;hard;Open Trivia DB
"In ""Hunter x Hunter"", what are members in Killua's family known for being?";Assassins;Bandits;Hunters;Ninjas;"Entertainment: Japanese Anime &amp; Manga";hard;Open Trivia DB
"In the game ""Super Hang-On"" which is the top speed WITH the use of turbo?";324 km/h;320 km/h;280 km/h;286 km/h;Entertainment: Video Games;hard;Open Trivia DB
Starting from 2000, China banned manufacturing and sales of all video game consoles. On which year was this ban lifted?;2015;2012;2008;2017;Politics;hard;Open Trivia DB
Painter Piet Mondrian (1872 - 1944) was a part of what movement?;Neoplasticism;Precisionism;Cubism;Impressionism;Art;hard;Open Trivia DB
"Townsend Coleman provided the voice for which turtle in the original 1987 series of ""Teenage Mutant Ninja Turtles""?";Michelangelo;Leonardo;Donatello;Raphael;"Entertainment: Cartoon &amp; Animations";hard;Open Trivia DB
Which of these in the Star Trek series is NOT Klingon food?;Hors d'oeuvre;Racht;Gagh;Bloodwine;Entertainment: Television;hard;Open Trivia DB
Which of these Generation 1 Pokemon did NOT have an evolution in Generation 4?;Jynx;Electabuzz;Magmar;Rhydon;Entertainment: Video Games;hard;Open Trivia DB
Which of these is not an additional variation of the color purple?;Kobicha;Byzantium;Pomp and Power;Palatinate;Art;hard;Open Trivia DB
Toussaint Louverture led a successful slave revolt in which country?;Haiti;France;Cuba;United States;History;hard;Open Trivia DB
How many types of quarks are there in the standard model of physics?;6;2;3;4;"Science &amp; Nature";hard;Open Trivia DB
What micro-state is considered to have the oldest constitution still in effect?;San Marino;Andorra;Monaco;Saint Kitts and Nevis;History;hard;Open Trivia DB
"In what year does Jurassic World open in the ""Jurassic Park"" universe?";2005;2007;2015;2020;Entertainment: Film;hard;Open Trivia DB
What's Dr. Doofenshmirtz first name?;Heinz;Hans;Hank;Heidi;Entertainment: Television;hard;Open Trivia DB
"What vault in the video game ""Fallout 3"" is the home of multiple clones named Gary?";Vault 108;Vault 101;Vault 87;Vault 21;Entertainment: Video Games;hard;Open Trivia DB
"""Yes, America Can!"" was this United States politician's de facto campaign slogan in 2004.";George W. Bush;John Kerry;Barack Obama;Al Gore;Politics;hard;Open Trivia DB
Which of these Russian cities did NOT contain a stadium that was used in the 2018 FIFA World Cup?;Vladivostok;Rostov-on-Don;Yekaterinburg;Kaliningrad;Sports;hard;Open Trivia DB
Who was the last emperor of Mexico?;Ferdinand Maximilian;"Andr&eacute;s Manuel L&oacute;pez Obrador";Napoleon III;"Agust&iacute;n de Iturbide";History;hard;Open Trivia DB
"In ""Star Trek"", what is the Klingon delicacy of ""gagh"" made from?";Serpent worms;Earthworms;Spaghetti noodles;Klingworms;Entertainment: Television;hard;Open Trivia DB
"What is the romanized Arabic word for ""moon""?";Qamar;Najma;Kawkab;Shams;General Knowledge;hard;Open Trivia DB
"In what year did the first ""The Walking Dead"" comic come out?";2003;2001;2006;1999;Entertainment: Comics;hard;Open Trivia DB
Which boxer was famous for striking the gong in the introduction to J. Arthur Rank films?;Bombardier Billy Wells;Freddie Mills;Terry Spinks;Don Cockell;Entertainment: Film;hard;Open Trivia DB
How many known living species of hyenas are there?;4;8;2;6;Animals;hard;Open Trivia DB
Which river was dammed to create Gatun Lake and the Panama Canal?;Chagres River;Tuira River;Chucunaque River;Chepo River;Geography;hard;Open Trivia DB
"In ""Super Mario Sunshine"", how do you unlock the ""Corona Mountain"" level?";By clearing every 7th episode;By obtaining 70 Shines;"By clearing every episode involving a ""Secret""";By unlocking every nozzle F.L.U.D.D can use;Entertainment: Video Games;hard;Open Trivia DB
Which of the following is NOT a word used to describe an earthquake?;Drop-slide;Foreshock;Strike-slip;Temblor;"Science &amp; Nature";hard;Open Trivia DB
What was Maggie Simpson's first canonical word, not including the Tracey Ullman shorts?;Daddy.;Sequel?;Ja!;Rusty!;"Entertainment: Cartoon &amp; Animations";hard;Open Trivia DB
In the book & video game Metro 2033, which Moscow Metro station is the main character Artyom's home station?;VDNKh;Prospekt Mira;Kitay-Gorod;Botanichesky Sad;Entertainment: Video Games;hard;Open Trivia DB
What was the punishment for Sysiphus's craftiness?;Cursed to roll a boulder up a hill for eternity.;Tied to a boulder for eternity, being pecked by birds.;Standing in a lake filled with water he could not drink.;To fell a tree that regenerated after every axe swing.;Mythology;hard;Open Trivia DB
"Medaka Kurokami from ""Medaka Box"" has what abnormality?";The End;Perfection;Sandbox;Fairness;"Entertainment: Japanese Anime &amp; Manga";hard;Open Trivia DB
Who is the Egyptian god of reproduction and lettuce?;Min;Menu;Mut;Meret;Mythology;hard;Open Trivia DB
"In the ""Jurassic Park"" universe, what was the first dinosaur cloned by InGen in 1986?";Velociraptor;Triceratops;Troodon;Brachiosaurus;Entertainment: Film;hard;Open Trivia DB
In the Seven Wonders of the World, which wonder is the only that has survived to this day?;Great Pyramid of Giza;Colossus of Rhodes;Lighthouse of Alexandria;Statue of Zeus at Olympia;History;hard;Open Trivia DB
Which of the following Inuit languages was the FIRST to use a unique writing system not based on the Latin alphabet?;Inuktitut;Inuinnaqtun;Greenlandic;Inupiat;Geography;hard;Open Trivia DB
"Which game in the ""Monster Hunter"" series introduced the monster ""Gobul""?";Monster Hunter Tri;Monster Hunter Freedom Unite;Monster Hunter Frontier;Monster Hunter Generations;Entertainment: Video Games;hard;Open Trivia DB
The Second Boer War in 1899 was fought where?;South Africa;Argentina;Nepal;Bulgaria;History;hard;Open Trivia DB
"What is the name of the assassin in the first ""Hellboy"" movie?";Karl Ruprecht Kroenen;Klaus Werner von Krupt;Grigori Efimovich Rasputin;Ilsa Haupstein;Entertainment: Film;hard;Open Trivia DB
Originally another word for poppy, coquelicot is a shade of what?;Red;Green;Blue;Pink;General Knowledge;hard;Open Trivia DB
When was Steam first released?;2003;2004;2011;2007;Entertainment: Video Games;hard;Open Trivia DB
What did the first moving picture depict?;A galloping horse;A woman in a dress;A man walking;A crackling fire;Entertainment: Film;hard;Open Trivia DB
Which of these is NOT a real tectonic plate?;Atlantic Plate;North American Plate;Eurasian Plate;Nazca Plate;Geography;hard;Open Trivia DB
What was the name of Jonny's pet dog in The Adventures of Jonny Quest?;Bandit;Lucky;Rocky;Max;"Entertainment: Cartoon &amp; Animations";hard;Open Trivia DB
When was the Valve Corporation founded?;August 24, 1996;December 26, 1994;March 22, 1997;March 13, 1997;Entertainment: Video Games;hard;Open Trivia DB
When does Finland celebrate their independence day?;December 6th;January 2nd;November 12th;February 8th;Geography;hard;Open Trivia DB
Who is One Punch Man voiced by in the Japanese version.;Makoto Furukawa;Zach Aguilar;Kaito Ishikawa;Max Mittelman;"Entertainment: Japanese Anime &amp; Manga";hard;Open Trivia DB
What is the most populous Muslim-majority nation in 2010?;Indonesia;Saudi Arabia;Iran;Sudan;Geography;hard;Open Trivia DB
"Which one of these is scientific term for ""Brain Freeze""?";Sphenopalatine Ganglioneuralgia;Hyacinthoides Italica;Amaranthus Retroflexus;Amblyomma Americanum;"Science &amp; Nature";hard;Open Trivia DB
What is the name of one of the Neo-Aramaic languages spoken by the Jewish population from Northwestern Iraq?;Lishana Deni;"Hulaul&aacute;";Lishan Didan;Chaldean Neo-Aramaic;Geography;hard;Open Trivia DB
Which of these anatomical terms refers to the tail end of the creature?;Caudal;Ventral;Proximal;Coronal;General Knowledge;hard;Open Trivia DB
"In the ""Harry Potter"" series, what is Headmaster Dumbledore's full name?";Albus Percival Wulfric Brian Dumbledore;Albus Valum Jetta Mobius Dumbledore;Albus James Lunae Otto Dumbledore;Albus Valencium Horatio Kul Dumbledore;Entertainment: Books;hard;Open Trivia DB
What is the scientific name of the cheetah?;Acinonyx jubatus;Panthera onca;Lynx rufus;Felis catus;Animals;hard;Open Trivia DB
"In ""The Witness"", how many lasers must be activated to get into the mountain area?";7;8;5;12;Entertainment: Video Games;hard;Open Trivia DB
"In ""Rick and Morty"", from which dimension do Rick and Morty originate from?";C-137;J1977;C-136;C500-a;"Entertainment: Cartoon &amp; Animations";hard;Open Trivia DB
"According to the lore of ""Starbound"", what does the ""Colony Deed"" do when it is placed down?";Sends out an advertisement for someone to move in.;Teleports somebody from somewhere on the planet it is placed.;Teleports a random person to the location.;Materializes a new being at it's location.;Entertainment: Video Games;hard;Open Trivia DB
"If someone said ""you are olid"", what would they mean?";You smell extremely unpleasant.;You are out of shape/weak.;Your appearance is repulsive.;You are incomprehensible/an idiot.;General Knowledge;hard;Open Trivia DB
The creation of the  Entertainment Software Ratings Board (ESRB) is often associated with Mortal Kombat and what FMV video game?;Night Trap;Sewer Shark;The Daedalus Encounter;Corpse Killer;Entertainment: Video Games;hard;Open Trivia DB
To which biological phylum do all mammals, birds and reptiles belong?;Chordata;Echinodermata;Annelida;Placazoa;Animals;hard;Open Trivia DB
Who was the first man to travel into outer space?;Yuri Gagarin;"Virgil Ivan ""Gus"" Grissom";Neil Armstrong;Buzz Aldrin;History;hard;Open Trivia DB
Which of these was the name of a bug found in April 2014 in the publicly available OpenSSL cryptography library?;Heartbleed;Shellshock;Corrupted Blood;Shellscript;Science: Computers;hard;Open Trivia DB
Disney's Haunted Mansion is home to a trio of Hitchhiking Ghosts. Which of these is NOT one of them?;Harry;Gus;Phineas;Ezra;General Knowledge;hard;Open Trivia DB
How many voice channels does the Super Nintendo Entertainment System support?;8;6;10;12;Entertainment: Video Games;hard;Open Trivia DB
"The board game ""Ra"" was designed by which designer?";Reiner Knizia;Bruno Cathala;Uwe Rosenburg;Allison Kline;Entertainment: Board Games;hard;Open Trivia DB
Sciophobia is the fear of what?;Shadows;Eating;Bright lights;Transportation;General Knowledge;hard;Open Trivia DB
What is the British term for a 64th note?;Hemidemisemiquaver;Semihemidemisemiquaver;Semiquaver;Demisemiquaver;Entertainment: Music;hard;Open Trivia DB
In Magic: The Gathering, what was a tribute card to Jamie Wakefield's late wife Marilyn, who loved horses?;Timbermare;Loyal Pegasus;Vryn Wingmare;Sungrace Pegasus;Entertainment: Board Games;hard;Open Trivia DB
Which of these is not a layer in the OSI model for data communications?;Connection Layer;Application Layer;Transport Layer;Physical Layer;Science: Computers;hard;Open Trivia DB
In the Magic: The Gathering universe, the Fallen Empires expansion takes place on which continent?;Sarpadia;Otaria;Terisiare;Shiv;Entertainment: Books;hard;Open Trivia DB
The film Mad Max: Fury Road features the Dies Irae  from which composer's requiem?;Verdi;Mozart;Berlioz;Brahms;Entertainment: Film;hard;Open Trivia DB
What year was the Mona Lisa finished?;1504;1487;1523;1511;Art;hard;Open Trivia DB
What is the only Millennium Prize Problem that has been solved so far?;"Poincar&eacute; conjecture";P vs. NP problem;Riemann Hypothesis;Fermat's conjecture;Science: Mathematics;hard;Open Trivia DB
Which countries participated in the Lobster War?;France and Brazil;Canada and Norway;Australia and New Zealand;United States and England;History;hard;Open Trivia DB
Who is the creator of the soft drink, Dr. Pepper?;Charles Alderton;James Wellington;Johnson Hinsin;Boris Heviltik;History;hard;Open Trivia DB
Who was the Author of the manga Uzumaki?;Junji Ito;Noboru Takahashi;Akira Toriyama;Masashi Kishimoto;"Entertainment: Japanese Anime &amp; Manga";hard;Open Trivia DB
"What military rank is the protagonist ""Nomad"" in ""Crysis""?";First Lieutenant;Captain;First Sargent;Staff Sargent;Entertainment: Video Games;hard;Open Trivia DB
In the Magic: The Gathering universe, which plane does the Homelands expansion take place in?;Ulgrotha;Bant;Llanowar;Tazeem;Entertainment: Books;hard;Open Trivia DB
"Where is the fast food chain ""Panda Express"" headquartered?";Rosemead, California;Sacramento, California;Fresno, California;San Diego, California;Geography;hard;Open Trivia DB
"In the webcomic ""Ava's Demon"", what sin is ""Nevy Nervine"" based off of?";Envy;Sloth;Wrath;Lust;Entertainment: Comics;hard;Open Trivia DB
Which nation joined NATO as its 29th member in 2017?;Montenegro;Estonia;Andorra;Iceland;Politics;hard;Open Trivia DB
Which British band won the first edition of the Brit Awards in 1977?;The Beatles;Pink Floyd;The Rolling Stones;The Who;Entertainment: Music;hard;Open Trivia DB
What nucleotide pairs with guanine?;Cytosine;Thymine;Adenine;Uracil;"Science &amp; Nature";hard;Open Trivia DB
What Touhou Project character's first ever appearance was as a midboss in the eighth game, Imperishable Night?;Tewi Inaba;Mystia Lorelei;Kaguya Houraisan;Rumia;Entertainment: Video Games;hard;Open Trivia DB
"In the Zombies mode of ""Call of Duty: Black Ops"", what is the ""Pack-A-Punched"" version of the ""Galil"" called?";Lamentation;Galvanized Atomic Lead Insertion Liquidator;Gabig;Predictive Death Wish;Entertainment: Video Games;hard;Open Trivia DB
Which of these African countries displays a gun on their flag?;Mozambique;Uganda;Ethiopia;Nigeria;Geography;hard;Open Trivia DB
What is the second-largest city in Lithuania?;Kaunas;Panevėžys;Vilnius;Klaipėda;Geography;hard;Open Trivia DB
In what Homestuck Update was [S] Game Over released?;October 25th, 2014;April 13th, 2009;April 8th, 2012;August 28th, 2003;Entertainment: Comics;hard;Open Trivia DB
Which game was exclusive to Dreamcast?;Pen Pen TriIcelon;Sylvester & Tweety in Cagey Capers;Perfect Dark;Tetrisphere;Entertainment: Video Games;hard;Open Trivia DB
How many voice channels does the Nintendo Entertainment System support natively?;5;4;6;3;Entertainment: Video Games;hard;Open Trivia DB
In the Marvel Universe, the planet of Svartalfheim is home to what race?;Dark Elves;Frost Giants;Kronans;Skrulls;Entertainment: Comics;hard;Open Trivia DB
Which of these did mathematician Leonhard Euler NOT develop?;An improvement to the Fast Fourier Transform;A method of solving first-order differential equations;An identity linking the numbers e, pi and i;A formula linking vertices, edges and faces on a graph;Science: Mathematics;hard;Open Trivia DB
"In the 1968 Cartoon Show ""Wacky Races"" what was the name of cavemen duo who rode in The Boulder Mobile?";The Slag Brothers;The Slate Brothers;The Rock Brothers;The Stone Brothers;"Entertainment: Cartoon &amp; Animations";hard;Open Trivia DB
"In the 1969 Cartoon show ""Dastardly and Muttley in Their Flying Machines"", which were NOT one of the lyrics in the opening theme?";Stab him;Nab him;Jab him;Tab him;"Entertainment: Cartoon &amp; Animations";hard;Open Trivia DB
Which of the following  British Monarchs never appeared on a circulated pound sterling coin?;Edward VIII;Victoria;George VI;Charles II;General Knowledge;hard;Open Trivia DB
In the Nintendo Game Splatoon 2, what is Marina's screen name?;DJ_Hyperfresh;MC.princess;Kidnotsquid123;I<30ffTh3H00k;Entertainment: Video Games;hard;Open Trivia DB
Which is not a type of neuron?;Perceptual Neuron;Sensory Neuron;Motor Neuron;Interneuron;"Science &amp; Nature";hard;Open Trivia DB
What is the plane curve proposed by Descartes to challenge Fermat's extremum-finding techniques called?;Folium of Descartes;Elliptic Paraboloid of Descartes;Cartesian Coordinates;Descarte's Helicoid;Science: Mathematics;hard;Open Trivia DB
Which Manchester nightclub was considered central to the 'Madchester' music scene in the late 80's?;"The Ha&ccedil;ienda";The Warehouse Project;LIV;The Liar's Club;Entertainment: Music;hard;Open Trivia DB
Who did Hippomenes defeat in a footrace?;Atalanta;Peleus;Theseus;Jason;Mythology;hard;Open Trivia DB
How many Millibars (mbar) to 1 Inch of Mercury (inHg);33.9;30.0;27.4;10.6;Science: Mathematics;hard;Open Trivia DB
Which horizon in a soil profile consists of bedrock?;R;O;B;D;"Science &amp; Nature";hard;Open Trivia DB
When was Pokemon GO released in North America?;July 6th, 2016;June 5th, 2016;May 24th, 2016;January 2nd, 2017;Entertainment: Video Games;hard;Open Trivia DB
Released in 2001, the first edition of Apple's Mac OS X operating system (version 10.0) was given what animal code name?;Cheetah;Puma;Tiger;Leopard;Science: Computers;hard;Open Trivia DB
Which school in Surrey, England did Steve Backshall attend?;Collingwood College;Tomlinscote School;Kings International College;Lyndhurst School;Celebrities;hard;Open Trivia DB
