name;content;description;steps;mood;location;duration;image_key;preparation_seconds;repeat_mode;execution_plan
Dessine ta main avec peu de détails;Avec ton doigt, réalise une version simple de ce dessin.;Avec ton doigt, réalise une version simple de ce dessin.;;À plat;Maison;5;drawing;;;{}
Dessine ta chambre d'enfance avec peu de détails;Avec ton doigt, ajoute quelques détails pour enrichir le dessin.;Avec ton doigt, ajoute quelques détails pour enrichir le dessin.;;Mitigé;Maison;5;drawing;;;{}
Dessine une maison volante avec peu de détails;Avec ton doigt, prends le temps de créer une version riche et détaillée.;Avec ton doigt, prends le temps de créer une version riche et détaillée.;;En forme;Maison;5;drawing;;;{}
Dessine le calme avec peu de détails;Avec ton doigt, réalise une version simple de ce dessin.;Avec ton doigt, réalise une version simple de ce dessin.;;À plat;Extérieur;5;drawing;;;{}
Dessine un soleil en 10 traits avec peu de détails;Avec ton doigt, ajoute quelques détails pour enrichir le dessin.;Avec ton doigt, ajoute quelques détails pour enrichir le dessin.;;Mitigé;Extérieur;5;drawing;;;{}
Transforme une pomme en personnage avec peu de détails;Avec ton doigt, prends le temps de créer une version riche et détaillée.;Avec ton doigt, prends le temps de créer une version riche et détaillée.;;En forme;Extérieur;5;drawing;;;{}
Pars d'un cercle avec peu de détails;Avec ton doigt, réalise une version simple de ce dessin.;Avec ton doigt, réalise une version simple de ce dessin.;;À plat;N'importe où;5;drawing;;;{}
Dessine un explorateur avec des formes simples;Avec ton doigt, ajoute quelques détails pour enrichir le dessin.;Avec ton doigt, ajoute quelques détails pour enrichir le dessin.;;Mitigé;N'importe où;5;drawing;;;{}
Dessine un poisson extraterrestre avec des formes simples;Avec ton doigt, prends le temps de créer une version riche et détaillée.;Avec ton doigt, prends le temps de créer une version riche et détaillée.;;En forme;N'importe où;5;drawing;;;{}
Dessine une histoire en 3 cases avec des formes simples;Avec ton doigt, réalise une version simple de ce dessin.;Avec ton doigt, réalise une version simple de ce dessin.;;À plat;Maison;15;drawing;;;{}
Dessine une chaussure avec des formes simples;Avec ton doigt, ajoute quelques détails pour enrichir le dessin.;Avec ton doigt, ajoute quelques détails pour enrichir le dessin.;;Mitigé;Maison;15;drawing;;;{}
Dessine ton premier vélo avec des formes simples;Avec ton doigt, prends le temps de créer une version riche et détaillée.;Avec ton doigt, prends le temps de créer une version riche et détaillée.;;En forme;Maison;15;drawing;;;{}
Dessine un restaurant sous-marin avec des formes simples;Avec ton doigt, réalise une version simple de ce dessin.;Avec ton doigt, réalise une version simple de ce dessin.;;À plat;Extérieur;15;drawing;;;{}
Dessine la joie avec des formes simples;Avec ton doigt, ajoute quelques détails pour enrichir le dessin.;Avec ton doigt, ajoute quelques détails pour enrichir le dessin.;;Mitigé;Extérieur;15;drawing;;;{}
Dessine un poisson sans lever le doigt en version cartoon;Avec ton doigt, prends le temps de créer une version riche et détaillée.;Avec ton doigt, prends le temps de créer une version riche et détaillée.;;En forme;Extérieur;15;drawing;;;{}
Transforme une chaise en véhicule en version cartoon;Avec ton doigt, réalise une version simple de ce dessin.;Avec ton doigt, réalise une version simple de ce dessin.;;À plat;N'importe où;15;drawing;;;{}
Pars d'un carré en version cartoon;Avec ton doigt, ajoute quelques détails pour enrichir le dessin.;Avec ton doigt, ajoute quelques détails pour enrichir le dessin.;;Mitigé;N'importe où;15;drawing;;;{}
Dessine un boulanger en version cartoon;Avec ton doigt, prends le temps de créer une version riche et détaillée.;Avec ton doigt, prends le temps de créer une version riche et détaillée.;;En forme;N'importe où;15;drawing;;;{}
Dessine un dragon minuscule en version cartoon;Avec ton doigt, réalise une version simple de ce dessin.;Avec ton doigt, réalise une version simple de ce dessin.;;À plat;Maison;30;drawing;;;{}
Dessine une rencontre improbable en version cartoon;Avec ton doigt, ajoute quelques détails pour enrichir le dessin.;Avec ton doigt, ajoute quelques détails pour enrichir le dessin.;;Mitigé;Maison;30;drawing;;;{}
Dessine une tasse en version cartoon;Avec ton doigt, prends le temps de créer une version riche et détaillée.;Avec ton doigt, prends le temps de créer une version riche et détaillée.;;En forme;Maison;30;drawing;;;{}
Dessine un souvenir de vacances avec un décor léger;Avec ton doigt, réalise une version simple de ce dessin.;Avec ton doigt, réalise une version simple de ce dessin.;;À plat;Extérieur;30;drawing;;;{}
Dessine une ville dans les nuages avec un décor léger;Avec ton doigt, ajoute quelques détails pour enrichir le dessin.;Avec ton doigt, ajoute quelques détails pour enrichir le dessin.;;Mitigé;Extérieur;30;drawing;;;{}
Dessine la curiosité avec un décor léger;Avec ton doigt, prends le temps de créer une version riche et détaillée.;Avec ton doigt, prends le temps de créer une version riche et détaillée.;;En forme;Extérieur;30;drawing;;;{}
Dessine une fleur en une ligne avec un décor léger;Avec ton doigt, réalise une version simple de ce dessin.;Avec ton doigt, réalise une version simple de ce dessin.;;À plat;N'importe où;30;drawing;;;{}
Transforme une tasse en château avec un décor léger;Avec ton doigt, ajoute quelques détails pour enrichir le dessin.;Avec ton doigt, ajoute quelques détails pour enrichir le dessin.;;Mitigé;N'importe où;30;drawing;;;{}
Pars d'un triangle avec un décor léger;Avec ton doigt, prends le temps de créer une version riche et détaillée.;Avec ton doigt, prends le temps de créer une version riche et détaillée.;;En forme;N'importe où;30;drawing;;;{}
Dessine un astronaute avec un décor léger;Avec ton doigt, réalise une version simple de ce dessin.;Avec ton doigt, réalise une version simple de ce dessin.;;À plat;Maison;5;drawing;;;{}
Dessine un animal à six pattes en noir et blanc;Avec ton doigt, ajoute quelques détails pour enrichir le dessin.;Avec ton doigt, ajoute quelques détails pour enrichir le dessin.;;Mitigé;Maison;5;drawing;;;{}
Dessine une chute drôle en noir et blanc;Avec ton doigt, prends le temps de créer une version riche et détaillée.;Avec ton doigt, prends le temps de créer une version riche et détaillée.;;En forme;Maison;5;drawing;;;{}
Dessine une plante proche de toi en noir et blanc;Avec ton doigt, réalise une version simple de ce dessin.;Avec ton doigt, réalise une version simple de ce dessin.;;À plat;Extérieur;5;drawing;;;{}
Dessine ton ancien cartable en noir et blanc;Avec ton doigt, ajoute quelques détails pour enrichir le dessin.;Avec ton doigt, ajoute quelques détails pour enrichir le dessin.;;Mitigé;Extérieur;5;drawing;;;{}
Dessine un dragon jardinier en noir et blanc;Avec ton doigt, prends le temps de créer une version riche et détaillée.;Avec ton doigt, prends le temps de créer une version riche et détaillée.;;En forme;Extérieur;5;drawing;;;{}
Dessine la surprise en noir et blanc;Avec ton doigt, réalise une version simple de ce dessin.;Avec ton doigt, réalise une version simple de ce dessin.;;À plat;N'importe où;5;drawing;;;{}
Dessine un arbre en 30 secondes en noir et blanc;Avec ton doigt, ajoute quelques détails pour enrichir le dessin.;Avec ton doigt, ajoute quelques détails pour enrichir le dessin.;;Mitigé;N'importe où;5;drawing;;;{}
Transforme un nuage en animal avec une touche fantastique;Avec ton doigt, prends le temps de créer une version riche et détaillée.;Avec ton doigt, prends le temps de créer une version riche et détaillée.;;En forme;N'importe où;5;drawing;;;{}
Pars d'un rectangle avec une touche fantastique;Avec ton doigt, réalise une version simple de ce dessin.;Avec ton doigt, réalise une version simple de ce dessin.;;À plat;Maison;15;drawing;;;{}
Dessine un musicien avec une touche fantastique;Avec ton doigt, ajoute quelques détails pour enrichir le dessin.;Avec ton doigt, ajoute quelques détails pour enrichir le dessin.;;Mitigé;Maison;15;drawing;;;{}
Dessine une tortue volante avec une touche fantastique;Avec ton doigt, prends le temps de créer une version riche et détaillée.;Avec ton doigt, prends le temps de créer une version riche et détaillée.;;En forme;Maison;15;drawing;;;{}
Dessine un héros maladroit avec une touche fantastique;Avec ton doigt, réalise une version simple de ce dessin.;Avec ton doigt, réalise une version simple de ce dessin.;;À plat;Extérieur;15;drawing;;;{}
Dessine tes clés avec une touche fantastique;Avec ton doigt, ajoute quelques détails pour enrichir le dessin.;Avec ton doigt, ajoute quelques détails pour enrichir le dessin.;;Mitigé;Extérieur;15;drawing;;;{}
Dessine une cour de récréation avec une touche fantastique;Avec ton doigt, prends le temps de créer une version riche et détaillée.;Avec ton doigt, prends le temps de créer une version riche et détaillée.;;En forme;Extérieur;15;drawing;;;{}
Dessine un vélo volant en vue de face;Avec ton doigt, réalise une version simple de ce dessin.;Avec ton doigt, réalise une version simple de ce dessin.;;À plat;N'importe où;15;drawing;;;{}
Dessine la sérénité en vue de face;Avec ton doigt, ajoute quelques détails pour enrichir le dessin.;Avec ton doigt, ajoute quelques détails pour enrichir le dessin.;;Mitigé;N'importe où;15;drawing;;;{}
Dessine un cœur stylisé en vue de face;Avec ton doigt, prends le temps de créer une version riche et détaillée.;Avec ton doigt, prends le temps de créer une version riche et détaillée.;;En forme;N'importe où;15;drawing;;;{}
Transforme une chaussure en maison en vue de face;Avec ton doigt, réalise une version simple de ce dessin.;Avec ton doigt, réalise une version simple de ce dessin.;;À plat;Maison;30;drawing;;;{}
Pars d'une spirale en vue de face;Avec ton doigt, ajoute quelques détails pour enrichir le dessin.;Avec ton doigt, ajoute quelques détails pour enrichir le dessin.;;Mitigé;Maison;30;drawing;;;{}
Dessine un pirate en vue de face;Avec ton doigt, prends le temps de créer une version riche et détaillée.;Avec ton doigt, prends le temps de créer une version riche et détaillée.;;En forme;Maison;30;drawing;;;{}
Dessine un renard de cristal en vue de face;Avec ton doigt, réalise une version simple de ce dessin.;Avec ton doigt, réalise une version simple de ce dessin.;;À plat;Extérieur;30;drawing;;;{}
Dessine un trésor caché en vue de profil;Avec ton doigt, ajoute quelques détails pour enrichir le dessin.;Avec ton doigt, ajoute quelques détails pour enrichir le dessin.;;Mitigé;Extérieur;30;drawing;;;{}
Dessine une lampe en vue de profil;Avec ton doigt, prends le temps de créer une version riche et détaillée.;Avec ton doigt, prends le temps de créer une version riche et détaillée.;;En forme;Extérieur;30;drawing;;;{}
Dessine ton goûter préféré en vue de profil;Avec ton doigt, réalise une version simple de ce dessin.;Avec ton doigt, réalise une version simple de ce dessin.;;À plat;N'importe où;30;drawing;;;{}
Dessine une bibliothèque magique en vue de profil;Avec ton doigt, ajoute quelques détails pour enrichir le dessin.;Avec ton doigt, ajoute quelques détails pour enrichir le dessin.;;Mitigé;N'importe où;30;drawing;;;{}
Dessine la confiance en vue de profil;Avec ton doigt, prends le temps de créer une version riche et détaillée.;Avec ton doigt, prends le temps de créer une version riche et détaillée.;;En forme;N'importe où;30;drawing;;;{}
Dessine une montagne simple en vue de profil;Avec ton doigt, réalise une version simple de ce dessin.;Avec ton doigt, réalise une version simple de ce dessin.;;À plat;Maison;5;drawing;;;{}
Transforme une lampe en robot en vue de profil;Avec ton doigt, ajoute quelques détails pour enrichir le dessin.;Avec ton doigt, ajoute quelques détails pour enrichir le dessin.;;Mitigé;Maison;5;drawing;;;{}
Pars d'un zigzag dans un style amusant;Avec ton doigt, prends le temps de créer une version riche et détaillée.;Avec ton doigt, prends le temps de créer une version riche et détaillée.;;En forme;Maison;5;drawing;;;{}
Dessine une inventrice dans un style amusant;Avec ton doigt, réalise une version simple de ce dessin.;Avec ton doigt, réalise une version simple de ce dessin.;;À plat;Extérieur;5;drawing;;;{}
Dessine un monstre gentil dans un style amusant;Avec ton doigt, ajoute quelques détails pour enrichir le dessin.;Avec ton doigt, ajoute quelques détails pour enrichir le dessin.;;Mitigé;Extérieur;5;drawing;;;{}
Dessine une poursuite amusante dans un style amusant;Avec ton doigt, prends le temps de créer une version riche et détaillée.;Avec ton doigt, prends le temps de créer une version riche et détaillée.;;En forme;Extérieur;5;drawing;;;{}
Dessine une fenêtre dans un style amusant;Avec ton doigt, réalise une version simple de ce dessin.;Avec ton doigt, réalise une version simple de ce dessin.;;À plat;N'importe où;5;drawing;;;{}
Dessine une fête d'anniversaire dans un style amusant;Avec ton doigt, ajoute quelques détails pour enrichir le dessin.;Avec ton doigt, ajoute quelques détails pour enrichir le dessin.;;Mitigé;N'importe où;5;drawing;;;{}
Dessine un arbre géant habité dans un style amusant;Avec ton doigt, prends le temps de créer une version riche et détaillée.;Avec ton doigt, prends le temps de créer une version riche et détaillée.;;En forme;N'importe où;5;drawing;;;{}
Dessine le courage avec un élément surprise;Avec ton doigt, réalise une version simple de ce dessin.;Avec ton doigt, réalise une version simple de ce dessin.;;À plat;Maison;15;drawing;;;{}
Dessine un nuage original avec un élément surprise;Avec ton doigt, ajoute quelques détails pour enrichir le dessin.;Avec ton doigt, ajoute quelques détails pour enrichir le dessin.;;Mitigé;Maison;15;drawing;;;{}
Transforme un arbre en tour avec un élément surprise;Avec ton doigt, prends le temps de créer une version riche et détaillée.;Avec ton doigt, prends le temps de créer une version riche et détaillée.;;En forme;Maison;15;drawing;;;{}
Pars d'une étoile avec un élément surprise;Avec ton doigt, réalise une version simple de ce dessin.;Avec ton doigt, réalise une version simple de ce dessin.;;À plat;Extérieur;15;drawing;;;{}
Dessine un jardinier avec un élément surprise;Avec ton doigt, ajoute quelques détails pour enrichir le dessin.;Avec ton doigt, ajoute quelques détails pour enrichir le dessin.;;Mitigé;Extérieur;15;drawing;;;{}
Dessine un oiseau mécanique avec un élément surprise;Avec ton doigt, prends le temps de créer une version riche et détaillée.;Avec ton doigt, prends le temps de créer une version riche et détaillée.;;En forme;Extérieur;15;drawing;;;{}
Dessine une journée parfaite avec un élément surprise;Avec ton doigt, réalise une version simple de ce dessin.;Avec ton doigt, réalise une version simple de ce dessin.;;À plat;N'importe où;15;drawing;;;{}
Dessine un coussin avec peu de détails;Avec ton doigt, ajoute quelques détails pour enrichir le dessin.;Avec ton doigt, ajoute quelques détails pour enrichir le dessin.;;Mitigé;N'importe où;15;drawing;;;{}
Dessine une ancienne maison avec peu de détails;Avec ton doigt, prends le temps de créer une version riche et détaillée.;Avec ton doigt, prends le temps de créer une version riche et détaillée.;;En forme;N'importe où;15;drawing;;;{}
Dessine une île flottante avec peu de détails;Avec ton doigt, réalise une version simple de ce dessin.;Avec ton doigt, réalise une version simple de ce dessin.;;À plat;Maison;30;drawing;;;{}
Dessine la nostalgie avec peu de détails;Avec ton doigt, ajoute quelques détails pour enrichir le dessin.;Avec ton doigt, ajoute quelques détails pour enrichir le dessin.;;Mitigé;Maison;30;drawing;;;{}
Dessine une étoile créative avec peu de détails;Avec ton doigt, prends le temps de créer une version riche et détaillée.;Avec ton doigt, prends le temps de créer une version riche et détaillée.;;En forme;Maison;30;drawing;;;{}
Transforme une clé en créature avec peu de détails;Avec ton doigt, réalise une version simple de ce dessin.;Avec ton doigt, réalise une version simple de ce dessin.;;À plat;Extérieur;30;drawing;;;{}
Pars d'un demi-cercle avec peu de détails;Avec ton doigt, ajoute quelques détails pour enrichir le dessin.;Avec ton doigt, ajoute quelques détails pour enrichir le dessin.;;Mitigé;Extérieur;30;drawing;;;{}
Dessine une capitaine avec des formes simples;Avec ton doigt, prends le temps de créer une version riche et détaillée.;Avec ton doigt, prends le temps de créer une version riche et détaillée.;;En forme;Extérieur;30;drawing;;;{}
Dessine une créature lumineuse avec des formes simples;Avec ton doigt, réalise une version simple de ce dessin.;Avec ton doigt, réalise une version simple de ce dessin.;;À plat;N'importe où;30;drawing;;;{}
Dessine un voyage inattendu avec des formes simples;Avec ton doigt, ajoute quelques détails pour enrichir le dessin.;Avec ton doigt, ajoute quelques détails pour enrichir le dessin.;;Mitigé;N'importe où;30;drawing;;;{}
Dessine une bouteille avec des formes simples;Avec ton doigt, prends le temps de créer une version riche et détaillée.;Avec ton doigt, prends le temps de créer une version riche et détaillée.;;En forme;N'importe où;30;drawing;;;{}
Dessine un trajet familier avec des formes simples;Avec ton doigt, réalise une version simple de ce dessin.;Avec ton doigt, réalise une version simple de ce dessin.;;À plat;Maison;5;drawing;;;{}
Dessine un train volant avec des formes simples;Avec ton doigt, ajoute quelques détails pour enrichir le dessin.;Avec ton doigt, ajoute quelques détails pour enrichir le dessin.;;Mitigé;Maison;5;drawing;;;{}
Dessine la motivation avec des formes simples;Avec ton doigt, prends le temps de créer une version riche et détaillée.;Avec ton doigt, prends le temps de créer une version riche et détaillée.;;En forme;Maison;5;drawing;;;{}
Dessine un oiseau minimaliste en version cartoon;Avec ton doigt, réalise une version simple de ce dessin.;Avec ton doigt, réalise une version simple de ce dessin.;;À plat;Extérieur;5;drawing;;;{}
Transforme un vélo en machine volante en version cartoon;Avec ton doigt, ajoute quelques détails pour enrichir le dessin.;Avec ton doigt, ajoute quelques détails pour enrichir le dessin.;;Mitigé;Extérieur;5;drawing;;;{}
Pars d'un losange en version cartoon;Avec ton doigt, prends le temps de créer une version riche et détaillée.;Avec ton doigt, prends le temps de créer une version riche et détaillée.;;En forme;Extérieur;5;drawing;;;{}
Dessine une danseuse en version cartoon;Avec ton doigt, réalise une version simple de ce dessin.;Avec ton doigt, réalise une version simple de ce dessin.;;À plat;N'importe où;5;drawing;;;{}
Dessine un chat magique en version cartoon;Avec ton doigt, ajoute quelques détails pour enrichir le dessin.;Avec ton doigt, ajoute quelques détails pour enrichir le dessin.;;Mitigé;N'importe où;5;drawing;;;{}
Dessine une invention ratée en version cartoon;Avec ton doigt, prends le temps de créer une version riche et détaillée.;Avec ton doigt, prends le temps de créer une version riche et détaillée.;;En forme;N'importe où;5;drawing;;;{}
Dessine un livre ouvert en version cartoon;Avec ton doigt, réalise une version simple de ce dessin.;Avec ton doigt, réalise une version simple de ce dessin.;;À plat;Maison;15;drawing;;;{}
Dessine un jouet marquant avec un décor léger;Avec ton doigt, ajoute quelques détails pour enrichir le dessin.;Avec ton doigt, ajoute quelques détails pour enrichir le dessin.;;Mitigé;Maison;15;drawing;;;{}
Dessine un marché fantastique avec un décor léger;Avec ton doigt, prends le temps de créer une version riche et détaillée.;Avec ton doigt, prends le temps de créer une version riche et détaillée.;;En forme;Maison;15;drawing;;;{}
Dessine le rêve avec un décor léger;Avec ton doigt, réalise une version simple de ce dessin.;Avec ton doigt, réalise une version simple de ce dessin.;;À plat;Extérieur;15;drawing;;;{}
Dessine une lune décorée avec un décor léger;Avec ton doigt, ajoute quelques détails pour enrichir le dessin.;Avec ton doigt, ajoute quelques détails pour enrichir le dessin.;;Mitigé;Extérieur;15;drawing;;;{}
Transforme un livre en ville avec un décor léger;Avec ton doigt, prends le temps de créer une version riche et détaillée.;Avec ton doigt, prends le temps de créer une version riche et détaillée.;;En forme;Extérieur;15;drawing;;;{}
Pars d'une ligne courbe avec un décor léger;Avec ton doigt, réalise une version simple de ce dessin.;Avec ton doigt, réalise une version simple de ce dessin.;;À plat;N'importe où;15;drawing;;;{}
Dessine un aventurier avec un décor léger;Avec ton doigt, ajoute quelques détails pour enrichir le dessin.;Avec ton doigt, ajoute quelques détails pour enrichir le dessin.;;Mitigé;N'importe où;15;drawing;;;{}
Dessine un géant végétal en noir et blanc;Avec ton doigt, prends le temps de créer une version riche et détaillée.;Avec ton doigt, prends le temps de créer une version riche et détaillée.;;En forme;N'importe où;15;drawing;;;{}
Dessine une découverte surprenante en noir et blanc;Avec ton doigt, réalise une version simple de ce dessin.;Avec ton doigt, réalise une version simple de ce dessin.;;À plat;Maison;30;drawing;;;{}
Dessine ta main en noir et blanc;Avec ton doigt, ajoute quelques détails pour enrichir le dessin.;Avec ton doigt, ajoute quelques détails pour enrichir le dessin.;;Mitigé;Maison;30;drawing;;;{}
Dessine ta chambre d'enfance en noir et blanc;Avec ton doigt, prends le temps de créer une version riche et détaillée.;Avec ton doigt, prends le temps de créer une version riche et détaillée.;;En forme;Maison;30;drawing;;;{}
Dessine une maison volante en noir et blanc;Avec ton doigt, réalise une version simple de ce dessin.;Avec ton doigt, réalise une version simple de ce dessin.;;À plat;Extérieur;30;drawing;;;{}
Dessine le calme en noir et blanc;Avec ton doigt, ajoute quelques détails pour enrichir le dessin.;Avec ton doigt, ajoute quelques détails pour enrichir le dessin.;;Mitigé;Extérieur;30;drawing;;;{}
Dessine un soleil en 10 traits en noir et blanc;Avec ton doigt, prends le temps de créer une version riche et détaillée.;Avec ton doigt, prends le temps de créer une version riche et détaillée.;;En forme;Extérieur;30;drawing;;;{}
Transforme une pomme en personnage avec une touche fantastique;Avec ton doigt, réalise une version simple de ce dessin.;Avec ton doigt, réalise une version simple de ce dessin.;;À plat;N'importe où;30;drawing;;;{}
Pars d'un cercle avec une touche fantastique;Avec ton doigt, ajoute quelques détails pour enrichir le dessin.;Avec ton doigt, ajoute quelques détails pour enrichir le dessin.;;Mitigé;N'importe où;30;drawing;;;{}
Dessine un explorateur avec une touche fantastique;Avec ton doigt, prends le temps de créer une version riche et détaillée.;Avec ton doigt, prends le temps de créer une version riche et détaillée.;;En forme;N'importe où;30;drawing;;;{}
Dessine un poisson extraterrestre avec une touche fantastique;Avec ton doigt, réalise une version simple de ce dessin.;Avec ton doigt, réalise une version simple de ce dessin.;;À plat;Maison;5;drawing;;;{}
Dessine une histoire en 3 cases avec une touche fantastique;Avec ton doigt, ajoute quelques détails pour enrichir le dessin.;Avec ton doigt, ajoute quelques détails pour enrichir le dessin.;;Mitigé;Maison;5;drawing;;;{}
Dessine une chaussure avec une touche fantastique;Avec ton doigt, prends le temps de créer une version riche et détaillée.;Avec ton doigt, prends le temps de créer une version riche et détaillée.;;En forme;Maison;5;drawing;;;{}
Dessine ton premier vélo avec une touche fantastique;Avec ton doigt, réalise une version simple de ce dessin.;Avec ton doigt, réalise une version simple de ce dessin.;;À plat;Extérieur;5;drawing;;;{}
Dessine un restaurant sous-marin en vue de face;Avec ton doigt, ajoute quelques détails pour enrichir le dessin.;Avec ton doigt, ajoute quelques détails pour enrichir le dessin.;;Mitigé;Extérieur;5;drawing;;;{}
Dessine la joie en vue de face;Avec ton doigt, prends le temps de créer une version riche et détaillée.;Avec ton doigt, prends le temps de créer une version riche et détaillée.;;En forme;Extérieur;5;drawing;;;{}
Dessine un poisson sans lever le doigt en vue de face;Avec ton doigt, réalise une version simple de ce dessin.;Avec ton doigt, réalise une version simple de ce dessin.;;À plat;N'importe où;5;drawing;;;{}
Transforme une chaise en véhicule en vue de face;Avec ton doigt, ajoute quelques détails pour enrichir le dessin.;Avec ton doigt, ajoute quelques détails pour enrichir le dessin.;;Mitigé;N'importe où;5;drawing;;;{}
Pars d'un carré en vue de face;Avec ton doigt, prends le temps de créer une version riche et détaillée.;Avec ton doigt, prends le temps de créer une version riche et détaillée.;;En forme;N'importe où;5;drawing;;;{}
Dessine un boulanger en vue de face;Avec ton doigt, réalise une version simple de ce dessin.;Avec ton doigt, réalise une version simple de ce dessin.;;À plat;Maison;15;drawing;;;{}
Dessine un dragon minuscule en vue de face;Avec ton doigt, ajoute quelques détails pour enrichir le dessin.;Avec ton doigt, ajoute quelques détails pour enrichir le dessin.;;Mitigé;Maison;15;drawing;;;{}
Dessine une rencontre improbable en vue de profil;Avec ton doigt, prends le temps de créer une version riche et détaillée.;Avec ton doigt, prends le temps de créer une version riche et détaillée.;;En forme;Maison;15;drawing;;;{}
Dessine une tasse en vue de profil;Avec ton doigt, réalise une version simple de ce dessin.;Avec ton doigt, réalise une version simple de ce dessin.;;À plat;Extérieur;15;drawing;;;{}
Dessine un souvenir de vacances en vue de profil;Avec ton doigt, ajoute quelques détails pour enrichir le dessin.;Avec ton doigt, ajoute quelques détails pour enrichir le dessin.;;Mitigé;Extérieur;15;drawing;;;{}
Dessine une ville dans les nuages en vue de profil;Avec ton doigt, prends le temps de créer une version riche et détaillée.;Avec ton doigt, prends le temps de créer une version riche et détaillée.;;En forme;Extérieur;15;drawing;;;{}
Dessine la curiosité en vue de profil;Avec ton doigt, réalise une version simple de ce dessin.;Avec ton doigt, réalise une version simple de ce dessin.;;À plat;N'importe où;15;drawing;;;{}
Dessine une fleur en une ligne en vue de profil;Avec ton doigt, ajoute quelques détails pour enrichir le dessin.;Avec ton doigt, ajoute quelques détails pour enrichir le dessin.;;Mitigé;N'importe où;15;drawing;;;{}
Transforme une tasse en château en vue de profil;Avec ton doigt, prends le temps de créer une version riche et détaillée.;Avec ton doigt, prends le temps de créer une version riche et détaillée.;;En forme;N'importe où;15;drawing;;;{}
Pars d'un triangle dans un style amusant;Avec ton doigt, réalise une version simple de ce dessin.;Avec ton doigt, réalise une version simple de ce dessin.;;À plat;Maison;30;drawing;;;{}
Dessine un astronaute dans un style amusant;Avec ton doigt, ajoute quelques détails pour enrichir le dessin.;Avec ton doigt, ajoute quelques détails pour enrichir le dessin.;;Mitigé;Maison;30;drawing;;;{}
Dessine un animal à six pattes dans un style amusant;Avec ton doigt, prends le temps de créer une version riche et détaillée.;Avec ton doigt, prends le temps de créer une version riche et détaillée.;;En forme;Maison;30;drawing;;;{}
Dessine une chute drôle dans un style amusant;Avec ton doigt, réalise une version simple de ce dessin.;Avec ton doigt, réalise une version simple de ce dessin.;;À plat;Extérieur;30;drawing;;;{}
Dessine une plante proche de toi dans un style amusant;Avec ton doigt, ajoute quelques détails pour enrichir le dessin.;Avec ton doigt, ajoute quelques détails pour enrichir le dessin.;;Mitigé;Extérieur;30;drawing;;;{}
Dessine ton ancien cartable dans un style amusant;Avec ton doigt, prends le temps de créer une version riche et détaillée.;Avec ton doigt, prends le temps de créer une version riche et détaillée.;;En forme;Extérieur;30;drawing;;;{}
Dessine un dragon jardinier dans un style amusant;Avec ton doigt, réalise une version simple de ce dessin.;Avec ton doigt, réalise une version simple de ce dessin.;;À plat;N'importe où;30;drawing;;;{}
Dessine la surprise avec un élément surprise;Avec ton doigt, ajoute quelques détails pour enrichir le dessin.;Avec ton doigt, ajoute quelques détails pour enrichir le dessin.;;Mitigé;N'importe où;30;drawing;;;{}
Dessine un arbre en 30 secondes avec un élément surprise;Avec ton doigt, prends le temps de créer une version riche et détaillée.;Avec ton doigt, prends le temps de créer une version riche et détaillée.;;En forme;N'importe où;30;drawing;;;{}
Transforme un nuage en animal avec un élément surprise;Avec ton doigt, réalise une version simple de ce dessin.;Avec ton doigt, réalise une version simple de ce dessin.;;À plat;Maison;5;drawing;;;{}
Pars d'un rectangle avec un élément surprise;Avec ton doigt, ajoute quelques détails pour enrichir le dessin.;Avec ton doigt, ajoute quelques détails pour enrichir le dessin.;;Mitigé;Maison;5;drawing;;;{}
Dessine un musicien avec un élément surprise;Avec ton doigt, prends le temps de créer une version riche et détaillée.;Avec ton doigt, prends le temps de créer une version riche et détaillée.;;En forme;Maison;5;drawing;;;{}
Dessine une tortue volante avec un élément surprise;Avec ton doigt, réalise une version simple de ce dessin.;Avec ton doigt, réalise une version simple de ce dessin.;;À plat;Extérieur;5;drawing;;;{}
Dessine un héros maladroit avec un élément surprise;Avec ton doigt, ajoute quelques détails pour enrichir le dessin.;Avec ton doigt, ajoute quelques détails pour enrichir le dessin.;;Mitigé;Extérieur;5;drawing;;;{}
Dessine tes clés avec peu de détails;Avec ton doigt, prends le temps de créer une version riche et détaillée.;Avec ton doigt, prends le temps de créer une version riche et détaillée.;;En forme;Extérieur;5;drawing;;;{}
Dessine une cour de récréation avec peu de détails;Avec ton doigt, réalise une version simple de ce dessin.;Avec ton doigt, réalise une version simple de ce dessin.;;À plat;N'importe où;5;drawing;;;{}
Dessine un vélo volant avec peu de détails;Avec ton doigt, ajoute quelques détails pour enrichir le dessin.;Avec ton doigt, ajoute quelques détails pour enrichir le dessin.;;Mitigé;N'importe où;5;drawing;;;{}
Dessine la sérénité avec peu de détails;Avec ton doigt, prends le temps de créer une version riche et détaillée.;Avec ton doigt, prends le temps de créer une version riche et détaillée.;;En forme;N'importe où;5;drawing;;;{}
Dessine un cœur stylisé avec peu de détails;Avec ton doigt, réalise une version simple de ce dessin.;Avec ton doigt, réalise une version simple de ce dessin.;;À plat;Maison;15;drawing;;;{}
Transforme une chaussure en maison avec peu de détails;Avec ton doigt, ajoute quelques détails pour enrichir le dessin.;Avec ton doigt, ajoute quelques détails pour enrichir le dessin.;;Mitigé;Maison;15;drawing;;;{}
Pars d'une spirale avec peu de détails;Avec ton doigt, prends le temps de créer une version riche et détaillée.;Avec ton doigt, prends le temps de créer une version riche et détaillée.;;En forme;Maison;15;drawing;;;{}
Dessine un pirate avec des formes simples;Avec ton doigt, réalise une version simple de ce dessin.;Avec ton doigt, réalise une version simple de ce dessin.;;À plat;Extérieur;15;drawing;;;{}
Dessine un renard de cristal avec des formes simples;Avec ton doigt, ajoute quelques détails pour enrichir le dessin.;Avec ton doigt, ajoute quelques détails pour enrichir le dessin.;;Mitigé;Extérieur;15;drawing;;;{}
Dessine un trésor caché avec des formes simples;Avec ton doigt, prends le temps de créer une version riche et détaillée.;Avec ton doigt, prends le temps de créer une version riche et détaillée.;;En forme;Extérieur;15;drawing;;;{}
Dessine une lampe avec des formes simples;Avec ton doigt, réalise une version simple de ce dessin.;Avec ton doigt, réalise une version simple de ce dessin.;;À plat;N'importe où;15;drawing;;;{}
Dessine ton goûter préféré avec des formes simples;Avec ton doigt, ajoute quelques détails pour enrichir le dessin.;Avec ton doigt, ajoute quelques détails pour enrichir le dessin.;;Mitigé;N'importe où;15;drawing;;;{}
Dessine une bibliothèque magique avec des formes simples;Avec ton doigt, prends le temps de créer une version riche et détaillée.;Avec ton doigt, prends le temps de créer une version riche et détaillée.;;En forme;N'importe où;15;drawing;;;{}
Dessine la confiance avec des formes simples;Avec ton doigt, réalise une version simple de ce dessin.;Avec ton doigt, réalise une version simple de ce dessin.;;À plat;Maison;30;drawing;;;{}
Dessine une montagne simple en version cartoon;Avec ton doigt, ajoute quelques détails pour enrichir le dessin.;Avec ton doigt, ajoute quelques détails pour enrichir le dessin.;;Mitigé;Maison;30;drawing;;;{}
Transforme une lampe en robot en version cartoon;Avec ton doigt, prends le temps de créer une version riche et détaillée.;Avec ton doigt, prends le temps de créer une version riche et détaillée.;;En forme;Maison;30;drawing;;;{}
Pars d'un zigzag en version cartoon;Avec ton doigt, réalise une version simple de ce dessin.;Avec ton doigt, réalise une version simple de ce dessin.;;À plat;Extérieur;30;drawing;;;{}
Dessine une inventrice en version cartoon;Avec ton doigt, ajoute quelques détails pour enrichir le dessin.;Avec ton doigt, ajoute quelques détails pour enrichir le dessin.;;Mitigé;Extérieur;30;drawing;;;{}
Dessine un monstre gentil en version cartoon;Avec ton doigt, prends le temps de créer une version riche et détaillée.;Avec ton doigt, prends le temps de créer une version riche et détaillée.;;En forme;Extérieur;30;drawing;;;{}
Dessine une poursuite amusante en version cartoon;Avec ton doigt, réalise une version simple de ce dessin.;Avec ton doigt, réalise une version simple de ce dessin.;;À plat;N'importe où;30;drawing;;;{}
Dessine une fenêtre en version cartoon;Avec ton doigt, ajoute quelques détails pour enrichir le dessin.;Avec ton doigt, ajoute quelques détails pour enrichir le dessin.;;Mitigé;N'importe où;30;drawing;;;{}
Dessine une fête d'anniversaire avec un décor léger;Avec ton doigt, prends le temps de créer une version riche et détaillée.;Avec ton doigt, prends le temps de créer une version riche et détaillée.;;En forme;N'importe où;30;drawing;;;{}
Dessine un arbre géant habité avec un décor léger;Avec ton doigt, réalise une version simple de ce dessin.;Avec ton doigt, réalise une version simple de ce dessin.;;À plat;Maison;5;drawing;;;{}
Dessine le courage avec un décor léger;Avec ton doigt, ajoute quelques détails pour enrichir le dessin.;Avec ton doigt, ajoute quelques détails pour enrichir le dessin.;;Mitigé;Maison;5;drawing;;;{}
Dessine un nuage original avec un décor léger;Avec ton doigt, prends le temps de créer une version riche et détaillée.;Avec ton doigt, prends le temps de créer une version riche et détaillée.;;En forme;Maison;5;drawing;;;{}
Transforme un arbre en tour avec un décor léger;Avec ton doigt, réalise une version simple de ce dessin.;Avec ton doigt, réalise une version simple de ce dessin.;;À plat;Extérieur;5;drawing;;;{}
Pars d'une étoile avec un décor léger;Avec ton doigt, ajoute quelques détails pour enrichir le dessin.;Avec ton doigt, ajoute quelques détails pour enrichir le dessin.;;Mitigé;Extérieur;5;drawing;;;{}
Dessine un jardinier avec un décor léger;Avec ton doigt, prends le temps de créer une version riche et détaillée.;Avec ton doigt, prends le temps de créer une version riche et détaillée.;;En forme;Extérieur;5;drawing;;;{}
Dessine un oiseau mécanique en noir et blanc;Avec ton doigt, réalise une version simple de ce dessin.;Avec ton doigt, réalise une version simple de ce dessin.;;À plat;N'importe où;5;drawing;;;{}
Dessine une journée parfaite en noir et blanc;Avec ton doigt, ajoute quelques détails pour enrichir le dessin.;Avec ton doigt, ajoute quelques détails pour enrichir le dessin.;;Mitigé;N'importe où;5;drawing;;;{}
Dessine un coussin en noir et blanc;Avec ton doigt, prends le temps de créer une version riche et détaillée.;Avec ton doigt, prends le temps de créer une version riche et détaillée.;;En forme;N'importe où;5;drawing;;;{}
Dessine une ancienne maison en noir et blanc;Avec ton doigt, réalise une version simple de ce dessin.;Avec ton doigt, réalise une version simple de ce dessin.;;À plat;Maison;15;drawing;;;{}
Dessine une île flottante en noir et blanc;Avec ton doigt, ajoute quelques détails pour enrichir le dessin.;Avec ton doigt, ajoute quelques détails pour enrichir le dessin.;;Mitigé;Maison;15;drawing;;;{}
Dessine la nostalgie en noir et blanc;Avec ton doigt, prends le temps de créer une version riche et détaillée.;Avec ton doigt, prends le temps de créer une version riche et détaillée.;;En forme;Maison;15;drawing;;;{}
Dessine une étoile créative en noir et blanc;Avec ton doigt, réalise une version simple de ce dessin.;Avec ton doigt, réalise une version simple de ce dessin.;;À plat;Extérieur;15;drawing;;;{}
Transforme une clé en créature avec une touche fantastique;Avec ton doigt, ajoute quelques détails pour enrichir le dessin.;Avec ton doigt, ajoute quelques détails pour enrichir le dessin.;;Mitigé;Extérieur;15;drawing;;;{}
Pars d'un demi-cercle avec une touche fantastique;Avec ton doigt, prends le temps de créer une version riche et détaillée.;Avec ton doigt, prends le temps de créer une version riche et détaillée.;;En forme;Extérieur;15;drawing;;;{}
Dessine une capitaine avec une touche fantastique;Avec ton doigt, réalise une version simple de ce dessin.;Avec ton doigt, réalise une version simple de ce dessin.;;À plat;N'importe où;15;drawing;;;{}
Dessine une créature lumineuse avec une touche fantastique;Avec ton doigt, ajoute quelques détails pour enrichir le dessin.;Avec ton doigt, ajoute quelques détails pour enrichir le dessin.;;Mitigé;N'importe où;15;drawing;;;{}
Dessine un voyage inattendu avec une touche fantastique;Avec ton doigt, prends le temps de créer une version riche et détaillée.;Avec ton doigt, prends le temps de créer une version riche et détaillée.;;En forme;N'importe où;15;drawing;;;{}
Dessine une bouteille avec une touche fantastique;Avec ton doigt, réalise une version simple de ce dessin.;Avec ton doigt, réalise une version simple de ce dessin.;;À plat;Maison;30;drawing;;;{}
Dessine un trajet familier avec une touche fantastique;Avec ton doigt, ajoute quelques détails pour enrichir le dessin.;Avec ton doigt, ajoute quelques détails pour enrichir le dessin.;;Mitigé;Maison;30;drawing;;;{}
Dessine un train volant en vue de face;Avec ton doigt, prends le temps de créer une version riche et détaillée.;Avec ton doigt, prends le temps de créer une version riche et détaillée.;;En forme;Maison;30;drawing;;;{}
Dessine la motivation en vue de face;Avec ton doigt, réalise une version simple de ce dessin.;Avec ton doigt, réalise une version simple de ce dessin.;;À plat;Extérieur;30;drawing;;;{}
Dessine un oiseau minimaliste en vue de face;Avec ton doigt, ajoute quelques détails pour enrichir le dessin.;Avec ton doigt, ajoute quelques détails pour enrichir le dessin.;;Mitigé;Extérieur;30;drawing;;;{}
Transforme un vélo en machine volante en vue de face;Avec ton doigt, prends le temps de créer une version riche et détaillée.;Avec ton doigt, prends le temps de créer une version riche et détaillée.;;En forme;Extérieur;30;drawing;;;{}
Pars d'un losange en vue de face;Avec ton doigt, réalise une version simple de ce dessin.;Avec ton doigt, réalise une version simple de ce dessin.;;À plat;N'importe où;30;drawing;;;{}
Dessine une danseuse en vue de face;Avec ton doigt, ajoute quelques détails pour enrichir le dessin.;Avec ton doigt, ajoute quelques détails pour enrichir le dessin.;;Mitigé;N'importe où;30;drawing;;;{}
Dessine un chat magique en vue de face;Avec ton doigt, prends le temps de créer une version riche et détaillée.;Avec ton doigt, prends le temps de créer une version riche et détaillée.;;En forme;N'importe où;30;drawing;;;{}
Dessine une invention ratée en vue de profil;Avec ton doigt, réalise une version simple de ce dessin.;Avec ton doigt, réalise une version simple de ce dessin.;;À plat;Maison;5;drawing;;;{}
Dessine un livre ouvert en vue de profil;Avec ton doigt, ajoute quelques détails pour enrichir le dessin.;Avec ton doigt, ajoute quelques détails pour enrichir le dessin.;;Mitigé;Maison;5;drawing;;;{}
Dessine un jouet marquant en vue de profil;Avec ton doigt, prends le temps de créer une version riche et détaillée.;Avec ton doigt, prends le temps de créer une version riche et détaillée.;;En forme;Maison;5;drawing;;;{}
Dessine un marché fantastique en vue de profil;Avec ton doigt, réalise une version simple de ce dessin.;Avec ton doigt, réalise une version simple de ce dessin.;;À plat;Extérieur;5;drawing;;;{}
Dessine le rêve en vue de profil;Avec ton doigt, ajoute quelques détails pour enrichir le dessin.;Avec ton doigt, ajoute quelques détails pour enrichir le dessin.;;Mitigé;Extérieur;5;drawing;;;{}
Dessine une lune décorée en vue de profil;Avec ton doigt, prends le temps de créer une version riche et détaillée.;Avec ton doigt, prends le temps de créer une version riche et détaillée.;;En forme;Extérieur;5;drawing;;;{}
Transforme un livre en ville en vue de profil;Avec ton doigt, réalise une version simple de ce dessin.;Avec ton doigt, réalise une version simple de ce dessin.;;À plat;N'importe où;5;drawing;;;{}
Pars d'une ligne courbe dans un style amusant;Avec ton doigt, ajoute quelques détails pour enrichir le dessin.;Avec ton doigt, ajoute quelques détails pour enrichir le dessin.;;Mitigé;N'importe où;5;drawing;;;{}
Dessine un aventurier dans un style amusant;Avec ton doigt, prends le temps de créer une version riche et détaillée.;Avec ton doigt, prends le temps de créer une version riche et détaillée.;;En forme;N'importe où;5;drawing;;;{}
Dessine un géant végétal dans un style amusant;Avec ton doigt, réalise une version simple de ce dessin.;Avec ton doigt, réalise une version simple de ce dessin.;;À plat;Maison;15;drawing;;;{}
Dessine une découverte surprenante dans un style amusant;Avec ton doigt, ajoute quelques détails pour enrichir le dessin.;Avec ton doigt, ajoute quelques détails pour enrichir le dessin.;;Mitigé;Maison;15;drawing;;;{}
Dessine ta main dans un style amusant;Avec ton doigt, prends le temps de créer une version riche et détaillée.;Avec ton doigt, prends le temps de créer une version riche et détaillée.;;En forme;Maison;15;drawing;;;{}
Dessine ta chambre d'enfance dans un style amusant;Avec ton doigt, réalise une version simple de ce dessin.;Avec ton doigt, réalise une version simple de ce dessin.;;À plat;Extérieur;15;drawing;;;{}
Dessine une maison volante dans un style amusant;Avec ton doigt, ajoute quelques détails pour enrichir le dessin.;Avec ton doigt, ajoute quelques détails pour enrichir le dessin.;;Mitigé;Extérieur;15;drawing;;;{}
Dessine le calme avec un élément surprise;Avec ton doigt, prends le temps de créer une version riche et détaillée.;Avec ton doigt, prends le temps de créer une version riche et détaillée.;;En forme;Extérieur;15;drawing;;;{}
Dessine un soleil en 10 traits avec un élément surprise;Avec ton doigt, réalise une version simple de ce dessin.;Avec ton doigt, réalise une version simple de ce dessin.;;À plat;N'importe où;15;drawing;;;{}
Transforme une pomme en personnage avec un élément surprise;Avec ton doigt, ajoute quelques détails pour enrichir le dessin.;Avec ton doigt, ajoute quelques détails pour enrichir le dessin.;;Mitigé;N'importe où;15;drawing;;;{}
Pars d'un cercle avec un élément surprise;Avec ton doigt, prends le temps de créer une version riche et détaillée.;Avec ton doigt, prends le temps de créer une version riche et détaillée.;;En forme;N'importe où;15;drawing;;;{}
Dessine un explorateur avec un élément surprise;Avec ton doigt, réalise une version simple de ce dessin.;Avec ton doigt, réalise une version simple de ce dessin.;;À plat;Maison;30;drawing;;;{}
Dessine un poisson extraterrestre avec un élément surprise;Avec ton doigt, ajoute quelques détails pour enrichir le dessin.;Avec ton doigt, ajoute quelques détails pour enrichir le dessin.;;Mitigé;Maison;30;drawing;;;{}
Dessine une histoire en 3 cases avec un élément surprise;Avec ton doigt, prends le temps de créer une version riche et détaillée.;Avec ton doigt, prends le temps de créer une version riche et détaillée.;;En forme;Maison;30;drawing;;;{}
Dessine une chaussure avec peu de détails;Avec ton doigt, réalise une version simple de ce dessin.;Avec ton doigt, réalise une version simple de ce dessin.;;À plat;Extérieur;30;drawing;;;{}
Dessine ton premier vélo avec peu de détails;Avec ton doigt, ajoute quelques détails pour enrichir le dessin.;Avec ton doigt, ajoute quelques détails pour enrichir le dessin.;;Mitigé;Extérieur;30;drawing;;;{}
Dessine un restaurant sous-marin avec peu de détails;Avec ton doigt, prends le temps de créer une version riche et détaillée.;Avec ton doigt, prends le temps de créer une version riche et détaillée.;;En forme;Extérieur;30;drawing;;;{}
Dessine la joie avec peu de détails;Avec ton doigt, réalise une version simple de ce dessin.;Avec ton doigt, réalise une version simple de ce dessin.;;À plat;N'importe où;30;drawing;;;{}
Dessine un poisson sans lever le doigt avec peu de détails;Avec ton doigt, ajoute quelques détails pour enrichir le dessin.;Avec ton doigt, ajoute quelques détails pour enrichir le dessin.;;Mitigé;N'importe où;30;drawing;;;{}
Transforme une chaise en véhicule avec peu de détails;Avec ton doigt, prends le temps de créer une version riche et détaillée.;Avec ton doigt, prends le temps de créer une version riche et détaillée.;;En forme;N'importe où;30;drawing;;;{}
Pars d'un carré avec peu de détails;Avec ton doigt, réalise une version simple de ce dessin.;Avec ton doigt, réalise une version simple de ce dessin.;;À plat;Maison;5;drawing;;;{}
Dessine un boulanger avec des formes simples;Avec ton doigt, ajoute quelques détails pour enrichir le dessin.;Avec ton doigt, ajoute quelques détails pour enrichir le dessin.;;Mitigé;Maison;5;drawing;;;{}
Dessine un dragon minuscule avec des formes simples;Avec ton doigt, prends le temps de créer une version riche et détaillée.;Avec ton doigt, prends le temps de créer une version riche et détaillée.;;En forme;Maison;5;drawing;;;{}
Dessine une rencontre improbable avec des formes simples;Avec ton doigt, réalise une version simple de ce dessin.;Avec ton doigt, réalise une version simple de ce dessin.;;À plat;Extérieur;5;drawing;;;{}
Dessine une tasse avec des formes simples;Avec ton doigt, ajoute quelques détails pour enrichir le dessin.;Avec ton doigt, ajoute quelques détails pour enrichir le dessin.;;Mitigé;Extérieur;5;drawing;;;{}
Dessine un souvenir de vacances avec des formes simples;Avec ton doigt, prends le temps de créer une version riche et détaillée.;Avec ton doigt, prends le temps de créer une version riche et détaillée.;;En forme;Extérieur;5;drawing;;;{}
Dessine une ville dans les nuages avec des formes simples;Avec ton doigt, réalise une version simple de ce dessin.;Avec ton doigt, réalise une version simple de ce dessin.;;À plat;N'importe où;5;drawing;;;{}
Dessine la curiosité avec des formes simples;Avec ton doigt, ajoute quelques détails pour enrichir le dessin.;Avec ton doigt, ajoute quelques détails pour enrichir le dessin.;;Mitigé;N'importe où;5;drawing;;;{}
Dessine une fleur en une ligne en version cartoon;Avec ton doigt, prends le temps de créer une version riche et détaillée.;Avec ton doigt, prends le temps de créer une version riche et détaillée.;;En forme;N'importe où;5;drawing;;;{}
Transforme une tasse en château en version cartoon;Avec ton doigt, réalise une version simple de ce dessin.;Avec ton doigt, réalise une version simple de ce dessin.;;À plat;Maison;15;drawing;;;{}
Pars d'un triangle en version cartoon;Avec ton doigt, ajoute quelques détails pour enrichir le dessin.;Avec ton doigt, ajoute quelques détails pour enrichir le dessin.;;Mitigé;Maison;15;drawing;;;{}
Dessine un astronaute en version cartoon;Avec ton doigt, prends le temps de créer une version riche et détaillée.;Avec ton doigt, prends le temps de créer une version riche et détaillée.;;En forme;Maison;15;drawing;;;{}
Dessine un animal à six pattes en version cartoon;Avec ton doigt, réalise une version simple de ce dessin.;Avec ton doigt, réalise une version simple de ce dessin.;;À plat;Extérieur;15;drawing;;;{}
Dessine une chute drôle en version cartoon;Avec ton doigt, ajoute quelques détails pour enrichir le dessin.;Avec ton doigt, ajoute quelques détails pour enrichir le dessin.;;Mitigé;Extérieur;15;drawing;;;{}
Dessine une plante proche de toi en version cartoon;Avec ton doigt, prends le temps de créer une version riche et détaillée.;Avec ton doigt, prends le temps de créer une version riche et détaillée.;;En forme;Extérieur;15;drawing;;;{}
Dessine ton ancien cartable avec un décor léger;Avec ton doigt, réalise une version simple de ce dessin.;Avec ton doigt, réalise une version simple de ce dessin.;;À plat;N'importe où;15;drawing;;;{}
Dessine un dragon jardinier avec un décor léger;Avec ton doigt, ajoute quelques détails pour enrichir le dessin.;Avec ton doigt, ajoute quelques détails pour enrichir le dessin.;;Mitigé;N'importe où;15;drawing;;;{}
Dessine la surprise avec un décor léger;Avec ton doigt, prends le temps de créer une version riche et détaillée.;Avec ton doigt, prends le temps de créer une version riche et détaillée.;;En forme;N'importe où;15;drawing;;;{}
Dessine un arbre en 30 secondes avec un décor léger;Avec ton doigt, réalise une version simple de ce dessin.;Avec ton doigt, réalise une version simple de ce dessin.;;À plat;Maison;30;drawing;;;{}
Transforme un nuage en animal avec un décor léger;Avec ton doigt, ajoute quelques détails pour enrichir le dessin.;Avec ton doigt, ajoute quelques détails pour enrichir le dessin.;;Mitigé;Maison;30;drawing;;;{}
Pars d'un rectangle avec un décor léger;Avec ton doigt, prends le temps de créer une version riche et détaillée.;Avec ton doigt, prends le temps de créer une version riche et détaillée.;;En forme;Maison;30;drawing;;;{}
Dessine un musicien avec un décor léger;Avec ton doigt, réalise une version simple de ce dessin.;Avec ton doigt, réalise une version simple de ce dessin.;;À plat;Extérieur;30;drawing;;;{}
Dessine une tortue volante en noir et blanc;Avec ton doigt, ajoute quelques détails pour enrichir le dessin.;Avec ton doigt, ajoute quelques détails pour enrichir le dessin.;;Mitigé;Extérieur;30;drawing;;;{}
Dessine un héros maladroit en noir et blanc;Avec ton doigt, prends le temps de créer une version riche et détaillée.;Avec ton doigt, prends le temps de créer une version riche et détaillée.;;En forme;Extérieur;30;drawing;;;{}
Dessine tes clés en noir et blanc;Avec ton doigt, réalise une version simple de ce dessin.;Avec ton doigt, réalise une version simple de ce dessin.;;À plat;N'importe où;30;drawing;;;{}
Dessine une cour de récréation en noir et blanc;Avec ton doigt, ajoute quelques détails pour enrichir le dessin.;Avec ton doigt, ajoute quelques détails pour enrichir le dessin.;;Mitigé;N'importe où;30;drawing;;;{}
Dessine un vélo volant en noir et blanc;Avec ton doigt, prends le temps de créer une version riche et détaillée.;Avec ton doigt, prends le temps de créer une version riche et détaillée.;;En forme;N'importe où;30;drawing;;;{}
Dessine la sérénité en noir et blanc;Avec ton doigt, réalise une version simple de ce dessin.;Avec ton doigt, réalise une version simple de ce dessin.;;À plat;Maison;5;drawing;;;{}
Dessine un cœur stylisé en noir et blanc;Avec ton doigt, ajoute quelques détails pour enrichir le dessin.;Avec ton doigt, ajoute quelques détails pour enrichir le dessin.;;Mitigé;Maison;5;drawing;;;{}
Transforme une chaussure en maison avec une touche fantastique;Avec ton doigt, prends le temps de créer une version riche et détaillée.;Avec ton doigt, prends le temps de créer une version riche et détaillée.;;En forme;Maison;5;drawing;;;{}
Pars d'une spirale avec une touche fantastique;Avec ton doigt, réalise une version simple de ce dessin.;Avec ton doigt, réalise une version simple de ce dessin.;;À plat;Extérieur;5;drawing;;;{}
Dessine un pirate avec une touche fantastique;Avec ton doigt, ajoute quelques détails pour enrichir le dessin.;Avec ton doigt, ajoute quelques détails pour enrichir le dessin.;;Mitigé;Extérieur;5;drawing;;;{}
Dessine un renard de cristal avec une touche fantastique;Avec ton doigt, prends le temps de créer une version riche et détaillée.;Avec ton doigt, prends le temps de créer une version riche et détaillée.;;En forme;Extérieur;5;drawing;;;{}
Dessine un trésor caché avec une touche fantastique;Avec ton doigt, réalise une version simple de ce dessin.;Avec ton doigt, réalise une version simple de ce dessin.;;À plat;N'importe où;5;drawing;;;{}
Dessine une lampe avec une touche fantastique;Avec ton doigt, ajoute quelques détails pour enrichir le dessin.;Avec ton doigt, ajoute quelques détails pour enrichir le dessin.;;Mitigé;N'importe où;5;drawing;;;{}
Dessine ton goûter préféré avec une touche fantastique;Avec ton doigt, prends le temps de créer une version riche et détaillée.;Avec ton doigt, prends le temps de créer une version riche et détaillée.;;En forme;N'importe où;5;drawing;;;{}
Dessine une bibliothèque magique en vue de face;Avec ton doigt, réalise une version simple de ce dessin.;Avec ton doigt, réalise une version simple de ce dessin.;;À plat;Maison;15;drawing;;;{}
Dessine la confiance en vue de face;Avec ton doigt, ajoute quelques détails pour enrichir le dessin.;Avec ton doigt, ajoute quelques détails pour enrichir le dessin.;;Mitigé;Maison;15;drawing;;;{}
Dessine une montagne simple en vue de face;Avec ton doigt, prends le temps de créer une version riche et détaillée.;Avec ton doigt, prends le temps de créer une version riche et détaillée.;;En forme;Maison;15;drawing;;;{}
Transforme une lampe en robot en vue de face;Avec ton doigt, réalise une version simple de ce dessin.;Avec ton doigt, réalise une version simple de ce dessin.;;À plat;Extérieur;15;drawing;;;{}
Pars d'un zigzag en vue de face;Avec ton doigt, ajoute quelques détails pour enrichir le dessin.;Avec ton doigt, ajoute quelques détails pour enrichir le dessin.;;Mitigé;Extérieur;15;drawing;;;{}
Dessine une inventrice en vue de face;Avec ton doigt, prends le temps de créer une version riche et détaillée.;Avec ton doigt, prends le temps de créer une version riche et détaillée.;;En forme;Extérieur;15;drawing;;;{}
Dessine un monstre gentil en vue de face;Avec ton doigt, réalise une version simple de ce dessin.;Avec ton doigt, réalise une version simple de ce dessin.;;À plat;N'importe où;15;drawing;;;{}
Dessine une poursuite amusante en vue de profil;Avec ton doigt, ajoute quelques détails pour enrichir le dessin.;Avec ton doigt, ajoute quelques détails pour enrichir le dessin.;;Mitigé;N'importe où;15;drawing;;;{}
Dessine une fenêtre en vue de profil;Avec ton doigt, prends le temps de créer une version riche et détaillée.;Avec ton doigt, prends le temps de créer une version riche et détaillée.;;En forme;N'importe où;15;drawing;;;{}
Dessine une fête d'anniversaire en vue de profil;Avec ton doigt, réalise une version simple de ce dessin.;Avec ton doigt, réalise une version simple de ce dessin.;;À plat;Maison;30;drawing;;;{}
Dessine un arbre géant habité en vue de profil;Avec ton doigt, ajoute quelques détails pour enrichir le dessin.;Avec ton doigt, ajoute quelques détails pour enrichir le dessin.;;Mitigé;Maison;30;drawing;;;{}
Dessine le courage en vue de profil;Avec ton doigt, prends le temps de créer une version riche et détaillée.;Avec ton doigt, prends le temps de créer une version riche et détaillée.;;En forme;Maison;30;drawing;;;{}
Dessine un nuage original en vue de profil;Avec ton doigt, réalise une version simple de ce dessin.;Avec ton doigt, réalise une version simple de ce dessin.;;À plat;Extérieur;30;drawing;;;{}
Transforme un arbre en tour en vue de profil;Avec ton doigt, ajoute quelques détails pour enrichir le dessin.;Avec ton doigt, ajoute quelques détails pour enrichir le dessin.;;Mitigé;Extérieur;30;drawing;;;{}
Pars d'une étoile dans un style amusant;Avec ton doigt, prends le temps de créer une version riche et détaillée.;Avec ton doigt, prends le temps de créer une version riche et détaillée.;;En forme;Extérieur;30;drawing;;;{}
Dessine un jardinier dans un style amusant;Avec ton doigt, réalise une version simple de ce dessin.;Avec ton doigt, réalise une version simple de ce dessin.;;À plat;N'importe où;30;drawing;;;{}
Dessine un oiseau mécanique dans un style amusant;Avec ton doigt, ajoute quelques détails pour enrichir le dessin.;Avec ton doigt, ajoute quelques détails pour enrichir le dessin.;;Mitigé;N'importe où;30;drawing;;;{}
Dessine une journée parfaite dans un style amusant;Avec ton doigt, prends le temps de créer une version riche et détaillée.;Avec ton doigt, prends le temps de créer une version riche et détaillée.;;En forme;N'importe où;30;drawing;;;{}
Dessine un coussin dans un style amusant;Avec ton doigt, réalise une version simple de ce dessin.;Avec ton doigt, réalise une version simple de ce dessin.;;À plat;Maison;5;drawing;;;{}
Dessine une ancienne maison dans un style amusant;Avec ton doigt, ajoute quelques détails pour enrichir le dessin.;Avec ton doigt, ajoute quelques détails pour enrichir le dessin.;;Mitigé;Maison;5;drawing;;;{}
Dessine une île flottante dans un style amusant;Avec ton doigt, prends le temps de créer une version riche et détaillée.;Avec ton doigt, prends le temps de créer une version riche et détaillée.;;En forme;Maison;5;drawing;;;{}
Dessine la nostalgie avec un élément surprise;Avec ton doigt, réalise une version simple de ce dessin.;Avec ton doigt, réalise une version simple de ce dessin.;;À plat;Extérieur;5;drawing;;;{}
Dessine une étoile créative avec un élément surprise;Avec ton doigt, ajoute quelques détails pour enrichir le dessin.;Avec ton doigt, ajoute quelques détails pour enrichir le dessin.;;Mitigé;Extérieur;5;drawing;;;{}
Transforme une clé en créature avec un élément surprise;Avec ton doigt, prends le temps de créer une version riche et détaillée.;Avec ton doigt, prends le temps de créer une version riche et détaillée.;;En forme;Extérieur;5;drawing;;;{}
Pars d'un demi-cercle avec un élément surprise;Avec ton doigt, réalise une version simple de ce dessin.;Avec ton doigt, réalise une version simple de ce dessin.;;À plat;N'importe où;5;drawing;;;{}
Dessine une capitaine avec un élément surprise;Avec ton doigt, ajoute quelques détails pour enrichir le dessin.;Avec ton doigt, ajoute quelques détails pour enrichir le dessin.;;Mitigé;N'importe où;5;drawing;;;{}
Dessine une créature lumineuse avec un élément surprise;Avec ton doigt, prends le temps de créer une version riche et détaillée.;Avec ton doigt, prends le temps de créer une version riche et détaillée.;;En forme;N'importe où;5;drawing;;;{}
Dessine un voyage inattendu avec un élément surprise;Avec ton doigt, réalise une version simple de ce dessin.;Avec ton doigt, réalise une version simple de ce dessin.;;À plat;Maison;15;drawing;;;{}
Dessine une bouteille avec peu de détails;Avec ton doigt, ajoute quelques détails pour enrichir le dessin.;Avec ton doigt, ajoute quelques détails pour enrichir le dessin.;;Mitigé;Maison;15;drawing;;;{}
Dessine un trajet familier avec peu de détails;Avec ton doigt, prends le temps de créer une version riche et détaillée.;Avec ton doigt, prends le temps de créer une version riche et détaillée.;;En forme;Maison;15;drawing;;;{}
Dessine un train volant avec peu de détails;Avec ton doigt, réalise une version simple de ce dessin.;Avec ton doigt, réalise une version simple de ce dessin.;;À plat;Extérieur;15;drawing;;;{}
Dessine la motivation avec peu de détails;Avec ton doigt, ajoute quelques détails pour enrichir le dessin.;Avec ton doigt, ajoute quelques détails pour enrichir le dessin.;;Mitigé;Extérieur;15;drawing;;;{}
Dessine un oiseau minimaliste avec peu de détails;Avec ton doigt, prends le temps de créer une version riche et détaillée.;Avec ton doigt, prends le temps de créer une version riche et détaillée.;;En forme;Extérieur;15;drawing;;;{}
Transforme un vélo en machine volante avec peu de détails;Avec ton doigt, réalise une version simple de ce dessin.;Avec ton doigt, réalise une version simple de ce dessin.;;À plat;N'importe où;15;drawing;;;{}
Pars d'un losange avec peu de détails;Avec ton doigt, ajoute quelques détails pour enrichir le dessin.;Avec ton doigt, ajoute quelques détails pour enrichir le dessin.;;Mitigé;N'importe où;15;drawing;;;{}
Dessine une danseuse avec des formes simples;Avec ton doigt, prends le temps de créer une version riche et détaillée.;Avec ton doigt, prends le temps de créer une version riche et détaillée.;;En forme;N'importe où;15;drawing;;;{}
Dessine un chat magique avec des formes simples;Avec ton doigt, réalise une version simple de ce dessin.;Avec ton doigt, réalise une version simple de ce dessin.;;À plat;Maison;30;drawing;;;{}
Dessine une invention ratée avec des formes simples;Avec ton doigt, ajoute quelques détails pour enrichir le dessin.;Avec ton doigt, ajoute quelques détails pour enrichir le dessin.;;Mitigé;Maison;30;drawing;;;{}
Dessine un livre ouvert avec des formes simples;Avec ton doigt, prends le temps de créer une version riche et détaillée.;Avec ton doigt, prends le temps de créer une version riche et détaillée.;;En forme;Maison;30;drawing;;;{}
Dessine un jouet marquant avec des formes simples;Avec ton doigt, réalise une version simple de ce dessin.;Avec ton doigt, réalise une version simple de ce dessin.;;À plat;Extérieur;30;drawing;;;{}
Dessine un marché fantastique avec des formes simples;Avec ton doigt, ajoute quelques détails pour enrichir le dessin.;Avec ton doigt, ajoute quelques détails pour enrichir le dessin.;;Mitigé;Extérieur;30;drawing;;;{}
Dessine le rêve avec des formes simples;Avec ton doigt, prends le temps de créer une version riche et détaillée.;Avec ton doigt, prends le temps de créer une version riche et détaillée.;;En forme;Extérieur;30;drawing;;;{}
Dessine une lune décorée en version cartoon;Avec ton doigt, réalise une version simple de ce dessin.;Avec ton doigt, réalise une version simple de ce dessin.;;À plat;N'importe où;30;drawing;;;{}
Transforme un livre en ville en version cartoon;Avec ton doigt, ajoute quelques détails pour enrichir le dessin.;Avec ton doigt, ajoute quelques détails pour enrichir le dessin.;;Mitigé;N'importe où;30;drawing;;;{}
Pars d'une ligne courbe en version cartoon;Avec ton doigt, prends le temps de créer une version riche et détaillée.;Avec ton doigt, prends le temps de créer une version riche et détaillée.;;En forme;N'importe où;30;drawing;;;{}
Dessine un aventurier en version cartoon;Avec ton doigt, réalise une version simple de ce dessin.;Avec ton doigt, réalise une version simple de ce dessin.;;À plat;Maison;5;drawing;;;{}
Dessine un géant végétal en version cartoon;Avec ton doigt, ajoute quelques détails pour enrichir le dessin.;Avec ton doigt, ajoute quelques détails pour enrichir le dessin.;;Mitigé;Maison;5;drawing;;;{}
Dessine une découverte surprenante en version cartoon;Avec ton doigt, prends le temps de créer une version riche et détaillée.;Avec ton doigt, prends le temps de créer une version riche et détaillée.;;En forme;Maison;5;drawing;;;{}
Dessine ta main en version cartoon;Avec ton doigt, réalise une version simple de ce dessin.;Avec ton doigt, réalise une version simple de ce dessin.;;À plat;Extérieur;5;drawing;;;{}
Dessine ta chambre d'enfance avec un décor léger;Avec ton doigt, ajoute quelques détails pour enrichir le dessin.;Avec ton doigt, ajoute quelques détails pour enrichir le dessin.;;Mitigé;Extérieur;5;drawing;;;{}
Dessine une maison volante avec un décor léger;Avec ton doigt, prends le temps de créer une version riche et détaillée.;Avec ton doigt, prends le temps de créer une version riche et détaillée.;;En forme;Extérieur;5;drawing;;;{}
Dessine le calme avec un décor léger;Avec ton doigt, réalise une version simple de ce dessin.;Avec ton doigt, réalise une version simple de ce dessin.;;À plat;N'importe où;5;drawing;;;{}
Dessine un soleil en 10 traits avec un décor léger;Avec ton doigt, ajoute quelques détails pour enrichir le dessin.;Avec ton doigt, ajoute quelques détails pour enrichir le dessin.;;Mitigé;N'importe où;5;drawing;;;{}
Transforme une pomme en personnage avec un décor léger;Avec ton doigt, prends le temps de créer une version riche et détaillée.;Avec ton doigt, prends le temps de créer une version riche et détaillée.;;En forme;N'importe où;5;drawing;;;{}
Pars d'un cercle avec un décor léger;Avec ton doigt, réalise une version simple de ce dessin.;Avec ton doigt, réalise une version simple de ce dessin.;;À plat;Maison;15;drawing;;;{}
Dessine un explorateur avec un décor léger;Avec ton doigt, ajoute quelques détails pour enrichir le dessin.;Avec ton doigt, ajoute quelques détails pour enrichir le dessin.;;Mitigé;Maison;15;drawing;;;{}
Dessine un poisson extraterrestre en noir et blanc;Avec ton doigt, prends le temps de créer une version riche et détaillée.;Avec ton doigt, prends le temps de créer une version riche et détaillée.;;En forme;Maison;15;drawing;;;{}
Dessine une histoire en 3 cases en noir et blanc;Avec ton doigt, réalise une version simple de ce dessin.;Avec ton doigt, réalise une version simple de ce dessin.;;À plat;Extérieur;15;drawing;;;{}
Dessine une chaussure en noir et blanc;Avec ton doigt, ajoute quelques détails pour enrichir le dessin.;Avec ton doigt, ajoute quelques détails pour enrichir le dessin.;;Mitigé;Extérieur;15;drawing;;;{}
Dessine ton premier vélo en noir et blanc;Avec ton doigt, prends le temps de créer une version riche et détaillée.;Avec ton doigt, prends le temps de créer une version riche et détaillée.;;En forme;Extérieur;15;drawing;;;{}
Dessine un restaurant sous-marin en noir et blanc;Avec ton doigt, réalise une version simple de ce dessin.;Avec ton doigt, réalise une version simple de ce dessin.;;À plat;N'importe où;15;drawing;;;{}
Dessine la joie en noir et blanc;Avec ton doigt, ajoute quelques détails pour enrichir le dessin.;Avec ton doigt, ajoute quelques détails pour enrichir le dessin.;;Mitigé;N'importe où;15;drawing;;;{}
Dessine un poisson sans lever le doigt en noir et blanc;Avec ton doigt, prends le temps de créer une version riche et détaillée.;Avec ton doigt, prends le temps de créer une version riche et détaillée.;;En forme;N'importe où;15;drawing;;;{}
Transforme une chaise en véhicule avec une touche fantastique;Avec ton doigt, réalise une version simple de ce dessin.;Avec ton doigt, réalise une version simple de ce dessin.;;À plat;Maison;30;drawing;;;{}
Pars d'un carré avec une touche fantastique;Avec ton doigt, ajoute quelques détails pour enrichir le dessin.;Avec ton doigt, ajoute quelques détails pour enrichir le dessin.;;Mitigé;Maison;30;drawing;;;{}
Dessine un boulanger avec une touche fantastique;Avec ton doigt, prends le temps de créer une version riche et détaillée.;Avec ton doigt, prends le temps de créer une version riche et détaillée.;;En forme;Maison;30;drawing;;;{}
Dessine un dragon minuscule avec une touche fantastique;Avec ton doigt, réalise une version simple de ce dessin.;Avec ton doigt, réalise une version simple de ce dessin.;;À plat;Extérieur;30;drawing;;;{}
Dessine une rencontre improbable avec une touche fantastique;Avec ton doigt, ajoute quelques détails pour enrichir le dessin.;Avec ton doigt, ajoute quelques détails pour enrichir le dessin.;;Mitigé;Extérieur;30;drawing;;;{}
Dessine une tasse avec une touche fantastique;Avec ton doigt, prends le temps de créer une version riche et détaillée.;Avec ton doigt, prends le temps de créer une version riche et détaillée.;;En forme;Extérieur;30;drawing;;;{}
Dessine un souvenir de vacances avec une touche fantastique;Avec ton doigt, réalise une version simple de ce dessin.;Avec ton doigt, réalise une version simple de ce dessin.;;À plat;N'importe où;30;drawing;;;{}
Dessine une ville dans les nuages en vue de face;Avec ton doigt, ajoute quelques détails pour enrichir le dessin.;Avec ton doigt, ajoute quelques détails pour enrichir le dessin.;;Mitigé;N'importe où;30;drawing;;;{}
Dessine la curiosité en vue de face;Avec ton doigt, prends le temps de créer une version riche et détaillée.;Avec ton doigt, prends le temps de créer une version riche et détaillée.;;En forme;N'importe où;30;drawing;;;{}
Dessine une fleur en une ligne en vue de face;Avec ton doigt, réalise une version simple de ce dessin.;Avec ton doigt, réalise une version simple de ce dessin.;;À plat;Maison;5;drawing;;;{}
Transforme une tasse en château en vue de face;Avec ton doigt, ajoute quelques détails pour enrichir le dessin.;Avec ton doigt, ajoute quelques détails pour enrichir le dessin.;;Mitigé;Maison;5;drawing;;;{}
Pars d'un triangle en vue de face;Avec ton doigt, prends le temps de créer une version riche et détaillée.;Avec ton doigt, prends le temps de créer une version riche et détaillée.;;En forme;Maison;5;drawing;;;{}
Dessine un astronaute en vue de face;Avec ton doigt, réalise une version simple de ce dessin.;Avec ton doigt, réalise une version simple de ce dessin.;;À plat;Extérieur;5;drawing;;;{}
Dessine un animal à six pattes en vue de face;Avec ton doigt, ajoute quelques détails pour enrichir le dessin.;Avec ton doigt, ajoute quelques détails pour enrichir le dessin.;;Mitigé;Extérieur;5;drawing;;;{}
Dessine une chute drôle en vue de profil;Avec ton doigt, prends le temps de créer une version riche et détaillée.;Avec ton doigt, prends le temps de créer une version riche et détaillée.;;En forme;Extérieur;5;drawing;;;{}
Dessine une plante proche de toi en vue de profil;Avec ton doigt, réalise une version simple de ce dessin.;Avec ton doigt, réalise une version simple de ce dessin.;;À plat;N'importe où;5;drawing;;;{}
Dessine ton ancien cartable en vue de profil;Avec ton doigt, ajoute quelques détails pour enrichir le dessin.;Avec ton doigt, ajoute quelques détails pour enrichir le dessin.;;Mitigé;N'importe où;5;drawing;;;{}
Dessine un dragon jardinier en vue de profil;Avec ton doigt, prends le temps de créer une version riche et détaillée.;Avec ton doigt, prends le temps de créer une version riche et détaillée.;;En forme;N'importe où;5;drawing;;;{}
Dessine la surprise en vue de profil;Avec ton doigt, réalise une version simple de ce dessin.;Avec ton doigt, réalise une version simple de ce dessin.;;À plat;Maison;15;drawing;;;{}
Dessine un arbre en 30 secondes en vue de profil;Avec ton doigt, ajoute quelques détails pour enrichir le dessin.;Avec ton doigt, ajoute quelques détails pour enrichir le dessin.;;Mitigé;Maison;15;drawing;;;{}
Transforme un nuage en animal en vue de profil;Avec ton doigt, prends le temps de créer une version riche et détaillée.;Avec ton doigt, prends le temps de créer une version riche et détaillée.;;En forme;Maison;15;drawing;;;{}
Pars d'un rectangle dans un style amusant;Avec ton doigt, réalise une version simple de ce dessin.;Avec ton doigt, réalise une version simple de ce dessin.;;À plat;Extérieur;15;drawing;;;{}
Dessine un musicien dans un style amusant;Avec ton doigt, ajoute quelques détails pour enrichir le dessin.;Avec ton doigt, ajoute quelques détails pour enrichir le dessin.;;Mitigé;Extérieur;15;drawing;;;{}
Dessine une tortue volante dans un style amusant;Avec ton doigt, prends le temps de créer une version riche et détaillée.;Avec ton doigt, prends le temps de créer une version riche et détaillée.;;En forme;Extérieur;15;drawing;;;{}
Dessine un héros maladroit dans un style amusant;Avec ton doigt, réalise une version simple de ce dessin.;Avec ton doigt, réalise une version simple de ce dessin.;;À plat;N'importe où;15;drawing;;;{}
Dessine tes clés dans un style amusant;Avec ton doigt, ajoute quelques détails pour enrichir le dessin.;Avec ton doigt, ajoute quelques détails pour enrichir le dessin.;;Mitigé;N'importe où;15;drawing;;;{}
Dessine une cour de récréation dans un style amusant;Avec ton doigt, prends le temps de créer une version riche et détaillée.;Avec ton doigt, prends le temps de créer une version riche et détaillée.;;En forme;N'importe où;15;drawing;;;{}
Dessine un vélo volant dans un style amusant;Avec ton doigt, réalise une version simple de ce dessin.;Avec ton doigt, réalise une version simple de ce dessin.;;À plat;Maison;30;drawing;;;{}
Dessine la sérénité avec un élément surprise;Avec ton doigt, ajoute quelques détails pour enrichir le dessin.;Avec ton doigt, ajoute quelques détails pour enrichir le dessin.;;Mitigé;Maison;30;drawing;;;{}
Dessine un cœur stylisé avec un élément surprise;Avec ton doigt, prends le temps de créer une version riche et détaillée.;Avec ton doigt, prends le temps de créer une version riche et détaillée.;;En forme;Maison;30;drawing;;;{}
Transforme une chaussure en maison avec un élément surprise;Avec ton doigt, réalise une version simple de ce dessin.;Avec ton doigt, réalise une version simple de ce dessin.;;À plat;Extérieur;30;drawing;;;{}
Pars d'une spirale avec un élément surprise;Avec ton doigt, ajoute quelques détails pour enrichir le dessin.;Avec ton doigt, ajoute quelques détails pour enrichir le dessin.;;Mitigé;Extérieur;30;drawing;;;{}
Dessine un pirate avec un élément surprise;Avec ton doigt, prends le temps de créer une version riche et détaillée.;Avec ton doigt, prends le temps de créer une version riche et détaillée.;;En forme;Extérieur;30;drawing;;;{}
Dessine un renard de cristal avec un élément surprise;Avec ton doigt, réalise une version simple de ce dessin.;Avec ton doigt, réalise une version simple de ce dessin.;;À plat;N'importe où;30;drawing;;;{}
Dessine un trésor caché avec un élément surprise;Avec ton doigt, ajoute quelques détails pour enrichir le dessin.;Avec ton doigt, ajoute quelques détails pour enrichir le dessin.;;Mitigé;N'importe où;30;drawing;;;{}
Dessine une lampe avec peu de détails;Avec ton doigt, prends le temps de créer une version riche et détaillée.;Avec ton doigt, prends le temps de créer une version riche et détaillée.;;En forme;N'importe où;30;drawing;;;{}
Dessine ton goûter préféré avec peu de détails;Avec ton doigt, réalise une version simple de ce dessin.;Avec ton doigt, réalise une version simple de ce dessin.;;À plat;Maison;5;drawing;;;{}
Dessine une bibliothèque magique avec peu de détails;Avec ton doigt, ajoute quelques détails pour enrichir le dessin.;Avec ton doigt, ajoute quelques détails pour enrichir le dessin.;;Mitigé;Maison;5;drawing;;;{}
Dessine la confiance avec peu de détails;Avec ton doigt, prends le temps de créer une version riche et détaillée.;Avec ton doigt, prends le temps de créer une version riche et détaillée.;;En forme;Maison;5;drawing;;;{}
Dessine une montagne simple avec peu de détails;Avec ton doigt, réalise une version simple de ce dessin.;Avec ton doigt, réalise une version simple de ce dessin.;;À plat;Extérieur;5;drawing;;;{}
Transforme une lampe en robot avec peu de détails;Avec ton doigt, ajoute quelques détails pour enrichir le dessin.;Avec ton doigt, ajoute quelques détails pour enrichir le dessin.;;Mitigé;Extérieur;5;drawing;;;{}
Pars d'un zigzag avec peu de détails;Avec ton doigt, prends le temps de créer une version riche et détaillée.;Avec ton doigt, prends le temps de créer une version riche et détaillée.;;En forme;Extérieur;5;drawing;;;{}
Dessine une inventrice avec des formes simples;Avec ton doigt, réalise une version simple de ce dessin.;Avec ton doigt, réalise une version simple de ce dessin.;;À plat;N'importe où;5;drawing;;;{}
Dessine un monstre gentil avec des formes simples;Avec ton doigt, ajoute quelques détails pour enrichir le dessin.;Avec ton doigt, ajoute quelques détails pour enrichir le dessin.;;Mitigé;N'importe où;5;drawing;;;{}
Dessine une poursuite amusante avec des formes simples;Avec ton doigt, prends le temps de créer une version riche et détaillée.;Avec ton doigt, prends le temps de créer une version riche et détaillée.;;En forme;N'importe où;5;drawing;;;{}
Dessine une fenêtre avec des formes simples;Avec ton doigt, réalise une version simple de ce dessin.;Avec ton doigt, réalise une version simple de ce dessin.;;À plat;Maison;15;drawing;;;{}
Dessine une fête d'anniversaire avec des formes simples;Avec ton doigt, ajoute quelques détails pour enrichir le dessin.;Avec ton doigt, ajoute quelques détails pour enrichir le dessin.;;Mitigé;Maison;15;drawing;;;{}
Dessine un arbre géant habité avec des formes simples;Avec ton doigt, prends le temps de créer une version riche et détaillée.;Avec ton doigt, prends le temps de créer une version riche et détaillée.;;En forme;Maison;15;drawing;;;{}
Dessine le courage avec des formes simples;Avec ton doigt, réalise une version simple de ce dessin.;Avec ton doigt, réalise une version simple de ce dessin.;;À plat;Extérieur;15;drawing;;;{}
Dessine un nuage original en version cartoon;Avec ton doigt, ajoute quelques détails pour enrichir le dessin.;Avec ton doigt, ajoute quelques détails pour enrichir le dessin.;;Mitigé;Extérieur;15;drawing;;;{}
Transforme un arbre en tour en version cartoon;Avec ton doigt, prends le temps de créer une version riche et détaillée.;Avec ton doigt, prends le temps de créer une version riche et détaillée.;;En forme;Extérieur;15;drawing;;;{}
Pars d'une étoile en version cartoon;Avec ton doigt, réalise une version simple de ce dessin.;Avec ton doigt, réalise une version simple de ce dessin.;;À plat;N'importe où;15;drawing;;;{}
Dessine un jardinier en version cartoon;Avec ton doigt, ajoute quelques détails pour enrichir le dessin.;Avec ton doigt, ajoute quelques détails pour enrichir le dessin.;;Mitigé;N'importe où;15;drawing;;;{}
Dessine un oiseau mécanique en version cartoon;Avec ton doigt, prends le temps de créer une version riche et détaillée.;Avec ton doigt, prends le temps de créer une version riche et détaillée.;;En forme;N'importe où;15;drawing;;;{}
Dessine une journée parfaite en version cartoon;Avec ton doigt, réalise une version simple de ce dessin.;Avec ton doigt, réalise une version simple de ce dessin.;;À plat;Maison;30;drawing;;;{}
Dessine un coussin en version cartoon;Avec ton doigt, ajoute quelques détails pour enrichir le dessin.;Avec ton doigt, ajoute quelques détails pour enrichir le dessin.;;Mitigé;Maison;30;drawing;;;{}
Dessine une ancienne maison avec un décor léger;Avec ton doigt, prends le temps de créer une version riche et détaillée.;Avec ton doigt, prends le temps de créer une version riche et détaillée.;;En forme;Maison;30;drawing;;;{}
Dessine une île flottante avec un décor léger;Avec ton doigt, réalise une version simple de ce dessin.;Avec ton doigt, réalise une version simple de ce dessin.;;À plat;Extérieur;30;drawing;;;{}
Dessine la nostalgie avec un décor léger;Avec ton doigt, ajoute quelques détails pour enrichir le dessin.;Avec ton doigt, ajoute quelques détails pour enrichir le dessin.;;Mitigé;Extérieur;30;drawing;;;{}
Dessine une étoile créative avec un décor léger;Avec ton doigt, prends le temps de créer une version riche et détaillée.;Avec ton doigt, prends le temps de créer une version riche et détaillée.;;En forme;Extérieur;30;drawing;;;{}
Transforme une clé en créature avec un décor léger;Avec ton doigt, réalise une version simple de ce dessin.;Avec ton doigt, réalise une version simple de ce dessin.;;À plat;N'importe où;30;drawing;;;{}
Pars d'un demi-cercle avec un décor léger;Avec ton doigt, ajoute quelques détails pour enrichir le dessin.;Avec ton doigt, ajoute quelques détails pour enrichir le dessin.;;Mitigé;N'importe où;30;drawing;;;{}
Dessine une capitaine avec un décor léger;Avec ton doigt, prends le temps de créer une version riche et détaillée.;Avec ton doigt, prends le temps de créer une version riche et détaillée.;;En forme;N'importe où;30;drawing;;;{}
Dessine une créature lumineuse en noir et blanc;Avec ton doigt, réalise une version simple de ce dessin.;Avec ton doigt, réalise une version simple de ce dessin.;;À plat;Maison;5;drawing;;;{}
Dessine un voyage inattendu en noir et blanc;Avec ton doigt, ajoute quelques détails pour enrichir le dessin.;Avec ton doigt, ajoute quelques détails pour enrichir le dessin.;;Mitigé;Maison;5;drawing;;;{}
Dessine une bouteille en noir et blanc;Avec ton doigt, prends le temps de créer une version riche et détaillée.;Avec ton doigt, prends le temps de créer une version riche et détaillée.;;En forme;Maison;5;drawing;;;{}
Dessine un trajet familier en noir et blanc;Avec ton doigt, réalise une version simple de ce dessin.;Avec ton doigt, réalise une version simple de ce dessin.;;À plat;Extérieur;5;drawing;;;{}
Dessine un train volant en noir et blanc;Avec ton doigt, ajoute quelques détails pour enrichir le dessin.;Avec ton doigt, ajoute quelques détails pour enrichir le dessin.;;Mitigé;Extérieur;5;drawing;;;{}
Dessine la motivation en noir et blanc;Avec ton doigt, prends le temps de créer une version riche et détaillée.;Avec ton doigt, prends le temps de créer une version riche et détaillée.;;En forme;Extérieur;5;drawing;;;{}
Dessine un oiseau minimaliste en noir et blanc;Avec ton doigt, réalise une version simple de ce dessin.;Avec ton doigt, réalise une version simple de ce dessin.;;À plat;N'importe où;5;drawing;;;{}
Transforme un vélo en machine volante avec une touche fantastique;Avec ton doigt, ajoute quelques détails pour enrichir le dessin.;Avec ton doigt, ajoute quelques détails pour enrichir le dessin.;;Mitigé;N'importe où;5;drawing;;;{}
Pars d'un losange avec une touche fantastique;Avec ton doigt, prends le temps de créer une version riche et détaillée.;Avec ton doigt, prends le temps de créer une version riche et détaillée.;;En forme;N'importe où;5;drawing;;;{}
Dessine une danseuse avec une touche fantastique;Avec ton doigt, réalise une version simple de ce dessin.;Avec ton doigt, réalise une version simple de ce dessin.;;À plat;Maison;15;drawing;;;{}
Dessine un chat magique avec une touche fantastique;Avec ton doigt, ajoute quelques détails pour enrichir le dessin.;Avec ton doigt, ajoute quelques détails pour enrichir le dessin.;;Mitigé;Maison;15;drawing;;;{}
Dessine une invention ratée avec une touche fantastique;Avec ton doigt, prends le temps de créer une version riche et détaillée.;Avec ton doigt, prends le temps de créer une version riche et détaillée.;;En forme;Maison;15;drawing;;;{}
Dessine un livre ouvert avec une touche fantastique;Avec ton doigt, réalise une version simple de ce dessin.;Avec ton doigt, réalise une version simple de ce dessin.;;À plat;Extérieur;15;drawing;;;{}
Dessine un jouet marquant avec une touche fantastique;Avec ton doigt, ajoute quelques détails pour enrichir le dessin.;Avec ton doigt, ajoute quelques détails pour enrichir le dessin.;;Mitigé;Extérieur;15;drawing;;;{}
Dessine un marché fantastique en vue de face;Avec ton doigt, prends le temps de créer une version riche et détaillée.;Avec ton doigt, prends le temps de créer une version riche et détaillée.;;En forme;Extérieur;15;drawing;;;{}
Dessine le rêve en vue de face;Avec ton doigt, réalise une version simple de ce dessin.;Avec ton doigt, réalise une version simple de ce dessin.;;À plat;N'importe où;15;drawing;;;{}
Dessine une lune décorée en vue de face;Avec ton doigt, ajoute quelques détails pour enrichir le dessin.;Avec ton doigt, ajoute quelques détails pour enrichir le dessin.;;Mitigé;N'importe où;15;drawing;;;{}
Transforme un livre en ville en vue de face;Avec ton doigt, prends le temps de créer une version riche et détaillée.;Avec ton doigt, prends le temps de créer une version riche et détaillée.;;En forme;N'importe où;15;drawing;;;{}
Pars d'une ligne courbe en vue de face;Avec ton doigt, réalise une version simple de ce dessin.;Avec ton doigt, réalise une version simple de ce dessin.;;À plat;Maison;30;drawing;;;{}
Dessine un aventurier en vue de face;Avec ton doigt, ajoute quelques détails pour enrichir le dessin.;Avec ton doigt, ajoute quelques détails pour enrichir le dessin.;;Mitigé;Maison;30;drawing;;;{}
Dessine un géant végétal en vue de face;Avec ton doigt, prends le temps de créer une version riche et détaillée.;Avec ton doigt, prends le temps de créer une version riche et détaillée.;;En forme;Maison;30;drawing;;;{}
Dessine une découverte surprenante en vue de profil;Avec ton doigt, réalise une version simple de ce dessin.;Avec ton doigt, réalise une version simple de ce dessin.;;À plat;Extérieur;30;drawing;;;{}
Dessine ta main en vue de profil;Avec ton doigt, ajoute quelques détails pour enrichir le dessin.;Avec ton doigt, ajoute quelques détails pour enrichir le dessin.;;Mitigé;Extérieur;30;drawing;;;{}
Dessine ta chambre d'enfance en vue de profil;Avec ton doigt, prends le temps de créer une version riche et détaillée.;Avec ton doigt, prends le temps de créer une version riche et détaillée.;;En forme;Extérieur;30;drawing;;;{}
Dessine une maison volante en vue de profil;Avec ton doigt, réalise une version simple de ce dessin.;Avec ton doigt, réalise une version simple de ce dessin.;;À plat;N'importe où;30;drawing;;;{}
Dessine le calme en vue de profil;Avec ton doigt, ajoute quelques détails pour enrichir le dessin.;Avec ton doigt, ajoute quelques détails pour enrichir le dessin.;;Mitigé;N'importe où;30;drawing;;;{}
Dessine un soleil en 10 traits en vue de profil;Avec ton doigt, prends le temps de créer une version riche et détaillée.;Avec ton doigt, prends le temps de créer une version riche et détaillée.;;En forme;N'importe où;30;drawing;;;{}
Transforme une pomme en personnage en vue de profil;Avec ton doigt, réalise une version simple de ce dessin.;Avec ton doigt, réalise une version simple de ce dessin.;;À plat;Maison;5;drawing;;;{}
Pars d'un cercle dans un style amusant;Avec ton doigt, ajoute quelques détails pour enrichir le dessin.;Avec ton doigt, ajoute quelques détails pour enrichir le dessin.;;Mitigé;Maison;5;drawing;;;{}
Dessine un explorateur dans un style amusant;Avec ton doigt, prends le temps de créer une version riche et détaillée.;Avec ton doigt, prends le temps de créer une version riche et détaillée.;;En forme;Maison;5;drawing;;;{}
Dessine un poisson extraterrestre dans un style amusant;Avec ton doigt, réalise une version simple de ce dessin.;Avec ton doigt, réalise une version simple de ce dessin.;;À plat;Extérieur;5;drawing;;;{}
Dessine une histoire en 3 cases dans un style amusant;Avec ton doigt, ajoute quelques détails pour enrichir le dessin.;Avec ton doigt, ajoute quelques détails pour enrichir le dessin.;;Mitigé;Extérieur;5;drawing;;;{}
Dessine une chaussure dans un style amusant;Avec ton doigt, prends le temps de créer une version riche et détaillée.;Avec ton doigt, prends le temps de créer une version riche et détaillée.;;En forme;Extérieur;5;drawing;;;{}
Dessine ton premier vélo dans un style amusant;Avec ton doigt, réalise une version simple de ce dessin.;Avec ton doigt, réalise une version simple de ce dessin.;;À plat;N'importe où;5;drawing;;;{}
Dessine un restaurant sous-marin dans un style amusant;Avec ton doigt, ajoute quelques détails pour enrichir le dessin.;Avec ton doigt, ajoute quelques détails pour enrichir le dessin.;;Mitigé;N'importe où;5;drawing;;;{}
Dessine la joie avec un élément surprise;Avec ton doigt, prends le temps de créer une version riche et détaillée.;Avec ton doigt, prends le temps de créer une version riche et détaillée.;;En forme;N'importe où;5;drawing;;;{}
Dessine un poisson sans lever le doigt avec un élément surprise;Avec ton doigt, réalise une version simple de ce dessin.;Avec ton doigt, réalise une version simple de ce dessin.;;À plat;Maison;15;drawing;;;{}
Transforme une chaise en véhicule avec un élément surprise;Avec ton doigt, ajoute quelques détails pour enrichir le dessin.;Avec ton doigt, ajoute quelques détails pour enrichir le dessin.;;Mitigé;Maison;15;drawing;;;{}
Pars d'un carré avec un élément surprise;Avec ton doigt, prends le temps de créer une version riche et détaillée.;Avec ton doigt, prends le temps de créer une version riche et détaillée.;;En forme;Maison;15;drawing;;;{}
Dessine un boulanger avec un élément surprise;Avec ton doigt, réalise une version simple de ce dessin.;Avec ton doigt, réalise une version simple de ce dessin.;;À plat;Extérieur;15;drawing;;;{}
Dessine un dragon minuscule avec un élément surprise;Avec ton doigt, ajoute quelques détails pour enrichir le dessin.;Avec ton doigt, ajoute quelques détails pour enrichir le dessin.;;Mitigé;Extérieur;15;drawing;;;{}
Dessine une rencontre improbable avec un élément surprise;Avec ton doigt, prends le temps de créer une version riche et détaillée.;Avec ton doigt, prends le temps de créer une version riche et détaillée.;;En forme;Extérieur;15;drawing;;;{}
Dessine une tasse avec peu de détails;Avec ton doigt, réalise une version simple de ce dessin.;Avec ton doigt, réalise une version simple de ce dessin.;;À plat;N'importe où;15;drawing;;;{}
Dessine un souvenir de vacances avec peu de détails;Avec ton doigt, ajoute quelques détails pour enrichir le dessin.;Avec ton doigt, ajoute quelques détails pour enrichir le dessin.;;Mitigé;N'importe où;15;drawing;;;{}
Dessine une ville dans les nuages avec peu de détails;Avec ton doigt, prends le temps de créer une version riche et détaillée.;Avec ton doigt, prends le temps de créer une version riche et détaillée.;;En forme;N'importe où;15;drawing;;;{}
Dessine la curiosité avec peu de détails;Avec ton doigt, réalise une version simple de ce dessin.;Avec ton doigt, réalise une version simple de ce dessin.;;À plat;Maison;30;drawing;;;{}
Dessine une fleur en une ligne avec peu de détails;Avec ton doigt, ajoute quelques détails pour enrichir le dessin.;Avec ton doigt, ajoute quelques détails pour enrichir le dessin.;;Mitigé;Maison;30;drawing;;;{}
Transforme une tasse en château avec peu de détails;Avec ton doigt, prends le temps de créer une version riche et détaillée.;Avec ton doigt, prends le temps de créer une version riche et détaillée.;;En forme;Maison;30;drawing;;;{}
Pars d'un triangle avec peu de détails;Avec ton doigt, réalise une version simple de ce dessin.;Avec ton doigt, réalise une version simple de ce dessin.;;À plat;Extérieur;30;drawing;;;{}
Dessine un astronaute avec des formes simples;Avec ton doigt, ajoute quelques détails pour enrichir le dessin.;Avec ton doigt, ajoute quelques détails pour enrichir le dessin.;;Mitigé;Extérieur;30;drawing;;;{}
Dessine un animal à six pattes avec des formes simples;Avec ton doigt, prends le temps de créer une version riche et détaillée.;Avec ton doigt, prends le temps de créer une version riche et détaillée.;;En forme;Extérieur;30;drawing;;;{}
Dessine une chute drôle avec des formes simples;Avec ton doigt, réalise une version simple de ce dessin.;Avec ton doigt, réalise une version simple de ce dessin.;;À plat;N'importe où;30;drawing;;;{}
Dessine une plante proche de toi avec des formes simples;Avec ton doigt, ajoute quelques détails pour enrichir le dessin.;Avec ton doigt, ajoute quelques détails pour enrichir le dessin.;;Mitigé;N'importe où;30;drawing;;;{}
Dessine ton ancien cartable avec des formes simples;Avec ton doigt, prends le temps de créer une version riche et détaillée.;Avec ton doigt, prends le temps de créer une version riche et détaillée.;;En forme;N'importe où;30;drawing;;;{}
Dessine un dragon jardinier avec des formes simples;Avec ton doigt, réalise une version simple de ce dessin.;Avec ton doigt, réalise une version simple de ce dessin.;;À plat;Maison;5;drawing;;;{}
Dessine la surprise avec des formes simples;Avec ton doigt, ajoute quelques détails pour enrichir le dessin.;Avec ton doigt, ajoute quelques détails pour enrichir le dessin.;;Mitigé;Maison;5;drawing;;;{}
Dessine un arbre en 30 secondes en version cartoon;Avec ton doigt, prends le temps de créer une version riche et détaillée.;Avec ton doigt, prends le temps de créer une version riche et détaillée.;;En forme;Maison;5;drawing;;;{}
Transforme un nuage en animal en version cartoon;Avec ton doigt, réalise une version simple de ce dessin.;Avec ton doigt, réalise une version simple de ce dessin.;;À plat;Extérieur;5;drawing;;;{}
Pars d'un rectangle en version cartoon;Avec ton doigt, ajoute quelques détails pour enrichir le dessin.;Avec ton doigt, ajoute quelques détails pour enrichir le dessin.;;Mitigé;Extérieur;5;drawing;;;{}
Dessine un musicien en version cartoon;Avec ton doigt, prends le temps de créer une version riche et détaillée.;Avec ton doigt, prends le temps de créer une version riche et détaillée.;;En forme;Extérieur;5;drawing;;;{}
Dessine une tortue volante en version cartoon;Avec ton doigt, réalise une version simple de ce dessin.;Avec ton doigt, réalise une version simple de ce dessin.;;À plat;N'importe où;5;drawing;;;{}
Dessine un héros maladroit en version cartoon;Avec ton doigt, ajoute quelques détails pour enrichir le dessin.;Avec ton doigt, ajoute quelques détails pour enrichir le dessin.;;Mitigé;N'importe où;5;drawing;;;{}
Dessine tes clés en version cartoon;Avec ton doigt, prends le temps de créer une version riche et détaillée.;Avec ton doigt, prends le temps de créer une version riche et détaillée.;;En forme;N'importe où;5;drawing;;;{}
Dessine une cour de récréation avec un décor léger;Avec ton doigt, réalise une version simple de ce dessin.;Avec ton doigt, réalise une version simple de ce dessin.;;À plat;Maison;15;drawing;;;{}
Dessine un vélo volant avec un décor léger;Avec ton doigt, ajoute quelques détails pour enrichir le dessin.;Avec ton doigt, ajoute quelques détails pour enrichir le dessin.;;Mitigé;Maison;15;drawing;;;{}
Dessine la sérénité avec un décor léger;Avec ton doigt, prends le temps de créer une version riche et détaillée.;Avec ton doigt, prends le temps de créer une version riche et détaillée.;;En forme;Maison;15;drawing;;;{}
Dessine un cœur stylisé avec un décor léger;Avec ton doigt, réalise une version simple de ce dessin.;Avec ton doigt, réalise une version simple de ce dessin.;;À plat;Extérieur;15;drawing;;;{}
Transforme une chaussure en maison avec un décor léger;Avec ton doigt, ajoute quelques détails pour enrichir le dessin.;Avec ton doigt, ajoute quelques détails pour enrichir le dessin.;;Mitigé;Extérieur;15;drawing;;;{}
Pars d'une spirale avec un décor léger;Avec ton doigt, prends le temps de créer une version riche et détaillée.;Avec ton doigt, prends le temps de créer une version riche et détaillée.;;En forme;Extérieur;15;drawing;;;{}
Dessine un pirate avec un décor léger;Avec ton doigt, réalise une version simple de ce dessin.;Avec ton doigt, réalise une version simple de ce dessin.;;À plat;N'importe où;15;drawing;;;{}
Dessine un renard de cristal en noir et blanc;Avec ton doigt, ajoute quelques détails pour enrichir le dessin.;Avec ton doigt, ajoute quelques détails pour enrichir le dessin.;;Mitigé;N'importe où;15;drawing;;;{}
Dessine un trésor caché en noir et blanc;Avec ton doigt, prends le temps de créer une version riche et détaillée.;Avec ton doigt, prends le temps de créer une version riche et détaillée.;;En forme;N'importe où;15;drawing;;;{}
Dessine une lampe en noir et blanc;Avec ton doigt, réalise une version simple de ce dessin.;Avec ton doigt, réalise une version simple de ce dessin.;;À plat;Maison;30;drawing;;;{}
Dessine ton goûter préféré en noir et blanc;Avec ton doigt, ajoute quelques détails pour enrichir le dessin.;Avec ton doigt, ajoute quelques détails pour enrichir le dessin.;;Mitigé;Maison;30;drawing;;;{}
Dessine une bibliothèque magique en noir et blanc;Avec ton doigt, prends le temps de créer une version riche et détaillée.;Avec ton doigt, prends le temps de créer une version riche et détaillée.;;En forme;Maison;30;drawing;;;{}
Dessine la confiance en noir et blanc;Avec ton doigt, réalise une version simple de ce dessin.;Avec ton doigt, réalise une version simple de ce dessin.;;À plat;Extérieur;30;drawing;;;{}
Dessine une montagne simple en noir et blanc;Avec ton doigt, ajoute quelques détails pour enrichir le dessin.;Avec ton doigt, ajoute quelques détails pour enrichir le dessin.;;Mitigé;Extérieur;30;drawing;;;{}
Transforme une lampe en robot avec une touche fantastique;Avec ton doigt, prends le temps de créer une version riche et détaillée.;Avec ton doigt, prends le temps de créer une version riche et détaillée.;;En forme;Extérieur;30;drawing;;;{}
Pars d'un zigzag avec une touche fantastique;Avec ton doigt, réalise une version simple de ce dessin.;Avec ton doigt, réalise une version simple de ce dessin.;;À plat;N'importe où;30;drawing;;;{}
Dessine une inventrice avec une touche fantastique;Avec ton doigt, ajoute quelques détails pour enrichir le dessin.;Avec ton doigt, ajoute quelques détails pour enrichir le dessin.;;Mitigé;N'importe où;30;drawing;;;{}
Dessine un monstre gentil avec une touche fantastique;Avec ton doigt, prends le temps de créer une version riche et détaillée.;Avec ton doigt, prends le temps de créer une version riche et détaillée.;;En forme;N'importe où;30;drawing;;;{}
Dessine une poursuite amusante avec une touche fantastique;Avec ton doigt, réalise une version simple de ce dessin.;Avec ton doigt, réalise une version simple de ce dessin.;;À plat;Maison;5;drawing;;;{}
Dessine une fenêtre avec une touche fantastique;Avec ton doigt, ajoute quelques détails pour enrichir le dessin.;Avec ton doigt, ajoute quelques détails pour enrichir le dessin.;;Mitigé;Maison;5;drawing;;;{}
Dessine une fête d'anniversaire avec une touche fantastique;Avec ton doigt, prends le temps de créer une version riche et détaillée.;Avec ton doigt, prends le temps de créer une version riche et détaillée.;;En forme;Maison;5;drawing;;;{}
Dessine un arbre géant habité en vue de face;Avec ton doigt, réalise une version simple de ce dessin.;Avec ton doigt, réalise une version simple de ce dessin.;;À plat;Extérieur;5;drawing;;;{}
Dessine le courage en vue de face;Avec ton doigt, ajoute quelques détails pour enrichir le dessin.;Avec ton doigt, ajoute quelques détails pour enrichir le dessin.;;Mitigé;Extérieur;5;drawing;;;{}
Dessine un nuage original en vue de face;Avec ton doigt, prends le temps de créer une version riche et détaillée.;Avec ton doigt, prends le temps de créer une version riche et détaillée.;;En forme;Extérieur;5;drawing;;;{}
Transforme un arbre en tour en vue de face;Avec ton doigt, réalise une version simple de ce dessin.;Avec ton doigt, réalise une version simple de ce dessin.;;À plat;N'importe où;5;drawing;;;{}
Pars d'une étoile en vue de face;Avec ton doigt, ajoute quelques détails pour enrichir le dessin.;Avec ton doigt, ajoute quelques détails pour enrichir le dessin.;;Mitigé;N'importe où;5;drawing;;;{}
Dessine un jardinier en vue de face;Avec ton doigt, prends le temps de créer une version riche et détaillée.;Avec ton doigt, prends le temps de créer une version riche et détaillée.;;En forme;N'importe où;5;drawing;;;{}
Dessine un oiseau mécanique en vue de face;Avec ton doigt, réalise une version simple de ce dessin.;Avec ton doigt, réalise une version simple de ce dessin.;;À plat;Maison;15;drawing;;;{}
Dessine une journée parfaite en vue de profil;Avec ton doigt, ajoute quelques détails pour enrichir le dessin.;Avec ton doigt, ajoute quelques détails pour enrichir le dessin.;;Mitigé;Maison;15;drawing;;;{}
Dessine un coussin en vue de profil;Avec ton doigt, prends le temps de créer une version riche et détaillée.;Avec ton doigt, prends le temps de créer une version riche et détaillée.;;En forme;Maison;15;drawing;;;{}
Dessine une ancienne maison en vue de profil;Avec ton doigt, réalise une version simple de ce dessin.;Avec ton doigt, réalise une version simple de ce dessin.;;À plat;Extérieur;15;drawing;;;{}
Dessine une île flottante en vue de profil;Avec ton doigt, ajoute quelques détails pour enrichir le dessin.;Avec ton doigt, ajoute quelques détails pour enrichir le dessin.;;Mitigé;Extérieur;15;drawing;;;{}
Dessine la nostalgie en vue de profil;Avec ton doigt, prends le temps de créer une version riche et détaillée.;Avec ton doigt, prends le temps de créer une version riche et détaillée.;;En forme;Extérieur;15;drawing;;;{}
Dessine une étoile créative en vue de profil;Avec ton doigt, réalise une version simple de ce dessin.;Avec ton doigt, réalise une version simple de ce dessin.;;À plat;N'importe où;15;drawing;;;{}
Transforme une clé en créature en vue de profil;Avec ton doigt, ajoute quelques détails pour enrichir le dessin.;Avec ton doigt, ajoute quelques détails pour enrichir le dessin.;;Mitigé;N'importe où;15;drawing;;;{}
Pars d'un demi-cercle dans un style amusant;Avec ton doigt, prends le temps de créer une version riche et détaillée.;Avec ton doigt, prends le temps de créer une version riche et détaillée.;;En forme;N'importe où;15;drawing;;;{}
Dessine une capitaine dans un style amusant;Avec ton doigt, réalise une version simple de ce dessin.;Avec ton doigt, réalise une version simple de ce dessin.;;À plat;Maison;30;drawing;;;{}
Dessine une créature lumineuse dans un style amusant;Avec ton doigt, ajoute quelques détails pour enrichir le dessin.;Avec ton doigt, ajoute quelques détails pour enrichir le dessin.;;Mitigé;Maison;30;drawing;;;{}
Dessine un voyage inattendu dans un style amusant;Avec ton doigt, prends le temps de créer une version riche et détaillée.;Avec ton doigt, prends le temps de créer une version riche et détaillée.;;En forme;Maison;30;drawing;;;{}
Dessine une bouteille dans un style amusant;Avec ton doigt, réalise une version simple de ce dessin.;Avec ton doigt, réalise une version simple de ce dessin.;;À plat;Extérieur;30;drawing;;;{}
Dessine un trajet familier dans un style amusant;Avec ton doigt, ajoute quelques détails pour enrichir le dessin.;Avec ton doigt, ajoute quelques détails pour enrichir le dessin.;;Mitigé;Extérieur;30;drawing;;;{}
Dessine un train volant dans un style amusant;Avec ton doigt, prends le temps de créer une version riche et détaillée.;Avec ton doigt, prends le temps de créer une version riche et détaillée.;;En forme;Extérieur;30;drawing;;;{}
Dessine la motivation avec un élément surprise;Avec ton doigt, réalise une version simple de ce dessin.;Avec ton doigt, réalise une version simple de ce dessin.;;À plat;N'importe où;30;drawing;;;{}
Dessine un oiseau minimaliste avec un élément surprise;Avec ton doigt, ajoute quelques détails pour enrichir le dessin.;Avec ton doigt, ajoute quelques détails pour enrichir le dessin.;;Mitigé;N'importe où;30;drawing;;;{}
Transforme un vélo en machine volante avec un élément surprise;Avec ton doigt, prends le temps de créer une version riche et détaillée.;Avec ton doigt, prends le temps de créer une version riche et détaillée.;;En forme;N'importe où;30;drawing;;;{}
Pars d'un losange avec un élément surprise;Avec ton doigt, réalise une version simple de ce dessin.;Avec ton doigt, réalise une version simple de ce dessin.;;À plat;Maison;5;drawing;;;{}
Dessine une danseuse avec un élément surprise;Avec ton doigt, ajoute quelques détails pour enrichir le dessin.;Avec ton doigt, ajoute quelques détails pour enrichir le dessin.;;Mitigé;Maison;5;drawing;;;{}
Dessine un chat magique avec un élément surprise;Avec ton doigt, prends le temps de créer une version riche et détaillée.;Avec ton doigt, prends le temps de créer une version riche et détaillée.;;En forme;Maison;5;drawing;;;{}
Dessine une invention ratée avec un élément surprise;Avec ton doigt, réalise une version simple de ce dessin.;Avec ton doigt, réalise une version simple de ce dessin.;;À plat;Extérieur;5;drawing;;;{}
Dessine un livre ouvert avec peu de détails;Avec ton doigt, ajoute quelques détails pour enrichir le dessin.;Avec ton doigt, ajoute quelques détails pour enrichir le dessin.;;Mitigé;Extérieur;5;drawing;;;{}
Dessine un jouet marquant avec peu de détails;Avec ton doigt, prends le temps de créer une version riche et détaillée.;Avec ton doigt, prends le temps de créer une version riche et détaillée.;;En forme;Extérieur;5;drawing;;;{}
Dessine un marché fantastique avec peu de détails;Avec ton doigt, réalise une version simple de ce dessin.;Avec ton doigt, réalise une version simple de ce dessin.;;À plat;N'importe où;5;drawing;;;{}
Dessine le rêve avec peu de détails;Avec ton doigt, ajoute quelques détails pour enrichir le dessin.;Avec ton doigt, ajoute quelques détails pour enrichir le dessin.;;Mitigé;N'importe où;5;drawing;;;{}
Dessine une lune décorée avec peu de détails;Avec ton doigt, prends le temps de créer une version riche et détaillée.;Avec ton doigt, prends le temps de créer une version riche et détaillée.;;En forme;N'importe où;5;drawing;;;{}
Transforme un livre en ville avec peu de détails;Avec ton doigt, réalise une version simple de ce dessin.;Avec ton doigt, réalise une version simple de ce dessin.;;À plat;Maison;15;drawing;;;{}
Pars d'une ligne courbe avec peu de détails;Avec ton doigt, ajoute quelques détails pour enrichir le dessin.;Avec ton doigt, ajoute quelques détails pour enrichir le dessin.;;Mitigé;Maison;15;drawing;;;{}
Dessine un aventurier avec des formes simples;Avec ton doigt, prends le temps de créer une version riche et détaillée.;Avec ton doigt, prends le temps de créer une version riche et détaillée.;;En forme;Maison;15;drawing;;;{}
Dessine un géant végétal avec des formes simples;Avec ton doigt, réalise une version simple de ce dessin.;Avec ton doigt, réalise une version simple de ce dessin.;;À plat;Extérieur;15;drawing;;;{}
Dessine une découverte surprenante avec des formes simples;Avec ton doigt, ajoute quelques détails pour enrichir le dessin.;Avec ton doigt, ajoute quelques détails pour enrichir le dessin.;;Mitigé;Extérieur;15;drawing;;;{}
Dessine ta main avec des formes simples;Avec ton doigt, prends le temps de créer une version riche et détaillée.;Avec ton doigt, prends le temps de créer une version riche et détaillée.;;En forme;Extérieur;15;drawing;;;{}
Dessine ta chambre d'enfance avec des formes simples;Avec ton doigt, réalise une version simple de ce dessin.;Avec ton doigt, réalise une version simple de ce dessin.;;À plat;N'importe où;15;drawing;;;{}
Dessine une maison volante avec des formes simples;Avec ton doigt, ajoute quelques détails pour enrichir le dessin.;Avec ton doigt, ajoute quelques détails pour enrichir le dessin.;;Mitigé;N'importe où;15;drawing;;;{}
Dessine le calme avec des formes simples;Avec ton doigt, prends le temps de créer une version riche et détaillée.;Avec ton doigt, prends le temps de créer une version riche et détaillée.;;En forme;N'importe où;15;drawing;;;{}
Dessine un soleil en 10 traits en version cartoon;Avec ton doigt, réalise une version simple de ce dessin.;Avec ton doigt, réalise une version simple de ce dessin.;;À plat;Maison;30;drawing;;;{}
Transforme une pomme en personnage en version cartoon;Avec ton doigt, ajoute quelques détails pour enrichir le dessin.;Avec ton doigt, ajoute quelques détails pour enrichir le dessin.;;Mitigé;Maison;30;drawing;;;{}
Pars d'un cercle en version cartoon;Avec ton doigt, prends le temps de créer une version riche et détaillée.;Avec ton doigt, prends le temps de créer une version riche et détaillée.;;En forme;Maison;30;drawing;;;{}
Dessine un explorateur en version cartoon;Avec ton doigt, réalise une version simple de ce dessin.;Avec ton doigt, réalise une version simple de ce dessin.;;À plat;Extérieur;30;drawing;;;{}
Dessine un poisson extraterrestre en version cartoon;Avec ton doigt, ajoute quelques détails pour enrichir le dessin.;Avec ton doigt, ajoute quelques détails pour enrichir le dessin.;;Mitigé;Extérieur;30;drawing;;;{}
Dessine une histoire en 3 cases en version cartoon;Avec ton doigt, prends le temps de créer une version riche et détaillée.;Avec ton doigt, prends le temps de créer une version riche et détaillée.;;En forme;Extérieur;30;drawing;;;{}
Dessine une chaussure en version cartoon;Avec ton doigt, réalise une version simple de ce dessin.;Avec ton doigt, réalise une version simple de ce dessin.;;À plat;N'importe où;30;drawing;;;{}
Dessine ton premier vélo avec un décor léger;Avec ton doigt, ajoute quelques détails pour enrichir le dessin.;Avec ton doigt, ajoute quelques détails pour enrichir le dessin.;;Mitigé;N'importe où;30;drawing;;;{}
Dessine un restaurant sous-marin avec un décor léger;Avec ton doigt, prends le temps de créer une version riche et détaillée.;Avec ton doigt, prends le temps de créer une version riche et détaillée.;;En forme;N'importe où;30;drawing;;;{}
Dessine la joie avec un décor léger;Avec ton doigt, réalise une version simple de ce dessin.;Avec ton doigt, réalise une version simple de ce dessin.;;À plat;Maison;5;drawing;;;{}
Dessine un poisson sans lever le doigt avec un décor léger;Avec ton doigt, ajoute quelques détails pour enrichir le dessin.;Avec ton doigt, ajoute quelques détails pour enrichir le dessin.;;Mitigé;Maison;5;drawing;;;{}
Transforme une chaise en véhicule avec un décor léger;Avec ton doigt, prends le temps de créer une version riche et détaillée.;Avec ton doigt, prends le temps de créer une version riche et détaillée.;;En forme;Maison;5;drawing;;;{}
Pars d'un carré avec un décor léger;Avec ton doigt, réalise une version simple de ce dessin.;Avec ton doigt, réalise une version simple de ce dessin.;;À plat;Extérieur;5;drawing;;;{}
Dessine un boulanger avec un décor léger;Avec ton doigt, ajoute quelques détails pour enrichir le dessin.;Avec ton doigt, ajoute quelques détails pour enrichir le dessin.;;Mitigé;Extérieur;5;drawing;;;{}
Dessine un dragon minuscule en noir et blanc;Avec ton doigt, prends le temps de créer une version riche et détaillée.;Avec ton doigt, prends le temps de créer une version riche et détaillée.;;En forme;Extérieur;5;drawing;;;{}
Dessine une rencontre improbable en noir et blanc;Avec ton doigt, réalise une version simple de ce dessin.;Avec ton doigt, réalise une version simple de ce dessin.;;À plat;N'importe où;5;drawing;;;{}
Dessine une tasse en noir et blanc;Avec ton doigt, ajoute quelques détails pour enrichir le dessin.;Avec ton doigt, ajoute quelques détails pour enrichir le dessin.;;Mitigé;N'importe où;5;drawing;;;{}
Dessine un souvenir de vacances en noir et blanc;Avec ton doigt, prends le temps de créer une version riche et détaillée.;Avec ton doigt, prends le temps de créer une version riche et détaillée.;;En forme;N'importe où;5;drawing;;;{}
Dessine une ville dans les nuages en noir et blanc;Avec ton doigt, réalise une version simple de ce dessin.;Avec ton doigt, réalise une version simple de ce dessin.;;À plat;Maison;15;drawing;;;{}
Dessine la curiosité en noir et blanc;Avec ton doigt, ajoute quelques détails pour enrichir le dessin.;Avec ton doigt, ajoute quelques détails pour enrichir le dessin.;;Mitigé;Maison;15;drawing;;;{}
Dessine une fleur en une ligne en noir et blanc;Avec ton doigt, prends le temps de créer une version riche et détaillée.;Avec ton doigt, prends le temps de créer une version riche et détaillée.;;En forme;Maison;15;drawing;;;{}
Transforme une tasse en château avec une touche fantastique;Avec ton doigt, réalise une version simple de ce dessin.;Avec ton doigt, réalise une version simple de ce dessin.;;À plat;Extérieur;15;drawing;;;{}
Pars d'un triangle avec une touche fantastique;Avec ton doigt, ajoute quelques détails pour enrichir le dessin.;Avec ton doigt, ajoute quelques détails pour enrichir le dessin.;;Mitigé;Extérieur;15;drawing;;;{}
Dessine un astronaute avec une touche fantastique;Avec ton doigt, prends le temps de créer une version riche et détaillée.;Avec ton doigt, prends le temps de créer une version riche et détaillée.;;En forme;Extérieur;15;drawing;;;{}
Dessine un animal à six pattes avec une touche fantastique;Avec ton doigt, réalise une version simple de ce dessin.;Avec ton doigt, réalise une version simple de ce dessin.;;À plat;N'importe où;15;drawing;;;{}
Dessine une chute drôle avec une touche fantastique;Avec ton doigt, ajoute quelques détails pour enrichir le dessin.;Avec ton doigt, ajoute quelques détails pour enrichir le dessin.;;Mitigé;N'importe où;15;drawing;;;{}
Dessine une plante proche de toi avec une touche fantastique;Avec ton doigt, prends le temps de créer une version riche et détaillée.;Avec ton doigt, prends le temps de créer une version riche et détaillée.;;En forme;N'importe où;15;drawing;;;{}
Dessine ton ancien cartable avec une touche fantastique;Avec ton doigt, réalise une version simple de ce dessin.;Avec ton doigt, réalise une version simple de ce dessin.;;À plat;Maison;30;drawing;;;{}
Dessine un dragon jardinier en vue de face;Avec ton doigt, ajoute quelques détails pour enrichir le dessin.;Avec ton doigt, ajoute quelques détails pour enrichir le dessin.;;Mitigé;Maison;30;drawing;;;{}
Dessine la surprise en vue de face;Avec ton doigt, prends le temps de créer une version riche et détaillée.;Avec ton doigt, prends le temps de créer une version riche et détaillée.;;En forme;Maison;30;drawing;;;{}
Dessine un arbre en 30 secondes en vue de face;Avec ton doigt, réalise une version simple de ce dessin.;Avec ton doigt, réalise une version simple de ce dessin.;;À plat;Extérieur;30;drawing;;;{}
Transforme un nuage en animal en vue de face;Avec ton doigt, ajoute quelques détails pour enrichir le dessin.;Avec ton doigt, ajoute quelques détails pour enrichir le dessin.;;Mitigé;Extérieur;30;drawing;;;{}
Pars d'un rectangle en vue de face;Avec ton doigt, prends le temps de créer une version riche et détaillée.;Avec ton doigt, prends le temps de créer une version riche et détaillée.;;En forme;Extérieur;30;drawing;;;{}
Dessine un musicien en vue de face;Avec ton doigt, réalise une version simple de ce dessin.;Avec ton doigt, réalise une version simple de ce dessin.;;À plat;N'importe où;30;drawing;;;{}
Dessine une tortue volante en vue de face;Avec ton doigt, ajoute quelques détails pour enrichir le dessin.;Avec ton doigt, ajoute quelques détails pour enrichir le dessin.;;Mitigé;N'importe où;30;drawing;;;{}
Dessine un héros maladroit en vue de profil;Avec ton doigt, prends le temps de créer une version riche et détaillée.;Avec ton doigt, prends le temps de créer une version riche et détaillée.;;En forme;N'importe où;30;drawing;;;{}
Dessine tes clés en vue de profil;Avec ton doigt, réalise une version simple de ce dessin.;Avec ton doigt, réalise une version simple de ce dessin.;;À plat;Maison;5;drawing;;;{}
Dessine une cour de récréation en vue de profil;Avec ton doigt, ajoute quelques détails pour enrichir le dessin.;Avec ton doigt, ajoute quelques détails pour enrichir le dessin.;;Mitigé;Maison;5;drawing;;;{}
Dessine un vélo volant en vue de profil;Avec ton doigt, prends le temps de créer une version riche et détaillée.;Avec ton doigt, prends le temps de créer une version riche et détaillée.;;En forme;Maison;5;drawing;;;{}
Dessine la sérénité en vue de profil;Avec ton doigt, réalise une version simple de ce dessin.;Avec ton doigt, réalise une version simple de ce dessin.;;À plat;Extérieur;5;drawing;;;{}
Dessine un cœur stylisé en vue de profil;Avec ton doigt, ajoute quelques détails pour enrichir le dessin.;Avec ton doigt, ajoute quelques détails pour enrichir le dessin.;;Mitigé;Extérieur;5;drawing;;;{}
Transforme une chaussure en maison en vue de profil;Avec ton doigt, prends le temps de créer une version riche et détaillée.;Avec ton doigt, prends le temps de créer une version riche et détaillée.;;En forme;Extérieur;5;drawing;;;{}
Pars d'une spirale dans un style amusant;Avec ton doigt, réalise une version simple de ce dessin.;Avec ton doigt, réalise une version simple de ce dessin.;;À plat;N'importe où;5;drawing;;;{}
Dessine un pirate dans un style amusant;Avec ton doigt, ajoute quelques détails pour enrichir le dessin.;Avec ton doigt, ajoute quelques détails pour enrichir le dessin.;;Mitigé;N'importe où;5;drawing;;;{}
Dessine un renard de cristal dans un style amusant;Avec ton doigt, prends le temps de créer une version riche et détaillée.;Avec ton doigt, prends le temps de créer une version riche et détaillée.;;En forme;N'importe où;5;drawing;;;{}
Dessine un trésor caché dans un style amusant;Avec ton doigt, réalise une version simple de ce dessin.;Avec ton doigt, réalise une version simple de ce dessin.;;À plat;Maison;15;drawing;;;{}
Dessine une lampe dans un style amusant;Avec ton doigt, ajoute quelques détails pour enrichir le dessin.;Avec ton doigt, ajoute quelques détails pour enrichir le dessin.;;Mitigé;Maison;15;drawing;;;{}
Dessine ton goûter préféré dans un style amusant;Avec ton doigt, prends le temps de créer une version riche et détaillée.;Avec ton doigt, prends le temps de créer une version riche et détaillée.;;En forme;Maison;15;drawing;;;{}
Dessine une bibliothèque magique dans un style amusant;Avec ton doigt, réalise une version simple de ce dessin.;Avec ton doigt, réalise une version simple de ce dessin.;;À plat;Extérieur;15;drawing;;;{}
Dessine la confiance avec un élément surprise;Avec ton doigt, ajoute quelques détails pour enrichir le dessin.;Avec ton doigt, ajoute quelques détails pour enrichir le dessin.;;Mitigé;Extérieur;15;drawing;;;{}
Dessine une montagne simple avec un élément surprise;Avec ton doigt, prends le temps de créer une version riche et détaillée.;Avec ton doigt, prends le temps de créer une version riche et détaillée.;;En forme;Extérieur;15;drawing;;;{}
Transforme une lampe en robot avec un élément surprise;Avec ton doigt, réalise une version simple de ce dessin.;Avec ton doigt, réalise une version simple de ce dessin.;;À plat;N'importe où;15;drawing;;;{}
Pars d'un zigzag avec un élément surprise;Avec ton doigt, ajoute quelques détails pour enrichir le dessin.;Avec ton doigt, ajoute quelques détails pour enrichir le dessin.;;Mitigé;N'importe où;15;drawing;;;{}
Dessine une inventrice avec un élément surprise;Avec ton doigt, prends le temps de créer une version riche et détaillée.;Avec ton doigt, prends le temps de créer une version riche et détaillée.;;En forme;N'importe où;15;drawing;;;{}
Dessine un monstre gentil avec un élément surprise;Avec ton doigt, réalise une version simple de ce dessin.;Avec ton doigt, réalise une version simple de ce dessin.;;À plat;Maison;30;drawing;;;{}
Dessine une poursuite amusante avec un élément surprise;Avec ton doigt, ajoute quelques détails pour enrichir le dessin.;Avec ton doigt, ajoute quelques détails pour enrichir le dessin.;;Mitigé;Maison;30;drawing;;;{}
Dessine une fenêtre avec peu de détails;Avec ton doigt, prends le temps de créer une version riche et détaillée.;Avec ton doigt, prends le temps de créer une version riche et détaillée.;;En forme;Maison;30;drawing;;;{}
Dessine une fête d'anniversaire avec peu de détails;Avec ton doigt, réalise une version simple de ce dessin.;Avec ton doigt, réalise une version simple de ce dessin.;;À plat;Extérieur;30;drawing;;;{}
Dessine un arbre géant habité avec peu de détails;Avec ton doigt, ajoute quelques détails pour enrichir le dessin.;Avec ton doigt, ajoute quelques détails pour enrichir le dessin.;;Mitigé;Extérieur;30;drawing;;;{}
Dessine le courage avec peu de détails;Avec ton doigt, prends le temps de créer une version riche et détaillée.;Avec ton doigt, prends le temps de créer une version riche et détaillée.;;En forme;Extérieur;30;drawing;;;{}
Dessine un nuage original avec peu de détails;Avec ton doigt, réalise une version simple de ce dessin.;Avec ton doigt, réalise une version simple de ce dessin.;;À plat;N'importe où;30;drawing;;;{}
Transforme un arbre en tour avec peu de détails;Avec ton doigt, ajoute quelques détails pour enrichir le dessin.;Avec ton doigt, ajoute quelques détails pour enrichir le dessin.;;Mitigé;N'importe où;30;drawing;;;{}
Pars d'une étoile avec peu de détails;Avec ton doigt, prends le temps de créer une version riche et détaillée.;Avec ton doigt, prends le temps de créer une version riche et détaillée.;;En forme;N'importe où;30;drawing;;;{}
Dessine un jardinier avec des formes simples;Avec ton doigt, réalise une version simple de ce dessin.;Avec ton doigt, réalise une version simple de ce dessin.;;À plat;Maison;5;drawing;;;{}
Dessine un oiseau mécanique avec des formes simples;Avec ton doigt, ajoute quelques détails pour enrichir le dessin.;Avec ton doigt, ajoute quelques détails pour enrichir le dessin.;;Mitigé;Maison;5;drawing;;;{}
Dessine une journée parfaite avec des formes simples;Avec ton doigt, prends le temps de créer une version riche et détaillée.;Avec ton doigt, prends le temps de créer une version riche et détaillée.;;En forme;Maison;5;drawing;;;{}
Dessine un coussin avec des formes simples;Avec ton doigt, réalise une version simple de ce dessin.;Avec ton doigt, réalise une version simple de ce dessin.;;À plat;Extérieur;5;drawing;;;{}
Dessine une ancienne maison avec des formes simples;Avec ton doigt, ajoute quelques détails pour enrichir le dessin.;Avec ton doigt, ajoute quelques détails pour enrichir le dessin.;;Mitigé;Extérieur;5;drawing;;;{}
Dessine une île flottante avec des formes simples;Avec ton doigt, prends le temps de créer une version riche et détaillée.;Avec ton doigt, prends le temps de créer une version riche et détaillée.;;En forme;Extérieur;5;drawing;;;{}
Dessine la nostalgie avec des formes simples;Avec ton doigt, réalise une version simple de ce dessin.;Avec ton doigt, réalise une version simple de ce dessin.;;À plat;N'importe où;5;drawing;;;{}
Dessine une étoile créative en version cartoon;Avec ton doigt, ajoute quelques détails pour enrichir le dessin.;Avec ton doigt, ajoute quelques détails pour enrichir le dessin.;;Mitigé;N'importe où;5;drawing;;;{}
Transforme une clé en créature en version cartoon;Avec ton doigt, prends le temps de créer une version riche et détaillée.;Avec ton doigt, prends le temps de créer une version riche et détaillée.;;En forme;N'importe où;5;drawing;;;{}
Pars d'un demi-cercle en version cartoon;Avec ton doigt, réalise une version simple de ce dessin.;Avec ton doigt, réalise une version simple de ce dessin.;;À plat;Maison;15;drawing;;;{}
Dessine une capitaine en version cartoon;Avec ton doigt, ajoute quelques détails pour enrichir le dessin.;Avec ton doigt, ajoute quelques détails pour enrichir le dessin.;;Mitigé;Maison;15;drawing;;;{}
Dessine une créature lumineuse en version cartoon;Avec ton doigt, prends le temps de créer une version riche et détaillée.;Avec ton doigt, prends le temps de créer une version riche et détaillée.;;En forme;Maison;15;drawing;;;{}
Dessine un voyage inattendu en version cartoon;Avec ton doigt, réalise une version simple de ce dessin.;Avec ton doigt, réalise une version simple de ce dessin.;;À plat;Extérieur;15;drawing;;;{}
Dessine une bouteille en version cartoon;Avec ton doigt, ajoute quelques détails pour enrichir le dessin.;Avec ton doigt, ajoute quelques détails pour enrichir le dessin.;;Mitigé;Extérieur;15;drawing;;;{}
Dessine un trajet familier avec un décor léger;Avec ton doigt, prends le temps de créer une version riche et détaillée.;Avec ton doigt, prends le temps de créer une version riche et détaillée.;;En forme;Extérieur;15;drawing;;;{}
Dessine un train volant avec un décor léger;Avec ton doigt, réalise une version simple de ce dessin.;Avec ton doigt, réalise une version simple de ce dessin.;;À plat;N'importe où;15;drawing;;;{}
Dessine la motivation avec un décor léger;Avec ton doigt, ajoute quelques détails pour enrichir le dessin.;Avec ton doigt, ajoute quelques détails pour enrichir le dessin.;;Mitigé;N'importe où;15;drawing;;;{}
Dessine un oiseau minimaliste avec un décor léger;Avec ton doigt, prends le temps de créer une version riche et détaillée.;Avec ton doigt, prends le temps de créer une version riche et détaillée.;;En forme;N'importe où;15;drawing;;;{}
Transforme un vélo en machine volante avec un décor léger;Avec ton doigt, réalise une version simple de ce dessin.;Avec ton doigt, réalise une version simple de ce dessin.;;À plat;Maison;30;drawing;;;{}
Pars d'un losange avec un décor léger;Avec ton doigt, ajoute quelques détails pour enrichir le dessin.;Avec ton doigt, ajoute quelques détails pour enrichir le dessin.;;Mitigé;Maison;30;drawing;;;{}
Dessine une danseuse avec un décor léger;Avec ton doigt, prends le temps de créer une version riche et détaillée.;Avec ton doigt, prends le temps de créer une version riche et détaillée.;;En forme;Maison;30;drawing;;;{}
Dessine un chat magique en noir et blanc;Avec ton doigt, réalise une version simple de ce dessin.;Avec ton doigt, réalise une version simple de ce dessin.;;À plat;Extérieur;30;drawing;;;{}
Dessine une invention ratée en noir et blanc;Avec ton doigt, ajoute quelques détails pour enrichir le dessin.;Avec ton doigt, ajoute quelques détails pour enrichir le dessin.;;Mitigé;Extérieur;30;drawing;;;{}
Dessine un livre ouvert en noir et blanc;Avec ton doigt, prends le temps de créer une version riche et détaillée.;Avec ton doigt, prends le temps de créer une version riche et détaillée.;;En forme;Extérieur;30;drawing;;;{}
Dessine un jouet marquant en noir et blanc;Avec ton doigt, réalise une version simple de ce dessin.;Avec ton doigt, réalise une version simple de ce dessin.;;À plat;N'importe où;30;drawing;;;{}
Dessine un marché fantastique en noir et blanc;Avec ton doigt, ajoute quelques détails pour enrichir le dessin.;Avec ton doigt, ajoute quelques détails pour enrichir le dessin.;;Mitigé;N'importe où;30;drawing;;;{}
Dessine le rêve en noir et blanc;Avec ton doigt, prends le temps de créer une version riche et détaillée.;Avec ton doigt, prends le temps de créer une version riche et détaillée.;;En forme;N'importe où;30;drawing;;;{}
Dessine une lune décorée en noir et blanc;Avec ton doigt, réalise une version simple de ce dessin.;Avec ton doigt, réalise une version simple de ce dessin.;;À plat;Maison;5;drawing;;;{}
Transforme un livre en ville avec une touche fantastique;Avec ton doigt, ajoute quelques détails pour enrichir le dessin.;Avec ton doigt, ajoute quelques détails pour enrichir le dessin.;;Mitigé;Maison;5;drawing;;;{}
Pars d'une ligne courbe avec une touche fantastique;Avec ton doigt, prends le temps de créer une version riche et détaillée.;Avec ton doigt, prends le temps de créer une version riche et détaillée.;;En forme;Maison;5;drawing;;;{}
Dessine un aventurier avec une touche fantastique;Avec ton doigt, réalise une version simple de ce dessin.;Avec ton doigt, réalise une version simple de ce dessin.;;À plat;Extérieur;5;drawing;;;{}
Dessine un géant végétal avec une touche fantastique;Avec ton doigt, ajoute quelques détails pour enrichir le dessin.;Avec ton doigt, ajoute quelques détails pour enrichir le dessin.;;Mitigé;Extérieur;5;drawing;;;{}
Dessine une découverte surprenante avec une touche fantastique;Avec ton doigt, prends le temps de créer une version riche et détaillée.;Avec ton doigt, prends le temps de créer une version riche et détaillée.;;En forme;Extérieur;5;drawing;;;{}
Dessine ta main avec une touche fantastique;Avec ton doigt, réalise une version simple de ce dessin.;Avec ton doigt, réalise une version simple de ce dessin.;;À plat;N'importe où;5;drawing;;;{}
Dessine ta chambre d'enfance avec une touche fantastique;Avec ton doigt, ajoute quelques détails pour enrichir le dessin.;Avec ton doigt, ajoute quelques détails pour enrichir le dessin.;;Mitigé;N'importe où;5;drawing;;;{}
Dessine une maison volante en vue de face;Avec ton doigt, prends le temps de créer une version riche et détaillée.;Avec ton doigt, prends le temps de créer une version riche et détaillée.;;En forme;N'importe où;5;drawing;;;{}
Dessine le calme en vue de face;Avec ton doigt, réalise une version simple de ce dessin.;Avec ton doigt, réalise une version simple de ce dessin.;;À plat;Maison;15;drawing;;;{}
Dessine un soleil en 10 traits en vue de face;Avec ton doigt, ajoute quelques détails pour enrichir le dessin.;Avec ton doigt, ajoute quelques détails pour enrichir le dessin.;;Mitigé;Maison;15;drawing;;;{}
Transforme une pomme en personnage en vue de face;Avec ton doigt, prends le temps de créer une version riche et détaillée.;Avec ton doigt, prends le temps de créer une version riche et détaillée.;;En forme;Maison;15;drawing;;;{}
Pars d'un cercle en vue de face;Avec ton doigt, réalise une version simple de ce dessin.;Avec ton doigt, réalise une version simple de ce dessin.;;À plat;Extérieur;15;drawing;;;{}
Dessine un explorateur en vue de face;Avec ton doigt, ajoute quelques détails pour enrichir le dessin.;Avec ton doigt, ajoute quelques détails pour enrichir le dessin.;;Mitigé;Extérieur;15;drawing;;;{}
Dessine un poisson extraterrestre en vue de face;Avec ton doigt, prends le temps de créer une version riche et détaillée.;Avec ton doigt, prends le temps de créer une version riche et détaillée.;;En forme;Extérieur;15;drawing;;;{}
Dessine une histoire en 3 cases en vue de profil;Avec ton doigt, réalise une version simple de ce dessin.;Avec ton doigt, réalise une version simple de ce dessin.;;À plat;N'importe où;15;drawing;;;{}
Dessine une chaussure en vue de profil;Avec ton doigt, ajoute quelques détails pour enrichir le dessin.;Avec ton doigt, ajoute quelques détails pour enrichir le dessin.;;Mitigé;N'importe où;15;drawing;;;{}
Dessine ton premier vélo en vue de profil;Avec ton doigt, prends le temps de créer une version riche et détaillée.;Avec ton doigt, prends le temps de créer une version riche et détaillée.;;En forme;N'importe où;15;drawing;;;{}
Dessine un restaurant sous-marin en vue de profil;Avec ton doigt, réalise une version simple de ce dessin.;Avec ton doigt, réalise une version simple de ce dessin.;;À plat;Maison;30;drawing;;;{}
Dessine la joie en vue de profil;Avec ton doigt, ajoute quelques détails pour enrichir le dessin.;Avec ton doigt, ajoute quelques détails pour enrichir le dessin.;;Mitigé;Maison;30;drawing;;;{}
Dessine un poisson sans lever le doigt en vue de profil;Avec ton doigt, prends le temps de créer une version riche et détaillée.;Avec ton doigt, prends le temps de créer une version riche et détaillée.;;En forme;Maison;30;drawing;;;{}
Transforme une chaise en véhicule en vue de profil;Avec ton doigt, réalise une version simple de ce dessin.;Avec ton doigt, réalise une version simple de ce dessin.;;À plat;Extérieur;30;drawing;;;{}
Pars d'un carré dans un style amusant;Avec ton doigt, ajoute quelques détails pour enrichir le dessin.;Avec ton doigt, ajoute quelques détails pour enrichir le dessin.;;Mitigé;Extérieur;30;drawing;;;{}
Dessine un boulanger dans un style amusant;Avec ton doigt, prends le temps de créer une version riche et détaillée.;Avec ton doigt, prends le temps de créer une version riche et détaillée.;;En forme;Extérieur;30;drawing;;;{}
Dessine un dragon minuscule dans un style amusant;Avec ton doigt, réalise une version simple de ce dessin.;Avec ton doigt, réalise une version simple de ce dessin.;;À plat;N'importe où;30;drawing;;;{}
Dessine une rencontre improbable dans un style amusant;Avec ton doigt, ajoute quelques détails pour enrichir le dessin.;Avec ton doigt, ajoute quelques détails pour enrichir le dessin.;;Mitigé;N'importe où;30;drawing;;;{}
Dessine une tasse dans un style amusant;Avec ton doigt, prends le temps de créer une version riche et détaillée.;Avec ton doigt, prends le temps de créer une version riche et détaillée.;;En forme;N'importe où;30;drawing;;;{}
Dessine un souvenir de vacances dans un style amusant;Avec ton doigt, réalise une version simple de ce dessin.;Avec ton doigt, réalise une version simple de ce dessin.;;À plat;Maison;5;drawing;;;{}
Dessine une ville dans les nuages dans un style amusant;Avec ton doigt, ajoute quelques détails pour enrichir le dessin.;Avec ton doigt, ajoute quelques détails pour enrichir le dessin.;;Mitigé;Maison;5;drawing;;;{}
Dessine la curiosité avec un élément surprise;Avec ton doigt, prends le temps de créer une version riche et détaillée.;Avec ton doigt, prends le temps de créer une version riche et détaillée.;;En forme;Maison;5;drawing;;;{}
Dessine une fleur en une ligne avec un élément surprise;Avec ton doigt, réalise une version simple de ce dessin.;Avec ton doigt, réalise une version simple de ce dessin.;;À plat;Extérieur;5;drawing;;;{}
Transforme une tasse en château avec un élément surprise;Avec ton doigt, ajoute quelques détails pour enrichir le dessin.;Avec ton doigt, ajoute quelques détails pour enrichir le dessin.;;Mitigé;Extérieur;5;drawing;;;{}
Pars d'un triangle avec un élément surprise;Avec ton doigt, prends le temps de créer une version riche et détaillée.;Avec ton doigt, prends le temps de créer une version riche et détaillée.;;En forme;Extérieur;5;drawing;;;{}
Dessine un astronaute avec un élément surprise;Avec ton doigt, réalise une version simple de ce dessin.;Avec ton doigt, réalise une version simple de ce dessin.;;À plat;N'importe où;5;drawing;;;{}
Dessine un animal à six pattes avec un élément surprise;Avec ton doigt, ajoute quelques détails pour enrichir le dessin.;Avec ton doigt, ajoute quelques détails pour enrichir le dessin.;;Mitigé;N'importe où;5;drawing;;;{}
Dessine une chute drôle avec un élément surprise;Avec ton doigt, prends le temps de créer une version riche et détaillée.;Avec ton doigt, prends le temps de créer une version riche et détaillée.;;En forme;N'importe où;5;drawing;;;{}
Dessine une plante proche de toi avec peu de détails;Avec ton doigt, réalise une version simple de ce dessin.;Avec ton doigt, réalise une version simple de ce dessin.;;À plat;Maison;15;drawing;;;{}
Dessine ton ancien cartable avec peu de détails;Avec ton doigt, ajoute quelques détails pour enrichir le dessin.;Avec ton doigt, ajoute quelques détails pour enrichir le dessin.;;Mitigé;Maison;15;drawing;;;{}
Dessine un dragon jardinier avec peu de détails;Avec ton doigt, prends le temps de créer une version riche et détaillée.;Avec ton doigt, prends le temps de créer une version riche et détaillée.;;En forme;Maison;15;drawing;;;{}
Dessine la surprise avec peu de détails;Avec ton doigt, réalise une version simple de ce dessin.;Avec ton doigt, réalise une version simple de ce dessin.;;À plat;Extérieur;15;drawing;;;{}
Dessine un arbre en 30 secondes avec peu de détails;Avec ton doigt, ajoute quelques détails pour enrichir le dessin.;Avec ton doigt, ajoute quelques détails pour enrichir le dessin.;;Mitigé;Extérieur;15;drawing;;;{}
Transforme un nuage en animal avec peu de détails;Avec ton doigt, prends le temps de créer une version riche et détaillée.;Avec ton doigt, prends le temps de créer une version riche et détaillée.;;En forme;Extérieur;15;drawing;;;{}
Pars d'un rectangle avec peu de détails;Avec ton doigt, réalise une version simple de ce dessin.;Avec ton doigt, réalise une version simple de ce dessin.;;À plat;N'importe où;15;drawing;;;{}
Dessine un musicien avec des formes simples;Avec ton doigt, ajoute quelques détails pour enrichir le dessin.;Avec ton doigt, ajoute quelques détails pour enrichir le dessin.;;Mitigé;N'importe où;15;drawing;;;{}
Dessine une tortue volante avec des formes simples;Avec ton doigt, prends le temps de créer une version riche et détaillée.;Avec ton doigt, prends le temps de créer une version riche et détaillée.;;En forme;N'importe où;15;drawing;;;{}
Dessine un héros maladroit avec des formes simples;Avec ton doigt, réalise une version simple de ce dessin.;Avec ton doigt, réalise une version simple de ce dessin.;;À plat;Maison;30;drawing;;;{}
Dessine tes clés avec des formes simples;Avec ton doigt, ajoute quelques détails pour enrichir le dessin.;Avec ton doigt, ajoute quelques détails pour enrichir le dessin.;;Mitigé;Maison;30;drawing;;;{}
Dessine une cour de récréation avec des formes simples;Avec ton doigt, prends le temps de créer une version riche et détaillée.;Avec ton doigt, prends le temps de créer une version riche et détaillée.;;En forme;Maison;30;drawing;;;{}
Dessine un vélo volant avec des formes simples;Avec ton doigt, réalise une version simple de ce dessin.;Avec ton doigt, réalise une version simple de ce dessin.;;À plat;Extérieur;30;drawing;;;{}
Dessine la sérénité avec des formes simples;Avec ton doigt, ajoute quelques détails pour enrichir le dessin.;Avec ton doigt, ajoute quelques détails pour enrichir le dessin.;;Mitigé;Extérieur;30;drawing;;;{}
Dessine un cœur stylisé en version cartoon;Avec ton doigt, prends le temps de créer une version riche et détaillée.;Avec ton doigt, prends le temps de créer une version riche et détaillée.;;En forme;Extérieur;30;drawing;;;{}
Transforme une chaussure en maison en version cartoon;Avec ton doigt, réalise une version simple de ce dessin.;Avec ton doigt, réalise une version simple de ce dessin.;;À plat;N'importe où;30;drawing;;;{}
Pars d'une spirale en version cartoon;Avec ton doigt, ajoute quelques détails pour enrichir le dessin.;Avec ton doigt, ajoute quelques détails pour enrichir le dessin.;;Mitigé;N'importe où;30;drawing;;;{}
Dessine un pirate en version cartoon;Avec ton doigt, prends le temps de créer une version riche et détaillée.;Avec ton doigt, prends le temps de créer une version riche et détaillée.;;En forme;N'importe où;30;drawing;;;{}
Dessine un renard de cristal en version cartoon;Avec ton doigt, réalise une version simple de ce dessin.;Avec ton doigt, réalise une version simple de ce dessin.;;À plat;Maison;5;drawing;;;{}
Dessine un trésor caché en version cartoon;Avec ton doigt, ajoute quelques détails pour enrichir le dessin.;Avec ton doigt, ajoute quelques détails pour enrichir le dessin.;;Mitigé;Maison;5;drawing;;;{}
Dessine une lampe en version cartoon;Avec ton doigt, prends le temps de créer une version riche et détaillée.;Avec ton doigt, prends le temps de créer une version riche et détaillée.;;En forme;Maison;5;drawing;;;{}
Dessine ton goûter préféré avec un décor léger;Avec ton doigt, réalise une version simple de ce dessin.;Avec ton doigt, réalise une version simple de ce dessin.;;À plat;Extérieur;5;drawing;;;{}
Dessine une bibliothèque magique avec un décor léger;Avec ton doigt, ajoute quelques détails pour enrichir le dessin.;Avec ton doigt, ajoute quelques détails pour enrichir le dessin.;;Mitigé;Extérieur;5;drawing;;;{}
Dessine la confiance avec un décor léger;Avec ton doigt, prends le temps de créer une version riche et détaillée.;Avec ton doigt, prends le temps de créer une version riche et détaillée.;;En forme;Extérieur;5;drawing;;;{}
Dessine une montagne simple avec un décor léger;Avec ton doigt, réalise une version simple de ce dessin.;Avec ton doigt, réalise une version simple de ce dessin.;;À plat;N'importe où;5;drawing;;;{}
Transforme une lampe en robot avec un décor léger;Avec ton doigt, ajoute quelques détails pour enrichir le dessin.;Avec ton doigt, ajoute quelques détails pour enrichir le dessin.;;Mitigé;N'importe où;5;drawing;;;{}
Pars d'un zigzag avec un décor léger;Avec ton doigt, prends le temps de créer une version riche et détaillée.;Avec ton doigt, prends le temps de créer une version riche et détaillée.;;En forme;N'importe où;5;drawing;;;{}
Dessine une inventrice avec un décor léger;Avec ton doigt, réalise une version simple de ce dessin.;Avec ton doigt, réalise une version simple de ce dessin.;;À plat;Maison;15;drawing;;;{}
Dessine un monstre gentil en noir et blanc;Avec ton doigt, ajoute quelques détails pour enrichir le dessin.;Avec ton doigt, ajoute quelques détails pour enrichir le dessin.;;Mitigé;Maison;15;drawing;;;{}
Dessine une poursuite amusante en noir et blanc;Avec ton doigt, prends le temps de créer une version riche et détaillée.;Avec ton doigt, prends le temps de créer une version riche et détaillée.;;En forme;Maison;15;drawing;;;{}
Dessine une fenêtre en noir et blanc;Avec ton doigt, réalise une version simple de ce dessin.;Avec ton doigt, réalise une version simple de ce dessin.;;À plat;Extérieur;15;drawing;;;{}
Dessine une fête d'anniversaire en noir et blanc;Avec ton doigt, ajoute quelques détails pour enrichir le dessin.;Avec ton doigt, ajoute quelques détails pour enrichir le dessin.;;Mitigé;Extérieur;15;drawing;;;{}
Dessine un arbre géant habité en noir et blanc;Avec ton doigt, prends le temps de créer une version riche et détaillée.;Avec ton doigt, prends le temps de créer une version riche et détaillée.;;En forme;Extérieur;15;drawing;;;{}
Dessine le courage en noir et blanc;Avec ton doigt, réalise une version simple de ce dessin.;Avec ton doigt, réalise une version simple de ce dessin.;;À plat;N'importe où;15;drawing;;;{}
Dessine un nuage original en noir et blanc;Avec ton doigt, ajoute quelques détails pour enrichir le dessin.;Avec ton doigt, ajoute quelques détails pour enrichir le dessin.;;Mitigé;N'importe où;15;drawing;;;{}
Transforme un arbre en tour avec une touche fantastique;Avec ton doigt, prends le temps de créer une version riche et détaillée.;Avec ton doigt, prends le temps de créer une version riche et détaillée.;;En forme;N'importe où;15;drawing;;;{}
Pars d'une étoile avec une touche fantastique;Avec ton doigt, réalise une version simple de ce dessin.;Avec ton doigt, réalise une version simple de ce dessin.;;À plat;Maison;30;drawing;;;{}
Dessine un jardinier avec une touche fantastique;Avec ton doigt, ajoute quelques détails pour enrichir le dessin.;Avec ton doigt, ajoute quelques détails pour enrichir le dessin.;;Mitigé;Maison;30;drawing;;;{}
Dessine un oiseau mécanique avec une touche fantastique;Avec ton doigt, prends le temps de créer une version riche et détaillée.;Avec ton doigt, prends le temps de créer une version riche et détaillée.;;En forme;Maison;30;drawing;;;{}
Dessine une journée parfaite avec une touche fantastique;Avec ton doigt, réalise une version simple de ce dessin.;Avec ton doigt, réalise une version simple de ce dessin.;;À plat;Extérieur;30;drawing;;;{}
Dessine un coussin avec une touche fantastique;Avec ton doigt, ajoute quelques détails pour enrichir le dessin.;Avec ton doigt, ajoute quelques détails pour enrichir le dessin.;;Mitigé;Extérieur;30;drawing;;;{}
Dessine une ancienne maison avec une touche fantastique;Avec ton doigt, prends le temps de créer une version riche et détaillée.;Avec ton doigt, prends le temps de créer une version riche et détaillée.;;En forme;Extérieur;30;drawing;;;{}
Dessine une île flottante en vue de face;Avec ton doigt, réalise une version simple de ce dessin.;Avec ton doigt, réalise une version simple de ce dessin.;;À plat;N'importe où;30;drawing;;;{}
Dessine la nostalgie en vue de face;Avec ton doigt, ajoute quelques détails pour enrichir le dessin.;Avec ton doigt, ajoute quelques détails pour enrichir le dessin.;;Mitigé;N'importe où;30;drawing;;;{}
Dessine une étoile créative en vue de face;Avec ton doigt, prends le temps de créer une version riche et détaillée.;Avec ton doigt, prends le temps de créer une version riche et détaillée.;;En forme;N'importe où;30;drawing;;;{}
Transforme une clé en créature en vue de face;Avec ton doigt, réalise une version simple de ce dessin.;Avec ton doigt, réalise une version simple de ce dessin.;;À plat;Maison;5;drawing;;;{}
Pars d'un demi-cercle en vue de face;Avec ton doigt, ajoute quelques détails pour enrichir le dessin.;Avec ton doigt, ajoute quelques détails pour enrichir le dessin.;;Mitigé;Maison;5;drawing;;;{}
Dessine une capitaine en vue de face;Avec ton doigt, prends le temps de créer une version riche et détaillée.;Avec ton doigt, prends le temps de créer une version riche et détaillée.;;En forme;Maison;5;drawing;;;{}
Dessine une créature lumineuse en vue de face;Avec ton doigt, réalise une version simple de ce dessin.;Avec ton doigt, réalise une version simple de ce dessin.;;À plat;Extérieur;5;drawing;;;{}
Dessine un voyage inattendu en vue de profil;Avec ton doigt, ajoute quelques détails pour enrichir le dessin.;Avec ton doigt, ajoute quelques détails pour enrichir le dessin.;;Mitigé;Extérieur;5;drawing;;;{}
Dessine une bouteille en vue de profil;Avec ton doigt, prends le temps de créer une version riche et détaillée.;Avec ton doigt, prends le temps de créer une version riche et détaillée.;;En forme;Extérieur;5;drawing;;;{}
Dessine un trajet familier en vue de profil;Avec ton doigt, réalise une version simple de ce dessin.;Avec ton doigt, réalise une version simple de ce dessin.;;À plat;N'importe où;5;drawing;;;{}
Dessine un train volant en vue de profil;Avec ton doigt, ajoute quelques détails pour enrichir le dessin.;Avec ton doigt, ajoute quelques détails pour enrichir le dessin.;;Mitigé;N'importe où;5;drawing;;;{}
Dessine la motivation en vue de profil;Avec ton doigt, prends le temps de créer une version riche et détaillée.;Avec ton doigt, prends le temps de créer une version riche et détaillée.;;En forme;N'importe où;5;drawing;;;{}
Dessine un oiseau minimaliste en vue de profil;Avec ton doigt, réalise une version simple de ce dessin.;Avec ton doigt, réalise une version simple de ce dessin.;;À plat;Maison;15;drawing;;;{}
Transforme un vélo en machine volante en vue de profil;Avec ton doigt, ajoute quelques détails pour enrichir le dessin.;Avec ton doigt, ajoute quelques détails pour enrichir le dessin.;;Mitigé;Maison;15;drawing;;;{}
Pars d'un losange dans un style amusant;Avec ton doigt, prends le temps de créer une version riche et détaillée.;Avec ton doigt, prends le temps de créer une version riche et détaillée.;;En forme;Maison;15;drawing;;;{}
Dessine une danseuse dans un style amusant;Avec ton doigt, réalise une version simple de ce dessin.;Avec ton doigt, réalise une version simple de ce dessin.;;À plat;Extérieur;15;drawing;;;{}
Dessine un chat magique dans un style amusant;Avec ton doigt, ajoute quelques détails pour enrichir le dessin.;Avec ton doigt, ajoute quelques détails pour enrichir le dessin.;;Mitigé;Extérieur;15;drawing;;;{}
Dessine une invention ratée dans un style amusant;Avec ton doigt, prends le temps de créer une version riche et détaillée.;Avec ton doigt, prends le temps de créer une version riche et détaillée.;;En forme;Extérieur;15;drawing;;;{}
Dessine un livre ouvert dans un style amusant;Avec ton doigt, réalise une version simple de ce dessin.;Avec ton doigt, réalise une version simple de ce dessin.;;À plat;N'importe où;15;drawing;;;{}
Dessine un jouet marquant dans un style amusant;Avec ton doigt, ajoute quelques détails pour enrichir le dessin.;Avec ton doigt, ajoute quelques détails pour enrichir le dessin.;;Mitigé;N'importe où;15;drawing;;;{}
Dessine un marché fantastique dans un style amusant;Avec ton doigt, prends le temps de créer une version riche et détaillée.;Avec ton doigt, prends le temps de créer une version riche et détaillée.;;En forme;N'importe où;15;drawing;;;{}
Dessine le rêve avec un élément surprise;Avec ton doigt, réalise une version simple de ce dessin.;Avec ton doigt, réalise une version simple de ce dessin.;;À plat;Maison;30;drawing;;;{}
Dessine une lune décorée avec un élément surprise;Avec ton doigt, ajoute quelques détails pour enrichir le dessin.;Avec ton doigt, ajoute quelques détails pour enrichir le dessin.;;Mitigé;Maison;30;drawing;;;{}
Transforme un livre en ville avec un élément surprise;Avec ton doigt, prends le temps de créer une version riche et détaillée.;Avec ton doigt, prends le temps de créer une version riche et détaillée.;;En forme;Maison;30;drawing;;;{}
Pars d'une ligne courbe avec un élément surprise;Avec ton doigt, réalise une version simple de ce dessin.;Avec ton doigt, réalise une version simple de ce dessin.;;À plat;Extérieur;30;drawing;;;{}
Dessine un aventurier avec un élément surprise;Avec ton doigt, ajoute quelques détails pour enrichir le dessin.;Avec ton doigt, ajoute quelques détails pour enrichir le dessin.;;Mitigé;Extérieur;30;drawing;;;{}
Dessine un géant végétal avec un élément surprise;Avec ton doigt, prends le temps de créer une version riche et détaillée.;Avec ton doigt, prends le temps de créer une version riche et détaillée.;;En forme;Extérieur;30;drawing;;;{}
Dessine une découverte surprenante avec un élément surprise;Avec ton doigt, réalise une version simple de ce dessin.;Avec ton doigt, réalise une version simple de ce dessin.;;À plat;N'importe où;30;drawing;;;{}
Dessine ta main avec peu de détails;Avec ton doigt, ajoute quelques détails pour enrichir le dessin.;Avec ton doigt, ajoute quelques détails pour enrichir le dessin.;;Mitigé;N'importe où;30;drawing;;;{}
Dessine ta chambre d'enfance avec peu de détails;Avec ton doigt, prends le temps de créer une version riche et détaillée.;Avec ton doigt, prends le temps de créer une version riche et détaillée.;;En forme;N'importe où;30;drawing;;;{}
Dessine une maison volante avec peu de détails;Avec ton doigt, réalise une version simple de ce dessin.;Avec ton doigt, réalise une version simple de ce dessin.;;À plat;Maison;5;drawing;;;{}
Dessine le calme avec peu de détails;Avec ton doigt, ajoute quelques détails pour enrichir le dessin.;Avec ton doigt, ajoute quelques détails pour enrichir le dessin.;;Mitigé;Maison;5;drawing;;;{}
Dessine un soleil en 10 traits avec peu de détails;Avec ton doigt, prends le temps de créer une version riche et détaillée.;Avec ton doigt, prends le temps de créer une version riche et détaillée.;;En forme;Maison;5;drawing;;;{}
Transforme une pomme en personnage avec peu de détails;Avec ton doigt, réalise une version simple de ce dessin.;Avec ton doigt, réalise une version simple de ce dessin.;;À plat;Extérieur;5;drawing;;;{}
Pars d'un cercle avec peu de détails;Avec ton doigt, ajoute quelques détails pour enrichir le dessin.;Avec ton doigt, ajoute quelques détails pour enrichir le dessin.;;Mitigé;Extérieur;5;drawing;;;{}
Dessine un explorateur avec des formes simples;Avec ton doigt, prends le temps de créer une version riche et détaillée.;Avec ton doigt, prends le temps de créer une version riche et détaillée.;;En forme;Extérieur;5;drawing;;;{}
Dessine un poisson extraterrestre avec des formes simples;Avec ton doigt, réalise une version simple de ce dessin.;Avec ton doigt, réalise une version simple de ce dessin.;;À plat;N'importe où;5;drawing;;;{}
Dessine une histoire en 3 cases avec des formes simples;Avec ton doigt, ajoute quelques détails pour enrichir le dessin.;Avec ton doigt, ajoute quelques détails pour enrichir le dessin.;;Mitigé;N'importe où;5;drawing;;;{}
Dessine une chaussure avec des formes simples;Avec ton doigt, prends le temps de créer une version riche et détaillée.;Avec ton doigt, prends le temps de créer une version riche et détaillée.;;En forme;N'importe où;5;drawing;;;{}
Dessine ton premier vélo avec des formes simples;Avec ton doigt, réalise une version simple de ce dessin.;Avec ton doigt, réalise une version simple de ce dessin.;;À plat;Maison;15;drawing;;;{}
Dessine un restaurant sous-marin avec des formes simples;Avec ton doigt, ajoute quelques détails pour enrichir le dessin.;Avec ton doigt, ajoute quelques détails pour enrichir le dessin.;;Mitigé;Maison;15;drawing;;;{}
Dessine la joie avec des formes simples;Avec ton doigt, prends le temps de créer une version riche et détaillée.;Avec ton doigt, prends le temps de créer une version riche et détaillée.;;En forme;Maison;15;drawing;;;{}
Dessine un poisson sans lever le doigt en version cartoon;Avec ton doigt, réalise une version simple de ce dessin.;Avec ton doigt, réalise une version simple de ce dessin.;;À plat;Extérieur;15;drawing;;;{}
Transforme une chaise en véhicule en version cartoon;Avec ton doigt, ajoute quelques détails pour enrichir le dessin.;Avec ton doigt, ajoute quelques détails pour enrichir le dessin.;;Mitigé;Extérieur;15;drawing;;;{}
Pars d'un carré en version cartoon;Avec ton doigt, prends le temps de créer une version riche et détaillée.;Avec ton doigt, prends le temps de créer une version riche et détaillée.;;En forme;Extérieur;15;drawing;;;{}
Dessine un boulanger en version cartoon;Avec ton doigt, réalise une version simple de ce dessin.;Avec ton doigt, réalise une version simple de ce dessin.;;À plat;N'importe où;15;drawing;;;{}
Dessine un dragon minuscule en version cartoon;Avec ton doigt, ajoute quelques détails pour enrichir le dessin.;Avec ton doigt, ajoute quelques détails pour enrichir le dessin.;;Mitigé;N'importe où;15;drawing;;;{}
Dessine une rencontre improbable en version cartoon;Avec ton doigt, prends le temps de créer une version riche et détaillée.;Avec ton doigt, prends le temps de créer une version riche et détaillée.;;En forme;N'importe où;15;drawing;;;{}
Dessine une tasse en version cartoon;Avec ton doigt, réalise une version simple de ce dessin.;Avec ton doigt, réalise une version simple de ce dessin.;;À plat;Maison;30;drawing;;;{}
Dessine un souvenir de vacances avec un décor léger;Avec ton doigt, ajoute quelques détails pour enrichir le dessin.;Avec ton doigt, ajoute quelques détails pour enrichir le dessin.;;Mitigé;Maison;30;drawing;;;{}
Dessine une ville dans les nuages avec un décor léger;Avec ton doigt, prends le temps de créer une version riche et détaillée.;Avec ton doigt, prends le temps de créer une version riche et détaillée.;;En forme;Maison;30;drawing;;;{}
Dessine la curiosité avec un décor léger;Avec ton doigt, réalise une version simple de ce dessin.;Avec ton doigt, réalise une version simple de ce dessin.;;À plat;Extérieur;30;drawing;;;{}
Dessine une fleur en une ligne avec un décor léger;Avec ton doigt, ajoute quelques détails pour enrichir le dessin.;Avec ton doigt, ajoute quelques détails pour enrichir le dessin.;;Mitigé;Extérieur;30;drawing;;;{}
Transforme une tasse en château avec un décor léger;Avec ton doigt, prends le temps de créer une version riche et détaillée.;Avec ton doigt, prends le temps de créer une version riche et détaillée.;;En forme;Extérieur;30;drawing;;;{}
Pars d'un triangle avec un décor léger;Avec ton doigt, réalise une version simple de ce dessin.;Avec ton doigt, réalise une version simple de ce dessin.;;À plat;N'importe où;30;drawing;;;{}
Dessine un astronaute avec un décor léger;Avec ton doigt, ajoute quelques détails pour enrichir le dessin.;Avec ton doigt, ajoute quelques détails pour enrichir le dessin.;;Mitigé;N'importe où;30;drawing;;;{}
Dessine un animal à six pattes en noir et blanc;Avec ton doigt, prends le temps de créer une version riche et détaillée.;Avec ton doigt, prends le temps de créer une version riche et détaillée.;;En forme;N'importe où;30;drawing;;;{}
Dessine une chute drôle en noir et blanc;Avec ton doigt, réalise une version simple de ce dessin.;Avec ton doigt, réalise une version simple de ce dessin.;;À plat;Maison;5;drawing;;;{}
Dessine une plante proche de toi en noir et blanc;Avec ton doigt, ajoute quelques détails pour enrichir le dessin.;Avec ton doigt, ajoute quelques détails pour enrichir le dessin.;;Mitigé;Maison;5;drawing;;;{}
Dessine ton ancien cartable en noir et blanc;Avec ton doigt, prends le temps de créer une version riche et détaillée.;Avec ton doigt, prends le temps de créer une version riche et détaillée.;;En forme;Maison;5;drawing;;;{}
Dessine un dragon jardinier en noir et blanc;Avec ton doigt, réalise une version simple de ce dessin.;Avec ton doigt, réalise une version simple de ce dessin.;;À plat;Extérieur;5;drawing;;;{}
Dessine la surprise en noir et blanc;Avec ton doigt, ajoute quelques détails pour enrichir le dessin.;Avec ton doigt, ajoute quelques détails pour enrichir le dessin.;;Mitigé;Extérieur;5;drawing;;;{}
Dessine un arbre en 30 secondes en noir et blanc;Avec ton doigt, prends le temps de créer une version riche et détaillée.;Avec ton doigt, prends le temps de créer une version riche et détaillée.;;En forme;Extérieur;5;drawing;;;{}
Transforme un nuage en animal avec une touche fantastique;Avec ton doigt, réalise une version simple de ce dessin.;Avec ton doigt, réalise une version simple de ce dessin.;;À plat;N'importe où;5;drawing;;;{}
Pars d'un rectangle avec une touche fantastique;Avec ton doigt, ajoute quelques détails pour enrichir le dessin.;Avec ton doigt, ajoute quelques détails pour enrichir le dessin.;;Mitigé;N'importe où;5;drawing;;;{}
Dessine un musicien avec une touche fantastique;Avec ton doigt, prends le temps de créer une version riche et détaillée.;Avec ton doigt, prends le temps de créer une version riche et détaillée.;;En forme;N'importe où;5;drawing;;;{}
Dessine une tortue volante avec une touche fantastique;Avec ton doigt, réalise une version simple de ce dessin.;Avec ton doigt, réalise une version simple de ce dessin.;;À plat;Maison;15;drawing;;;{}
Dessine un héros maladroit avec une touche fantastique;Avec ton doigt, ajoute quelques détails pour enrichir le dessin.;Avec ton doigt, ajoute quelques détails pour enrichir le dessin.;;Mitigé;Maison;15;drawing;;;{}
Dessine tes clés avec une touche fantastique;Avec ton doigt, prends le temps de créer une version riche et détaillée.;Avec ton doigt, prends le temps de créer une version riche et détaillée.;;En forme;Maison;15;drawing;;;{}
Dessine une cour de récréation avec une touche fantastique;Avec ton doigt, réalise une version simple de ce dessin.;Avec ton doigt, réalise une version simple de ce dessin.;;À plat;Extérieur;15;drawing;;;{}
Dessine un vélo volant en vue de face;Avec ton doigt, ajoute quelques détails pour enrichir le dessin.;Avec ton doigt, ajoute quelques détails pour enrichir le dessin.;;Mitigé;Extérieur;15;drawing;;;{}
Dessine la sérénité en vue de face;Avec ton doigt, prends le temps de créer une version riche et détaillée.;Avec ton doigt, prends le temps de créer une version riche et détaillée.;;En forme;Extérieur;15;drawing;;;{}
Dessine un cœur stylisé en vue de face;Avec ton doigt, réalise une version simple de ce dessin.;Avec ton doigt, réalise une version simple de ce dessin.;;À plat;N'importe où;15;drawing;;;{}
Transforme une chaussure en maison en vue de face;Avec ton doigt, ajoute quelques détails pour enrichir le dessin.;Avec ton doigt, ajoute quelques détails pour enrichir le dessin.;;Mitigé;N'importe où;15;drawing;;;{}
Pars d'une spirale en vue de face;Avec ton doigt, prends le temps de créer une version riche et détaillée.;Avec ton doigt, prends le temps de créer une version riche et détaillée.;;En forme;N'importe où;15;drawing;;;{}
Dessine un pirate en vue de face;Avec ton doigt, réalise une version simple de ce dessin.;Avec ton doigt, réalise une version simple de ce dessin.;;À plat;Maison;30;drawing;;;{}
Dessine un renard de cristal en vue de face;Avec ton doigt, ajoute quelques détails pour enrichir le dessin.;Avec ton doigt, ajoute quelques détails pour enrichir le dessin.;;Mitigé;Maison;30;drawing;;;{}
Dessine un trésor caché en vue de profil;Avec ton doigt, prends le temps de créer une version riche et détaillée.;Avec ton doigt, prends le temps de créer une version riche et détaillée.;;En forme;Maison;30;drawing;;;{}
Dessine une lampe en vue de profil;Avec ton doigt, réalise une version simple de ce dessin.;Avec ton doigt, réalise une version simple de ce dessin.;;À plat;Extérieur;30;drawing;;;{}
Dessine ton goûter préféré en vue de profil;Avec ton doigt, ajoute quelques détails pour enrichir le dessin.;Avec ton doigt, ajoute quelques détails pour enrichir le dessin.;;Mitigé;Extérieur;30;drawing;;;{}
Dessine une bibliothèque magique en vue de profil;Avec ton doigt, prends le temps de créer une version riche et détaillée.;Avec ton doigt, prends le temps de créer une version riche et détaillée.;;En forme;Extérieur;30;drawing;;;{}
Dessine la confiance en vue de profil;Avec ton doigt, réalise une version simple de ce dessin.;Avec ton doigt, réalise une version simple de ce dessin.;;À plat;N'importe où;30;drawing;;;{}
Dessine une montagne simple en vue de profil;Avec ton doigt, ajoute quelques détails pour enrichir le dessin.;Avec ton doigt, ajoute quelques détails pour enrichir le dessin.;;Mitigé;N'importe où;30;drawing;;;{}
Transforme une lampe en robot en vue de profil;Avec ton doigt, prends le temps de créer une version riche et détaillée.;Avec ton doigt, prends le temps de créer une version riche et détaillée.;;En forme;N'importe où;30;drawing;;;{}
Pars d'un zigzag dans un style amusant;Avec ton doigt, réalise une version simple de ce dessin.;Avec ton doigt, réalise une version simple de ce dessin.;;À plat;Maison;5;drawing;;;{}
Dessine une inventrice dans un style amusant;Avec ton doigt, ajoute quelques détails pour enrichir le dessin.;Avec ton doigt, ajoute quelques détails pour enrichir le dessin.;;Mitigé;Maison;5;drawing;;;{}
Dessine un monstre gentil dans un style amusant;Avec ton doigt, prends le temps de créer une version riche et détaillée.;Avec ton doigt, prends le temps de créer une version riche et détaillée.;;En forme;Maison;5;drawing;;;{}
Dessine une poursuite amusante dans un style amusant;Avec ton doigt, réalise une version simple de ce dessin.;Avec ton doigt, réalise une version simple de ce dessin.;;À plat;Extérieur;5;drawing;;;{}
Dessine une fenêtre dans un style amusant;Avec ton doigt, ajoute quelques détails pour enrichir le dessin.;Avec ton doigt, ajoute quelques détails pour enrichir le dessin.;;Mitigé;Extérieur;5;drawing;;;{}
Dessine une fête d'anniversaire dans un style amusant;Avec ton doigt, prends le temps de créer une version riche et détaillée.;Avec ton doigt, prends le temps de créer une version riche et détaillée.;;En forme;Extérieur;5;drawing;;;{}
Dessine un arbre géant habité dans un style amusant;Avec ton doigt, réalise une version simple de ce dessin.;Avec ton doigt, réalise une version simple de ce dessin.;;À plat;N'importe où;5;drawing;;;{}
Dessine le courage avec un élément surprise;Avec ton doigt, ajoute quelques détails pour enrichir le dessin.;Avec ton doigt, ajoute quelques détails pour enrichir le dessin.;;Mitigé;N'importe où;5;drawing;;;{}
Dessine un nuage original avec un élément surprise;Avec ton doigt, prends le temps de créer une version riche et détaillée.;Avec ton doigt, prends le temps de créer une version riche et détaillée.;;En forme;N'importe où;5;drawing;;;{}
Transforme un arbre en tour avec un élément surprise;Avec ton doigt, réalise une version simple de ce dessin.;Avec ton doigt, réalise une version simple de ce dessin.;;À plat;Maison;15;drawing;;;{}
Pars d'une étoile avec un élément surprise;Avec ton doigt, ajoute quelques détails pour enrichir le dessin.;Avec ton doigt, ajoute quelques détails pour enrichir le dessin.;;Mitigé;Maison;15;drawing;;;{}
Dessine un jardinier avec un élément surprise;Avec ton doigt, prends le temps de créer une version riche et détaillée.;Avec ton doigt, prends le temps de créer une version riche et détaillée.;;En forme;Maison;15;drawing;;;{}
Dessine un oiseau mécanique avec un élément surprise;Avec ton doigt, réalise une version simple de ce dessin.;Avec ton doigt, réalise une version simple de ce dessin.;;À plat;Extérieur;15;drawing;;;{}
Dessine une journée parfaite avec un élément surprise;Avec ton doigt, ajoute quelques détails pour enrichir le dessin.;Avec ton doigt, ajoute quelques détails pour enrichir le dessin.;;Mitigé;Extérieur;15;drawing;;;{}
Dessine un coussin avec peu de détails;Avec ton doigt, prends le temps de créer une version riche et détaillée.;Avec ton doigt, prends le temps de créer une version riche et détaillée.;;En forme;Extérieur;15;drawing;;;{}
Dessine une ancienne maison avec peu de détails;Avec ton doigt, réalise une version simple de ce dessin.;Avec ton doigt, réalise une version simple de ce dessin.;;À plat;N'importe où;15;drawing;;;{}
Dessine une île flottante avec peu de détails;Avec ton doigt, ajoute quelques détails pour enrichir le dessin.;Avec ton doigt, ajoute quelques détails pour enrichir le dessin.;;Mitigé;N'importe où;15;drawing;;;{}
Dessine la nostalgie avec peu de détails;Avec ton doigt, prends le temps de créer une version riche et détaillée.;Avec ton doigt, prends le temps de créer une version riche et détaillée.;;En forme;N'importe où;15;drawing;;;{}
Dessine une étoile créative avec peu de détails;Avec ton doigt, réalise une version simple de ce dessin.;Avec ton doigt, réalise une version simple de ce dessin.;;À plat;Maison;30;drawing;;;{}
Transforme une clé en créature avec peu de détails;Avec ton doigt, ajoute quelques détails pour enrichir le dessin.;Avec ton doigt, ajoute quelques détails pour enrichir le dessin.;;Mitigé;Maison;30;drawing;;;{}
Pars d'un demi-cercle avec peu de détails;Avec ton doigt, prends le temps de créer une version riche et détaillée.;Avec ton doigt, prends le temps de créer une version riche et détaillée.;;En forme;Maison;30;drawing;;;{}
Dessine une capitaine avec des formes simples;Avec ton doigt, réalise une version simple de ce dessin.;Avec ton doigt, réalise une version simple de ce dessin.;;À plat;Extérieur;30;drawing;;;{}
Dessine une créature lumineuse avec des formes simples;Avec ton doigt, ajoute quelques détails pour enrichir le dessin.;Avec ton doigt, ajoute quelques détails pour enrichir le dessin.;;Mitigé;Extérieur;30;drawing;;;{}
Dessine un voyage inattendu avec des formes simples;Avec ton doigt, prends le temps de créer une version riche et détaillée.;Avec ton doigt, prends le temps de créer une version riche et détaillée.;;En forme;Extérieur;30;drawing;;;{}
Dessine une bouteille avec des formes simples;Avec ton doigt, réalise une version simple de ce dessin.;Avec ton doigt, réalise une version simple de ce dessin.;;À plat;N'importe où;30;drawing;;;{}
Dessine un trajet familier avec des formes simples;Avec ton doigt, ajoute quelques détails pour enrichir le dessin.;Avec ton doigt, ajoute quelques détails pour enrichir le dessin.;;Mitigé;N'importe où;30;drawing;;;{}
Dessine un train volant avec des formes simples;Avec ton doigt, prends le temps de créer une version riche et détaillée.;Avec ton doigt, prends le temps de créer une version riche et détaillée.;;En forme;N'importe où;30;drawing;;;{}
Dessine la motivation avec des formes simples;Avec ton doigt, réalise une version simple de ce dessin.;Avec ton doigt, réalise une version simple de ce dessin.;;À plat;Maison;5;drawing;;;{}
Dessine un oiseau minimaliste en version cartoon;Avec ton doigt, ajoute quelques détails pour enrichir le dessin.;Avec ton doigt, ajoute quelques détails pour enrichir le dessin.;;Mitigé;Maison;5;drawing;;;{}
Transforme un vélo en machine volante en version cartoon;Avec ton doigt, prends le temps de créer une version riche et détaillée.;Avec ton doigt, prends le temps de créer une version riche et détaillée.;;En forme;Maison;5;drawing;;;{}
Pars d'un losange en version cartoon;Avec ton doigt, réalise une version simple de ce dessin.;Avec ton doigt, réalise une version simple de ce dessin.;;À plat;Extérieur;5;drawing;;;{}
Dessine une danseuse en version cartoon;Avec ton doigt, ajoute quelques détails pour enrichir le dessin.;Avec ton doigt, ajoute quelques détails pour enrichir le dessin.;;Mitigé;Extérieur;5;drawing;;;{}
Dessine un chat magique en version cartoon;Avec ton doigt, prends le temps de créer une version riche et détaillée.;Avec ton doigt, prends le temps de créer une version riche et détaillée.;;En forme;Extérieur;5;drawing;;;{}
Dessine une invention ratée en version cartoon;Avec ton doigt, réalise une version simple de ce dessin.;Avec ton doigt, réalise une version simple de ce dessin.;;À plat;N'importe où;5;drawing;;;{}
Dessine un livre ouvert en version cartoon;Avec ton doigt, ajoute quelques détails pour enrichir le dessin.;Avec ton doigt, ajoute quelques détails pour enrichir le dessin.;;Mitigé;N'importe où;5;drawing;;;{}
Dessine un jouet marquant avec un décor léger;Avec ton doigt, prends le temps de créer une version riche et détaillée.;Avec ton doigt, prends le temps de créer une version riche et détaillée.;;En forme;N'importe où;5;drawing;;;{}
Dessine un marché fantastique avec un décor léger;Avec ton doigt, réalise une version simple de ce dessin.;Avec ton doigt, réalise une version simple de ce dessin.;;À plat;Maison;15;drawing;;;{}
Dessine le rêve avec un décor léger;Avec ton doigt, ajoute quelques détails pour enrichir le dessin.;Avec ton doigt, ajoute quelques détails pour enrichir le dessin.;;Mitigé;Maison;15;drawing;;;{}
Dessine une lune décorée avec un décor léger;Avec ton doigt, prends le temps de créer une version riche et détaillée.;Avec ton doigt, prends le temps de créer une version riche et détaillée.;;En forme;Maison;15;drawing;;;{}
Transforme un livre en ville avec un décor léger;Avec ton doigt, réalise une version simple de ce dessin.;Avec ton doigt, réalise une version simple de ce dessin.;;À plat;Extérieur;15;drawing;;;{}
Pars d'une ligne courbe avec un décor léger;Avec ton doigt, ajoute quelques détails pour enrichir le dessin.;Avec ton doigt, ajoute quelques détails pour enrichir le dessin.;;Mitigé;Extérieur;15;drawing;;;{}
Dessine un aventurier avec un décor léger;Avec ton doigt, prends le temps de créer une version riche et détaillée.;Avec ton doigt, prends le temps de créer une version riche et détaillée.;;En forme;Extérieur;15;drawing;;;{}
Dessine un géant végétal en noir et blanc;Avec ton doigt, réalise une version simple de ce dessin.;Avec ton doigt, réalise une version simple de ce dessin.;;À plat;N'importe où;15;drawing;;;{}
Dessine une découverte surprenante en noir et blanc;Avec ton doigt, ajoute quelques détails pour enrichir le dessin.;Avec ton doigt, ajoute quelques détails pour enrichir le dessin.;;Mitigé;N'importe où;15;drawing;;;{}
Dessine ta main en noir et blanc;Avec ton doigt, prends le temps de créer une version riche et détaillée.;Avec ton doigt, prends le temps de créer une version riche et détaillée.;;En forme;N'importe où;15;drawing;;;{}
Dessine ta chambre d'enfance en noir et blanc;Avec ton doigt, réalise une version simple de ce dessin.;Avec ton doigt, réalise une version simple de ce dessin.;;À plat;Maison;30;drawing;;;{}
Dessine une maison volante en noir et blanc;Avec ton doigt, ajoute quelques détails pour enrichir le dessin.;Avec ton doigt, ajoute quelques détails pour enrichir le dessin.;;Mitigé;Maison;30;drawing;;;{}
Dessine le calme en noir et blanc;Avec ton doigt, prends le temps de créer une version riche et détaillée.;Avec ton doigt, prends le temps de créer une version riche et détaillée.;;En forme;Maison;30;drawing;;;{}
Dessine un soleil en 10 traits en noir et blanc;Avec ton doigt, réalise une version simple de ce dessin.;Avec ton doigt, réalise une version simple de ce dessin.;;À plat;Extérieur;30;drawing;;;{}
Transforme une pomme en personnage avec une touche fantastique;Avec ton doigt, ajoute quelques détails pour enrichir le dessin.;Avec ton doigt, ajoute quelques détails pour enrichir le dessin.;;Mitigé;Extérieur;30;drawing;;;{}
Pars d'un cercle avec une touche fantastique;Avec ton doigt, prends le temps de créer une version riche et détaillée.;Avec ton doigt, prends le temps de créer une version riche et détaillée.;;En forme;Extérieur;30;drawing;;;{}
Dessine un explorateur avec une touche fantastique;Avec ton doigt, réalise une version simple de ce dessin.;Avec ton doigt, réalise une version simple de ce dessin.;;À plat;N'importe où;30;drawing;;;{}
Dessine un poisson extraterrestre avec une touche fantastique;Avec ton doigt, ajoute quelques détails pour enrichir le dessin.;Avec ton doigt, ajoute quelques détails pour enrichir le dessin.;;Mitigé;N'importe où;30;drawing;;;{}
Dessine une histoire en 3 cases avec une touche fantastique;Avec ton doigt, prends le temps de créer une version riche et détaillée.;Avec ton doigt, prends le temps de créer une version riche et détaillée.;;En forme;N'importe où;30;drawing;;;{}
Dessine une chaussure avec une touche fantastique;Avec ton doigt, réalise une version simple de ce dessin.;Avec ton doigt, réalise une version simple de ce dessin.;;À plat;Maison;5;drawing;;;{}
Dessine ton premier vélo avec une touche fantastique;Avec ton doigt, ajoute quelques détails pour enrichir le dessin.;Avec ton doigt, ajoute quelques détails pour enrichir le dessin.;;Mitigé;Maison;5;drawing;;;{}
Dessine un restaurant sous-marin en vue de face;Avec ton doigt, prends le temps de créer une version riche et détaillée.;Avec ton doigt, prends le temps de créer une version riche et détaillée.;;En forme;Maison;5;drawing;;;{}
Dessine la joie en vue de face;Avec ton doigt, réalise une version simple de ce dessin.;Avec ton doigt, réalise une version simple de ce dessin.;;À plat;Extérieur;5;drawing;;;{}
Dessine un poisson sans lever le doigt en vue de face;Avec ton doigt, ajoute quelques détails pour enrichir le dessin.;Avec ton doigt, ajoute quelques détails pour enrichir le dessin.;;Mitigé;Extérieur;5;drawing;;;{}
Transforme une chaise en véhicule en vue de face;Avec ton doigt, prends le temps de créer une version riche et détaillée.;Avec ton doigt, prends le temps de créer une version riche et détaillée.;;En forme;Extérieur;5;drawing;;;{}
Pars d'un carré en vue de face;Avec ton doigt, réalise une version simple de ce dessin.;Avec ton doigt, réalise une version simple de ce dessin.;;À plat;N'importe où;5;drawing;;;{}
Dessine un boulanger en vue de face;Avec ton doigt, ajoute quelques détails pour enrichir le dessin.;Avec ton doigt, ajoute quelques détails pour enrichir le dessin.;;Mitigé;N'importe où;5;drawing;;;{}
Dessine un dragon minuscule en vue de face;Avec ton doigt, prends le temps de créer une version riche et détaillée.;Avec ton doigt, prends le temps de créer une version riche et détaillée.;;En forme;N'importe où;5;drawing;;;{}
Dessine une rencontre improbable en vue de profil;Avec ton doigt, réalise une version simple de ce dessin.;Avec ton doigt, réalise une version simple de ce dessin.;;À plat;Maison;15;drawing;;;{}
Dessine une tasse en vue de profil;Avec ton doigt, ajoute quelques détails pour enrichir le dessin.;Avec ton doigt, ajoute quelques détails pour enrichir le dessin.;;Mitigé;Maison;15;drawing;;;{}
Dessine un souvenir de vacances en vue de profil;Avec ton doigt, prends le temps de créer une version riche et détaillée.;Avec ton doigt, prends le temps de créer une version riche et détaillée.;;En forme;Maison;15;drawing;;;{}
Dessine une ville dans les nuages en vue de profil;Avec ton doigt, réalise une version simple de ce dessin.;Avec ton doigt, réalise une version simple de ce dessin.;;À plat;Extérieur;15;drawing;;;{}
Dessine la curiosité en vue de profil;Avec ton doigt, ajoute quelques détails pour enrichir le dessin.;Avec ton doigt, ajoute quelques détails pour enrichir le dessin.;;Mitigé;Extérieur;15;drawing;;;{}
Dessine une fleur en une ligne en vue de profil;Avec ton doigt, prends le temps de créer une version riche et détaillée.;Avec ton doigt, prends le temps de créer une version riche et détaillée.;;En forme;Extérieur;15;drawing;;;{}
Transforme une tasse en château en vue de profil;Avec ton doigt, réalise une version simple de ce dessin.;Avec ton doigt, réalise une version simple de ce dessin.;;À plat;N'importe où;15;drawing;;;{}
Pars d'un triangle dans un style amusant;Avec ton doigt, ajoute quelques détails pour enrichir le dessin.;Avec ton doigt, ajoute quelques détails pour enrichir le dessin.;;Mitigé;N'importe où;15;drawing;;;{}
Dessine un astronaute dans un style amusant;Avec ton doigt, prends le temps de créer une version riche et détaillée.;Avec ton doigt, prends le temps de créer une version riche et détaillée.;;En forme;N'importe où;15;drawing;;;{}
Dessine un animal à six pattes dans un style amusant;Avec ton doigt, réalise une version simple de ce dessin.;Avec ton doigt, réalise une version simple de ce dessin.;;À plat;Maison;30;drawing;;;{}
Dessine une chute drôle dans un style amusant;Avec ton doigt, ajoute quelques détails pour enrichir le dessin.;Avec ton doigt, ajoute quelques détails pour enrichir le dessin.;;Mitigé;Maison;30;drawing;;;{}
Dessine une plante proche de toi dans un style amusant;Avec ton doigt, prends le temps de créer une version riche et détaillée.;Avec ton doigt, prends le temps de créer une version riche et détaillée.;;En forme;Maison;30;drawing;;;{}
Dessine ton ancien cartable dans un style amusant;Avec ton doigt, réalise une version simple de ce dessin.;Avec ton doigt, réalise une version simple de ce dessin.;;À plat;Extérieur;30;drawing;;;{}
Dessine un dragon jardinier dans un style amusant;Avec ton doigt, ajoute quelques détails pour enrichir le dessin.;Avec ton doigt, ajoute quelques détails pour enrichir le dessin.;;Mitigé;Extérieur;30;drawing;;;{}
Dessine la surprise avec un élément surprise;Avec ton doigt, prends le temps de créer une version riche et détaillée.;Avec ton doigt, prends le temps de créer une version riche et détaillée.;;En forme;Extérieur;30;drawing;;;{}
Dessine un arbre en 30 secondes avec un élément surprise;Avec ton doigt, réalise une version simple de ce dessin.;Avec ton doigt, réalise une version simple de ce dessin.;;À plat;N'importe où;30;drawing;;;{}
Transforme un nuage en animal avec un élément surprise;Avec ton doigt, ajoute quelques détails pour enrichir le dessin.;Avec ton doigt, ajoute quelques détails pour enrichir le dessin.;;Mitigé;N'importe où;30;drawing;;;{}
Pars d'un rectangle avec un élément surprise;Avec ton doigt, prends le temps de créer une version riche et détaillée.;Avec ton doigt, prends le temps de créer une version riche et détaillée.;;En forme;N'importe où;30;drawing;;;{}
Dessine un musicien avec un élément surprise;Avec ton doigt, réalise une version simple de ce dessin.;Avec ton doigt, réalise une version simple de ce dessin.;;À plat;Maison;5;drawing;;;{}
Dessine une tortue volante avec un élément surprise;Avec ton doigt, ajoute quelques détails pour enrichir le dessin.;Avec ton doigt, ajoute quelques détails pour enrichir le dessin.;;Mitigé;Maison;5;drawing;;;{}
Dessine un héros maladroit avec un élément surprise;Avec ton doigt, prends le temps de créer une version riche et détaillée.;Avec ton doigt, prends le temps de créer une version riche et détaillée.;;En forme;Maison;5;drawing;;;{}
Dessine tes clés avec peu de détails;Avec ton doigt, réalise une version simple de ce dessin.;Avec ton doigt, réalise une version simple de ce dessin.;;À plat;Extérieur;5;drawing;;;{}
Dessine une cour de récréation avec peu de détails;Avec ton doigt, ajoute quelques détails pour enrichir le dessin.;Avec ton doigt, ajoute quelques détails pour enrichir le dessin.;;Mitigé;Extérieur;5;drawing;;;{}
Dessine un vélo volant avec peu de détails;Avec ton doigt, prends le temps de créer une version riche et détaillée.;Avec ton doigt, prends le temps de créer une version riche et détaillée.;;En forme;Extérieur;5;drawing;;;{}
Dessine la sérénité avec peu de détails;Avec ton doigt, réalise une version simple de ce dessin.;Avec ton doigt, réalise une version simple de ce dessin.;;À plat;N'importe où;5;drawing;;;{}
Dessine un cœur stylisé avec peu de détails;Avec ton doigt, ajoute quelques détails pour enrichir le dessin.;Avec ton doigt, ajoute quelques détails pour enrichir le dessin.;;Mitigé;N'importe où;5;drawing;;;{}
Transforme une chaussure en maison avec peu de détails;Avec ton doigt, prends le temps de créer une version riche et détaillée.;Avec ton doigt, prends le temps de créer une version riche et détaillée.;;En forme;N'importe où;5;drawing;;;{}
Pars d'une spirale avec peu de détails;Avec ton doigt, réalise une version simple de ce dessin.;Avec ton doigt, réalise une version simple de ce dessin.;;À plat;Maison;15;drawing;;;{}
Dessine un pirate avec des formes simples;Avec ton doigt, ajoute quelques détails pour enrichir le dessin.;Avec ton doigt, ajoute quelques détails pour enrichir le dessin.;;Mitigé;Maison;15;drawing;;;{}
Dessine un renard de cristal avec des formes simples;Avec ton doigt, prends le temps de créer une version riche et détaillée.;Avec ton doigt, prends le temps de créer une version riche et détaillée.;;En forme;Maison;15;drawing;;;{}
Dessine un trésor caché avec des formes simples;Avec ton doigt, réalise une version simple de ce dessin.;Avec ton doigt, réalise une version simple de ce dessin.;;À plat;Extérieur;15;drawing;;;{}
Dessine une lampe avec des formes simples;Avec ton doigt, ajoute quelques détails pour enrichir le dessin.;Avec ton doigt, ajoute quelques détails pour enrichir le dessin.;;Mitigé;Extérieur;15;drawing;;;{}
Dessine ton goûter préféré avec des formes simples;Avec ton doigt, prends le temps de créer une version riche et détaillée.;Avec ton doigt, prends le temps de créer une version riche et détaillée.;;En forme;Extérieur;15;drawing;;;{}
Dessine une bibliothèque magique avec des formes simples;Avec ton doigt, réalise une version simple de ce dessin.;Avec ton doigt, réalise une version simple de ce dessin.;;À plat;N'importe où;15;drawing;;;{}
Dessine la confiance avec des formes simples;Avec ton doigt, ajoute quelques détails pour enrichir le dessin.;Avec ton doigt, ajoute quelques détails pour enrichir le dessin.;;Mitigé;N'importe où;15;drawing;;;{}
Dessine une montagne simple en version cartoon;Avec ton doigt, prends le temps de créer une version riche et détaillée.;Avec ton doigt, prends le temps de créer une version riche et détaillée.;;En forme;N'importe où;15;drawing;;;{}
Transforme une lampe en robot en version cartoon;Avec ton doigt, réalise une version simple de ce dessin.;Avec ton doigt, réalise une version simple de ce dessin.;;À plat;Maison;30;drawing;;;{}
Pars d'un zigzag en version cartoon;Avec ton doigt, ajoute quelques détails pour enrichir le dessin.;Avec ton doigt, ajoute quelques détails pour enrichir le dessin.;;Mitigé;Maison;30;drawing;;;{}
Dessine une inventrice en version cartoon;Avec ton doigt, prends le temps de créer une version riche et détaillée.;Avec ton doigt, prends le temps de créer une version riche et détaillée.;;En forme;Maison;30;drawing;;;{}
Dessine un monstre gentil en version cartoon;Avec ton doigt, réalise une version simple de ce dessin.;Avec ton doigt, réalise une version simple de ce dessin.;;À plat;Extérieur;30;drawing;;;{}
Dessine une poursuite amusante en version cartoon;Avec ton doigt, ajoute quelques détails pour enrichir le dessin.;Avec ton doigt, ajoute quelques détails pour enrichir le dessin.;;Mitigé;Extérieur;30;drawing;;;{}
Dessine une fenêtre en version cartoon;Avec ton doigt, prends le temps de créer une version riche et détaillée.;Avec ton doigt, prends le temps de créer une version riche et détaillée.;;En forme;Extérieur;30;drawing;;;{}
Dessine une fête d'anniversaire avec un décor léger;Avec ton doigt, réalise une version simple de ce dessin.;Avec ton doigt, réalise une version simple de ce dessin.;;À plat;N'importe où;30;drawing;;;{}
Dessine un arbre géant habité avec un décor léger;Avec ton doigt, ajoute quelques détails pour enrichir le dessin.;Avec ton doigt, ajoute quelques détails pour enrichir le dessin.;;Mitigé;N'importe où;30;drawing;;;{}
Dessine le courage avec un décor léger;Avec ton doigt, prends le temps de créer une version riche et détaillée.;Avec ton doigt, prends le temps de créer une version riche et détaillée.;;En forme;N'importe où;30;drawing;;;{}
Dessine un nuage original avec un décor léger;Avec ton doigt, réalise une version simple de ce dessin.;Avec ton doigt, réalise une version simple de ce dessin.;;À plat;Maison;5;drawing;;;{}
Transforme un arbre en tour avec un décor léger;Avec ton doigt, ajoute quelques détails pour enrichir le dessin.;Avec ton doigt, ajoute quelques détails pour enrichir le dessin.;;Mitigé;Maison;5;drawing;;;{}
Pars d'une étoile avec un décor léger;Avec ton doigt, prends le temps de créer une version riche et détaillée.;Avec ton doigt, prends le temps de créer une version riche et détaillée.;;En forme;Maison;5;drawing;;;{}
Dessine un jardinier avec un décor léger;Avec ton doigt, réalise une version simple de ce dessin.;Avec ton doigt, réalise une version simple de ce dessin.;;À plat;Extérieur;5;drawing;;;{}
Dessine un oiseau mécanique en noir et blanc;Avec ton doigt, ajoute quelques détails pour enrichir le dessin.;Avec ton doigt, ajoute quelques détails pour enrichir le dessin.;;Mitigé;Extérieur;5;drawing;;;{}
Dessine une journée parfaite en noir et blanc;Avec ton doigt, prends le temps de créer une version riche et détaillée.;Avec ton doigt, prends le temps de créer une version riche et détaillée.;;En forme;Extérieur;5;drawing;;;{}
Dessine un coussin en noir et blanc;Avec ton doigt, réalise une version simple de ce dessin.;Avec ton doigt, réalise une version simple de ce dessin.;;À plat;N'importe où;5;drawing;;;{}
Dessine une ancienne maison en noir et blanc;Avec ton doigt, ajoute quelques détails pour enrichir le dessin.;Avec ton doigt, ajoute quelques détails pour enrichir le dessin.;;Mitigé;N'importe où;5;drawing;;;{}
Dessine une île flottante en noir et blanc;Avec ton doigt, prends le temps de créer une version riche et détaillée.;Avec ton doigt, prends le temps de créer une version riche et détaillée.;;En forme;N'importe où;5;drawing;;;{}
Dessine la nostalgie en noir et blanc;Avec ton doigt, réalise une version simple de ce dessin.;Avec ton doigt, réalise une version simple de ce dessin.;;À plat;Maison;15;drawing;;;{}
Dessine une étoile créative en noir et blanc;Avec ton doigt, ajoute quelques détails pour enrichir le dessin.;Avec ton doigt, ajoute quelques détails pour enrichir le dessin.;;Mitigé;Maison;15;drawing;;;{}
Transforme une clé en créature avec une touche fantastique;Avec ton doigt, prends le temps de créer une version riche et détaillée.;Avec ton doigt, prends le temps de créer une version riche et détaillée.;;En forme;Maison;15;drawing;;;{}
Pars d'un demi-cercle avec une touche fantastique;Avec ton doigt, réalise une version simple de ce dessin.;Avec ton doigt, réalise une version simple de ce dessin.;;À plat;Extérieur;15;drawing;;;{}
Dessine une capitaine avec une touche fantastique;Avec ton doigt, ajoute quelques détails pour enrichir le dessin.;Avec ton doigt, ajoute quelques détails pour enrichir le dessin.;;Mitigé;Extérieur;15;drawing;;;{}
Dessine une créature lumineuse avec une touche fantastique;Avec ton doigt, prends le temps de créer une version riche et détaillée.;Avec ton doigt, prends le temps de créer une version riche et détaillée.;;En forme;Extérieur;15;drawing;;;{}
Dessine un voyage inattendu avec une touche fantastique;Avec ton doigt, réalise une version simple de ce dessin.;Avec ton doigt, réalise une version simple de ce dessin.;;À plat;N'importe où;15;drawing;;;{}
Dessine une bouteille avec une touche fantastique;Avec ton doigt, ajoute quelques détails pour enrichir le dessin.;Avec ton doigt, ajoute quelques détails pour enrichir le dessin.;;Mitigé;N'importe où;15;drawing;;;{}
Dessine un trajet familier avec une touche fantastique;Avec ton doigt, prends le temps de créer une version riche et détaillée.;Avec ton doigt, prends le temps de créer une version riche et détaillée.;;En forme;N'importe où;15;drawing;;;{}
Dessine un train volant en vue de face;Avec ton doigt, réalise une version simple de ce dessin.;Avec ton doigt, réalise une version simple de ce dessin.;;À plat;Maison;30;drawing;;;{}
Dessine la motivation en vue de face;Avec ton doigt, ajoute quelques détails pour enrichir le dessin.;Avec ton doigt, ajoute quelques détails pour enrichir le dessin.;;Mitigé;Maison;30;drawing;;;{}
Dessine un oiseau minimaliste en vue de face;Avec ton doigt, prends le temps de créer une version riche et détaillée.;Avec ton doigt, prends le temps de créer une version riche et détaillée.;;En forme;Maison;30;drawing;;;{}
Transforme un vélo en machine volante en vue de face;Avec ton doigt, réalise une version simple de ce dessin.;Avec ton doigt, réalise une version simple de ce dessin.;;À plat;Extérieur;30;drawing;;;{}
Pars d'un losange en vue de face;Avec ton doigt, ajoute quelques détails pour enrichir le dessin.;Avec ton doigt, ajoute quelques détails pour enrichir le dessin.;;Mitigé;Extérieur;30;drawing;;;{}
Dessine une danseuse en vue de face;Avec ton doigt, prends le temps de créer une version riche et détaillée.;Avec ton doigt, prends le temps de créer une version riche et détaillée.;;En forme;Extérieur;30;drawing;;;{}
Dessine un chat magique en vue de face;Avec ton doigt, réalise une version simple de ce dessin.;Avec ton doigt, réalise une version simple de ce dessin.;;À plat;N'importe où;30;drawing;;;{}
Dessine une invention ratée en vue de profil;Avec ton doigt, ajoute quelques détails pour enrichir le dessin.;Avec ton doigt, ajoute quelques détails pour enrichir le dessin.;;Mitigé;N'importe où;30;drawing;;;{}
Dessine un livre ouvert en vue de profil;Avec ton doigt, prends le temps de créer une version riche et détaillée.;Avec ton doigt, prends le temps de créer une version riche et détaillée.;;En forme;N'importe où;30;drawing;;;{}
Dessine un jouet marquant en vue de profil;Avec ton doigt, réalise une version simple de ce dessin.;Avec ton doigt, réalise une version simple de ce dessin.;;À plat;Maison;5;drawing;;;{}
Dessine un marché fantastique en vue de profil;Avec ton doigt, ajoute quelques détails pour enrichir le dessin.;Avec ton doigt, ajoute quelques détails pour enrichir le dessin.;;Mitigé;Maison;5;drawing;;;{}
Dessine le rêve en vue de profil;Avec ton doigt, prends le temps de créer une version riche et détaillée.;Avec ton doigt, prends le temps de créer une version riche et détaillée.;;En forme;Maison;5;drawing;;;{}
Dessine une lune décorée en vue de profil;Avec ton doigt, réalise une version simple de ce dessin.;Avec ton doigt, réalise une version simple de ce dessin.;;À plat;Extérieur;5;drawing;;;{}
Transforme un livre en ville en vue de profil;Avec ton doigt, ajoute quelques détails pour enrichir le dessin.;Avec ton doigt, ajoute quelques détails pour enrichir le dessin.;;Mitigé;Extérieur;5;drawing;;;{}
Pars d'une ligne courbe dans un style amusant;Avec ton doigt, prends le temps de créer une version riche et détaillée.;Avec ton doigt, prends le temps de créer une version riche et détaillée.;;En forme;Extérieur;5;drawing;;;{}
Dessine un aventurier dans un style amusant;Avec ton doigt, réalise une version simple de ce dessin.;Avec ton doigt, réalise une version simple de ce dessin.;;À plat;N'importe où;5;drawing;;;{}
Dessine un géant végétal dans un style amusant;Avec ton doigt, ajoute quelques détails pour enrichir le dessin.;Avec ton doigt, ajoute quelques détails pour enrichir le dessin.;;Mitigé;N'importe où;5;drawing;;;{}
Dessine une découverte surprenante dans un style amusant;Avec ton doigt, prends le temps de créer une version riche et détaillée.;Avec ton doigt, prends le temps de créer une version riche et détaillée.;;En forme;N'importe où;5;drawing;;;{}
Dessine ta main dans un style amusant;Avec ton doigt, réalise une version simple de ce dessin.;Avec ton doigt, réalise une version simple de ce dessin.;;À plat;Maison;15;drawing;;;{}
Dessine ta chambre d'enfance dans un style amusant;Avec ton doigt, ajoute quelques détails pour enrichir le dessin.;Avec ton doigt, ajoute quelques détails pour enrichir le dessin.;;Mitigé;Maison;15;drawing;;;{}
Dessine une maison volante dans un style amusant;Avec ton doigt, prends le temps de créer une version riche et détaillée.;Avec ton doigt, prends le temps de créer une version riche et détaillée.;;En forme;Maison;15;drawing;;;{}
Dessine le calme avec un élément surprise;Avec ton doigt, réalise une version simple de ce dessin.;Avec ton doigt, réalise une version simple de ce dessin.;;À plat;Extérieur;15;drawing;;;{}
Dessine un soleil en 10 traits avec un élément surprise;Avec ton doigt, ajoute quelques détails pour enrichir le dessin.;Avec ton doigt, ajoute quelques détails pour enrichir le dessin.;;Mitigé;Extérieur;15;drawing;;;{}
Transforme une pomme en personnage avec un élément surprise;Avec ton doigt, prends le temps de créer une version riche et détaillée.;Avec ton doigt, prends le temps de créer une version riche et détaillée.;;En forme;Extérieur;15;drawing;;;{}
Pars d'un cercle avec un élément surprise;Avec ton doigt, réalise une version simple de ce dessin.;Avec ton doigt, réalise une version simple de ce dessin.;;À plat;N'importe où;15;drawing;;;{}
Dessine un explorateur avec un élément surprise;Avec ton doigt, ajoute quelques détails pour enrichir le dessin.;Avec ton doigt, ajoute quelques détails pour enrichir le dessin.;;Mitigé;N'importe où;15;drawing;;;{}
Dessine un poisson extraterrestre avec un élément surprise;Avec ton doigt, prends le temps de créer une version riche et détaillée.;Avec ton doigt, prends le temps de créer une version riche et détaillée.;;En forme;N'importe où;15;drawing;;;{}
Dessine une histoire en 3 cases avec un élément surprise;Avec ton doigt, réalise une version simple de ce dessin.;Avec ton doigt, réalise une version simple de ce dessin.;;À plat;Maison;30;drawing;;;{}
Dessine une chaussure avec peu de détails;Avec ton doigt, ajoute quelques détails pour enrichir le dessin.;Avec ton doigt, ajoute quelques détails pour enrichir le dessin.;;Mitigé;Maison;30;drawing;;;{}
Dessine ton premier vélo avec peu de détails;Avec ton doigt, prends le temps de créer une version riche et détaillée.;Avec ton doigt, prends le temps de créer une version riche et détaillée.;;En forme;Maison;30;drawing;;;{}
Dessine un restaurant sous-marin avec peu de détails;Avec ton doigt, réalise une version simple de ce dessin.;Avec ton doigt, réalise une version simple de ce dessin.;;À plat;Extérieur;30;drawing;;;{}
Dessine la joie avec peu de détails;Avec ton doigt, ajoute quelques détails pour enrichir le dessin.;Avec ton doigt, ajoute quelques détails pour enrichir le dessin.;;Mitigé;Extérieur;30;drawing;;;{}
Dessine un poisson sans lever le doigt avec peu de détails;Avec ton doigt, prends le temps de créer une version riche et détaillée.;Avec ton doigt, prends le temps de créer une version riche et détaillée.;;En forme;Extérieur;30;drawing;;;{}
Transforme une chaise en véhicule avec peu de détails;Avec ton doigt, réalise une version simple de ce dessin.;Avec ton doigt, réalise une version simple de ce dessin.;;À plat;N'importe où;30;drawing;;;{}
Pars d'un carré avec peu de détails;Avec ton doigt, ajoute quelques détails pour enrichir le dessin.;Avec ton doigt, ajoute quelques détails pour enrichir le dessin.;;Mitigé;N'importe où;30;drawing;;;{}
Dessine un boulanger avec des formes simples;Avec ton doigt, prends le temps de créer une version riche et détaillée.;Avec ton doigt, prends le temps de créer une version riche et détaillée.;;En forme;N'importe où;30;drawing;;;{}
Dessine un dragon minuscule avec des formes simples;Avec ton doigt, réalise une version simple de ce dessin.;Avec ton doigt, réalise une version simple de ce dessin.;;À plat;Maison;5;drawing;;;{}
Dessine une rencontre improbable avec des formes simples;Avec ton doigt, ajoute quelques détails pour enrichir le dessin.;Avec ton doigt, ajoute quelques détails pour enrichir le dessin.;;Mitigé;Maison;5;drawing;;;{}
Dessine une tasse avec des formes simples;Avec ton doigt, prends le temps de créer une version riche et détaillée.;Avec ton doigt, prends le temps de créer une version riche et détaillée.;;En forme;Maison;5;drawing;;;{}
Dessine un souvenir de vacances avec des formes simples;Avec ton doigt, réalise une version simple de ce dessin.;Avec ton doigt, réalise une version simple de ce dessin.;;À plat;Extérieur;5;drawing;;;{}
Dessine une ville dans les nuages avec des formes simples;Avec ton doigt, ajoute quelques détails pour enrichir le dessin.;Avec ton doigt, ajoute quelques détails pour enrichir le dessin.;;Mitigé;Extérieur;5;drawing;;;{}
Dessine la curiosité avec des formes simples;Avec ton doigt, prends le temps de créer une version riche et détaillée.;Avec ton doigt, prends le temps de créer une version riche et détaillée.;;En forme;Extérieur;5;drawing;;;{}
Dessine une fleur en une ligne en version cartoon;Avec ton doigt, réalise une version simple de ce dessin.;Avec ton doigt, réalise une version simple de ce dessin.;;À plat;N'importe où;5;drawing;;;{}
Transforme une tasse en château en version cartoon;Avec ton doigt, ajoute quelques détails pour enrichir le dessin.;Avec ton doigt, ajoute quelques détails pour enrichir le dessin.;;Mitigé;N'importe où;5;drawing;;;{}
Pars d'un triangle en version cartoon;Avec ton doigt, prends le temps de créer une version riche et détaillée.;Avec ton doigt, prends le temps de créer une version riche et détaillée.;;En forme;N'importe où;5;drawing;;;{}
Dessine un astronaute en version cartoon;Avec ton doigt, réalise une version simple de ce dessin.;Avec ton doigt, réalise une version simple de ce dessin.;;À plat;Maison;15;drawing;;;{}
Dessine un animal à six pattes en version cartoon;Avec ton doigt, ajoute quelques détails pour enrichir le dessin.;Avec ton doigt, ajoute quelques détails pour enrichir le dessin.;;Mitigé;Maison;15;drawing;;;{}
Dessine une chute drôle en version cartoon;Avec ton doigt, prends le temps de créer une version riche et détaillée.;Avec ton doigt, prends le temps de créer une version riche et détaillée.;;En forme;Maison;15;drawing;;;{}
Dessine une plante proche de toi en version cartoon;Avec ton doigt, réalise une version simple de ce dessin.;Avec ton doigt, réalise une version simple de ce dessin.;;À plat;Extérieur;15;drawing;;;{}
Dessine ton ancien cartable avec un décor léger;Avec ton doigt, ajoute quelques détails pour enrichir le dessin.;Avec ton doigt, ajoute quelques détails pour enrichir le dessin.;;Mitigé;Extérieur;15;drawing;;;{}
Dessine un dragon jardinier avec un décor léger;Avec ton doigt, prends le temps de créer une version riche et détaillée.;Avec ton doigt, prends le temps de créer une version riche et détaillée.;;En forme;Extérieur;15;drawing;;;{}
Dessine la surprise avec un décor léger;Avec ton doigt, réalise une version simple de ce dessin.;Avec ton doigt, réalise une version simple de ce dessin.;;À plat;N'importe où;15;drawing;;;{}
Dessine un arbre en 30 secondes avec un décor léger;Avec ton doigt, ajoute quelques détails pour enrichir le dessin.;Avec ton doigt, ajoute quelques détails pour enrichir le dessin.;;Mitigé;N'importe où;15;drawing;;;{}
Transforme un nuage en animal avec un décor léger;Avec ton doigt, prends le temps de créer une version riche et détaillée.;Avec ton doigt, prends le temps de créer une version riche et détaillée.;;En forme;N'importe où;15;drawing;;;{}
Pars d'un rectangle avec un décor léger;Avec ton doigt, réalise une version simple de ce dessin.;Avec ton doigt, réalise une version simple de ce dessin.;;À plat;Maison;30;drawing;;;{}
Dessine un musicien avec un décor léger;Avec ton doigt, ajoute quelques détails pour enrichir le dessin.;Avec ton doigt, ajoute quelques détails pour enrichir le dessin.;;Mitigé;Maison;30;drawing;;;{}
Dessine une tortue volante en noir et blanc;Avec ton doigt, prends le temps de créer une version riche et détaillée.;Avec ton doigt, prends le temps de créer une version riche et détaillée.;;En forme;Maison;30;drawing;;;{}
Dessine un héros maladroit en noir et blanc;Avec ton doigt, réalise une version simple de ce dessin.;Avec ton doigt, réalise une version simple de ce dessin.;;À plat;Extérieur;30;drawing;;;{}
Dessine tes clés en noir et blanc;Avec ton doigt, ajoute quelques détails pour enrichir le dessin.;Avec ton doigt, ajoute quelques détails pour enrichir le dessin.;;Mitigé;Extérieur;30;drawing;;;{}
Dessine une cour de récréation en noir et blanc;Avec ton doigt, prends le temps de créer une version riche et détaillée.;Avec ton doigt, prends le temps de créer une version riche et détaillée.;;En forme;Extérieur;30;drawing;;;{}
Dessine un vélo volant en noir et blanc;Avec ton doigt, réalise une version simple de ce dessin.;Avec ton doigt, réalise une version simple de ce dessin.;;À plat;N'importe où;30;drawing;;;{}
Dessine la sérénité en noir et blanc;Avec ton doigt, ajoute quelques détails pour enrichir le dessin.;Avec ton doigt, ajoute quelques détails pour enrichir le dessin.;;Mitigé;N'importe où;30;drawing;;;{}
Dessine un cœur stylisé en noir et blanc;Avec ton doigt, prends le temps de créer une version riche et détaillée.;Avec ton doigt, prends le temps de créer une version riche et détaillée.;;En forme;N'importe où;30;drawing;;;{}
Transforme une chaussure en maison avec une touche fantastique;Avec ton doigt, réalise une version simple de ce dessin.;Avec ton doigt, réalise une version simple de ce dessin.;;À plat;Maison;5;drawing;;;{}
Pars d'une spirale avec une touche fantastique;Avec ton doigt, ajoute quelques détails pour enrichir le dessin.;Avec ton doigt, ajoute quelques détails pour enrichir le dessin.;;Mitigé;Maison;5;drawing;;;{}
Dessine un pirate avec une touche fantastique;Avec ton doigt, prends le temps de créer une version riche et détaillée.;Avec ton doigt, prends le temps de créer une version riche et détaillée.;;En forme;Maison;5;drawing;;;{}
Dessine un renard de cristal avec une touche fantastique;Avec ton doigt, réalise une version simple de ce dessin.;Avec ton doigt, réalise une version simple de ce dessin.;;À plat;Extérieur;5;drawing;;;{}
Dessine un trésor caché avec une touche fantastique;Avec ton doigt, ajoute quelques détails pour enrichir le dessin.;Avec ton doigt, ajoute quelques détails pour enrichir le dessin.;;Mitigé;Extérieur;5;drawing;;;{}
Dessine une lampe avec une touche fantastique;Avec ton doigt, prends le temps de créer une version riche et détaillée.;Avec ton doigt, prends le temps de créer une version riche et détaillée.;;En forme;Extérieur;5;drawing;;;{}
Dessine ton goûter préféré avec une touche fantastique;Avec ton doigt, réalise une version simple de ce dessin.;Avec ton doigt, réalise une version simple de ce dessin.;;À plat;N'importe où;5;drawing;;;{}
Dessine une bibliothèque magique en vue de face;Avec ton doigt, ajoute quelques détails pour enrichir le dessin.;Avec ton doigt, ajoute quelques détails pour enrichir le dessin.;;Mitigé;N'importe où;5;drawing;;;{}
Dessine la confiance en vue de face;Avec ton doigt, prends le temps de créer une version riche et détaillée.;Avec ton doigt, prends le temps de créer une version riche et détaillée.;;En forme;N'importe où;5;drawing;;;{}
Dessine une montagne simple en vue de face;Avec ton doigt, réalise une version simple de ce dessin.;Avec ton doigt, réalise une version simple de ce dessin.;;À plat;Maison;15;drawing;;;{}
Transforme une lampe en robot en vue de face;Avec ton doigt, ajoute quelques détails pour enrichir le dessin.;Avec ton doigt, ajoute quelques détails pour enrichir le dessin.;;Mitigé;Maison;15;drawing;;;{}
Pars d'un zigzag en vue de face;Avec ton doigt, prends le temps de créer une version riche et détaillée.;Avec ton doigt, prends le temps de créer une version riche et détaillée.;;En forme;Maison;15;drawing;;;{}
Dessine une inventrice en vue de face;Avec ton doigt, réalise une version simple de ce dessin.;Avec ton doigt, réalise une version simple de ce dessin.;;À plat;Extérieur;15;drawing;;;{}
Dessine un monstre gentil en vue de face;Avec ton doigt, ajoute quelques détails pour enrichir le dessin.;Avec ton doigt, ajoute quelques détails pour enrichir le dessin.;;Mitigé;Extérieur;15;drawing;;;{}
Dessine une poursuite amusante en vue de profil;Avec ton doigt, prends le temps de créer une version riche et détaillée.;Avec ton doigt, prends le temps de créer une version riche et détaillée.;;En forme;Extérieur;15;drawing;;;{}
Dessine une fenêtre en vue de profil;Avec ton doigt, réalise une version simple de ce dessin.;Avec ton doigt, réalise une version simple de ce dessin.;;À plat;N'importe où;15;drawing;;;{}
Dessine une fête d'anniversaire en vue de profil;Avec ton doigt, ajoute quelques détails pour enrichir le dessin.;Avec ton doigt, ajoute quelques détails pour enrichir le dessin.;;Mitigé;N'importe où;15;drawing;;;{}
Dessine un arbre géant habité en vue de profil;Avec ton doigt, prends le temps de créer une version riche et détaillée.;Avec ton doigt, prends le temps de créer une version riche et détaillée.;;En forme;N'importe où;15;drawing;;;{}
Dessine le courage en vue de profil;Avec ton doigt, réalise une version simple de ce dessin.;Avec ton doigt, réalise une version simple de ce dessin.;;À plat;Maison;30;drawing;;;{}
Dessine un nuage original en vue de profil;Avec ton doigt, ajoute quelques détails pour enrichir le dessin.;Avec ton doigt, ajoute quelques détails pour enrichir le dessin.;;Mitigé;Maison;30;drawing;;;{}
Transforme un arbre en tour en vue de profil;Avec ton doigt, prends le temps de créer une version riche et détaillée.;Avec ton doigt, prends le temps de créer une version riche et détaillée.;;En forme;Maison;30;drawing;;;{}
Pars d'une étoile dans un style amusant;Avec ton doigt, réalise une version simple de ce dessin.;Avec ton doigt, réalise une version simple de ce dessin.;;À plat;Extérieur;30;drawing;;;{}
Dessine un jardinier dans un style amusant;Avec ton doigt, ajoute quelques détails pour enrichir le dessin.;Avec ton doigt, ajoute quelques détails pour enrichir le dessin.;;Mitigé;Extérieur;30;drawing;;;{}
Dessine un oiseau mécanique dans un style amusant;Avec ton doigt, prends le temps de créer une version riche et détaillée.;Avec ton doigt, prends le temps de créer une version riche et détaillée.;;En forme;Extérieur;30;drawing;;;{}
Dessine une journée parfaite dans un style amusant;Avec ton doigt, réalise une version simple de ce dessin.;Avec ton doigt, réalise une version simple de ce dessin.;;À plat;N'importe où;30;drawing;;;{}
Dessine un coussin dans un style amusant;Avec ton doigt, ajoute quelques détails pour enrichir le dessin.;Avec ton doigt, ajoute quelques détails pour enrichir le dessin.;;Mitigé;N'importe où;30;drawing;;;{}
Dessine une ancienne maison dans un style amusant;Avec ton doigt, prends le temps de créer une version riche et détaillée.;Avec ton doigt, prends le temps de créer une version riche et détaillée.;;En forme;N'importe où;30;drawing;;;{}
Dessine une île flottante dans un style amusant;Avec ton doigt, réalise une version simple de ce dessin.;Avec ton doigt, réalise une version simple de ce dessin.;;À plat;Maison;5;drawing;;;{}
Dessine la nostalgie avec un élément surprise;Avec ton doigt, ajoute quelques détails pour enrichir le dessin.;Avec ton doigt, ajoute quelques détails pour enrichir le dessin.;;Mitigé;Maison;5;drawing;;;{}
Dessine une étoile créative avec un élément surprise;Avec ton doigt, prends le temps de créer une version riche et détaillée.;Avec ton doigt, prends le temps de créer une version riche et détaillée.;;En forme;Maison;5;drawing;;;{}
Transforme une clé en créature avec un élément surprise;Avec ton doigt, réalise une version simple de ce dessin.;Avec ton doigt, réalise une version simple de ce dessin.;;À plat;Extérieur;5;drawing;;;{}
Pars d'un demi-cercle avec un élément surprise;Avec ton doigt, ajoute quelques détails pour enrichir le dessin.;Avec ton doigt, ajoute quelques détails pour enrichir le dessin.;;Mitigé;Extérieur;5;drawing;;;{}
Dessine une capitaine avec un élément surprise;Avec ton doigt, prends le temps de créer une version riche et détaillée.;Avec ton doigt, prends le temps de créer une version riche et détaillée.;;En forme;Extérieur;5;drawing;;;{}
Dessine une créature lumineuse avec un élément surprise;Avec ton doigt, réalise une version simple de ce dessin.;Avec ton doigt, réalise une version simple de ce dessin.;;À plat;N'importe où;5;drawing;;;{}
Dessine un voyage inattendu avec un élément surprise;Avec ton doigt, ajoute quelques détails pour enrichir le dessin.;Avec ton doigt, ajoute quelques détails pour enrichir le dessin.;;Mitigé;N'importe où;5;drawing;;;{}
Dessine une bouteille avec peu de détails;Avec ton doigt, prends le temps de créer une version riche et détaillée.;Avec ton doigt, prends le temps de créer une version riche et détaillée.;;En forme;N'importe où;5;drawing;;;{}
Dessine un trajet familier avec peu de détails;Avec ton doigt, réalise une version simple de ce dessin.;Avec ton doigt, réalise une version simple de ce dessin.;;À plat;Maison;15;drawing;;;{}
Dessine un train volant avec peu de détails;Avec ton doigt, ajoute quelques détails pour enrichir le dessin.;Avec ton doigt, ajoute quelques détails pour enrichir le dessin.;;Mitigé;Maison;15;drawing;;;{}
Dessine la motivation avec peu de détails;Avec ton doigt, prends le temps de créer une version riche et détaillée.;Avec ton doigt, prends le temps de créer une version riche et détaillée.;;En forme;Maison;15;drawing;;;{}
Dessine un oiseau minimaliste avec peu de détails;Avec ton doigt, réalise une version simple de ce dessin.;Avec ton doigt, réalise une version simple de ce dessin.;;À plat;Extérieur;15;drawing;;;{}
Transforme un vélo en machine volante avec peu de détails;Avec ton doigt, ajoute quelques détails pour enrichir le dessin.;Avec ton doigt, ajoute quelques détails pour enrichir le dessin.;;Mitigé;Extérieur;15;drawing;;;{}
Pars d'un losange avec peu de détails;Avec ton doigt, prends le temps de créer une version riche et détaillée.;Avec ton doigt, prends le temps de créer une version riche et détaillée.;;En forme;Extérieur;15;drawing;;;{}
Dessine une danseuse avec des formes simples;Avec ton doigt, réalise une version simple de ce dessin.;Avec ton doigt, réalise une version simple de ce dessin.;;À plat;N'importe où;15;drawing;;;{}
Dessine un chat magique avec des formes simples;Avec ton doigt, ajoute quelques détails pour enrichir le dessin.;Avec ton doigt, ajoute quelques détails pour enrichir le dessin.;;Mitigé;N'importe où;15;drawing;;;{}
Dessine une invention ratée avec des formes simples;Avec ton doigt, prends le temps de créer une version riche et détaillée.;Avec ton doigt, prends le temps de créer une version riche et détaillée.;;En forme;N'importe où;15;drawing;;;{}
Dessine un livre ouvert avec des formes simples;Avec ton doigt, réalise une version simple de ce dessin.;Avec ton doigt, réalise une version simple de ce dessin.;;À plat;Maison;30;drawing;;;{}
Dessine un jouet marquant avec des formes simples;Avec ton doigt, ajoute quelques détails pour enrichir le dessin.;Avec ton doigt, ajoute quelques détails pour enrichir le dessin.;;Mitigé;Maison;30;drawing;;;{}
Dessine un marché fantastique avec des formes simples;Avec ton doigt, prends le temps de créer une version riche et détaillée.;Avec ton doigt, prends le temps de créer une version riche et détaillée.;;En forme;Maison;30;drawing;;;{}
Dessine le rêve avec des formes simples;Avec ton doigt, réalise une version simple de ce dessin.;Avec ton doigt, réalise une version simple de ce dessin.;;À plat;Extérieur;30;drawing;;;{}
Dessine une lune décorée en version cartoon;Avec ton doigt, ajoute quelques détails pour enrichir le dessin.;Avec ton doigt, ajoute quelques détails pour enrichir le dessin.;;Mitigé;Extérieur;30;drawing;;;{}
Transforme un livre en ville en version cartoon;Avec ton doigt, prends le temps de créer une version riche et détaillée.;Avec ton doigt, prends le temps de créer une version riche et détaillée.;;En forme;Extérieur;30;drawing;;;{}
Pars d'une ligne courbe en version cartoon;Avec ton doigt, réalise une version simple de ce dessin.;Avec ton doigt, réalise une version simple de ce dessin.;;À plat;N'importe où;30;drawing;;;{}
Dessine un aventurier en version cartoon;Avec ton doigt, ajoute quelques détails pour enrichir le dessin.;Avec ton doigt, ajoute quelques détails pour enrichir le dessin.;;Mitigé;N'importe où;30;drawing;;;{}
Dessine un géant végétal en version cartoon;Avec ton doigt, prends le temps de créer une version riche et détaillée.;Avec ton doigt, prends le temps de créer une version riche et détaillée.;;En forme;N'importe où;30;drawing;;;{}
Dessine une découverte surprenante en version cartoon;Avec ton doigt, réalise une version simple de ce dessin.;Avec ton doigt, réalise une version simple de ce dessin.;;À plat;Maison;5;drawing;;;{}
