item_type,prompt,answer,translation,language
word,hello,bonjour,,english
word,goodbye,au revoir,,english
word,please,s'il te plaît,,english
word,thank you,merci,,english
word,yes,oui,,english
word,no,non,,english
word,maybe,peut-être,,english
word,always,toujours,,english
word,never,jamais,,english
word,often,souvent,,english
word,sometimes,parfois,,english
word,today,aujourd'hui,,english
word,tomorrow,demain,,english
word,yesterday,hier,,english
word,now,maintenant,,english
word,later,plus tard,,english
word,soon,bientôt,,english
word,again,encore,,english
word,here,ici,,english
word,there,là-bas,,english
word,inside,à l'intérieur,,english
word,outside,dehors,,english
word,near,près,,english
word,far,loin,,english
word,left,gauche,,english
word,right,droite,,english
word,morning,matin,,english
word,afternoon,après-midi,,english
word,evening,soir,,english
word,night,nuit,,english
word,minute,minute,,english
word,hour,heure,,english
word,day,jour,,english
word,week,semaine,,english
word,month,mois,,english
word,year,année,,english
word,time,temps,,english
word,moment,moment,,english
word,life,vie,,english
word,world,monde,,english
word,person,personne,,english
word,people,gens,,english
word,man,homme,,english
word,woman,femme,,english
word,child,enfant,,english
word,friend,ami,,english
word,family,famille,,english
word,mother,mère,,english
word,father,père,,english
word,sister,sœur,,english
word,brother,frère,,english
word,neighbor,voisin,,english
word,teacher,professeur,,english
word,student,étudiant,,english
word,doctor,médecin,,english
word,nurse,infirmier,,english
word,driver,conducteur,,english
word,artist,artiste,,english
word,photographer,photographe,,english
word,developer,développeur,,english
word,home,maison,,english
word,house,maison,,english
word,apartment,appartement,,english
word,room,pièce,,english
word,bedroom,chambre,,english
word,kitchen,cuisine,,english
word,bathroom,salle de bain,,english
word,door,porte,,english
word,window,fenêtre,,english
word,wall,mur,,english
word,floor,sol,,english
word,ceiling,plafond,,english
word,table,table,,english
word,chair,chaise,,english
word,sofa,canapé,,english
word,bed,lit,,english
word,lamp,lampe,,english
word,shelf,étagère,,english
word,mirror,miroir,,english
word,key,clé,,english
word,bag,sac,,english
word,phone,téléphone,,english
word,computer,ordinateur,,english
word,screen,écran,,english
word,keyboard,clavier,,english
word,mouse,souris,,english
word,camera,appareil photo,,english
word,book,livre,,english
word,notebook,carnet,,english
word,pen,stylo,,english
word,pencil,crayon,,english
word,paper,papier,,english
word,letter,lettre,,english
word,message,message,,english
word,photo,photo,,english
word,image,image,,english
word,picture,image,,english
word,color,couleur,,english
word,line,ligne,,english
word,shape,forme,,english
word,light,lumière,,english
word,shadow,ombre,,english
word,texture,texture,,english
word,contrast,contraste,,english
word,angle,angle,,english
word,frame,cadre,,english
word,focus,mise au point,,english
word,street,rue,,english
word,road,route,,english
word,avenue,avenue,,english
word,square,place,,english
word,park,parc,,english
word,garden,jardin,,english
word,bridge,pont,,english
word,river,rivière,,english
word,station,gare,,english
word,train,train,,english
word,bus,bus,,english
word,metro,métro,,english
word,car,voiture,,english
word,bike,vélo,,english
word,ticket,ticket,,english
word,city,ville,,english
word,village,village,,english
word,country,pays,,english
word,beach,plage,,english
word,mountain,montagne,,english
word,forest,forêt,,english
word,tree,arbre,,english
word,flower,fleur,,english
word,grass,herbe,,english
word,sky,ciel,,english
word,cloud,nuage,,english
word,rain,pluie,,english
word,snow,neige,,english
word,wind,vent,,english
word,sun,soleil,,english
word,moon,lune,,english
word,star,étoile,,english
word,sea,mer,,english
word,lake,lac,,english
word,island,île,,english
word,stone,pierre,,english
word,sand,sable,,english
word,water,eau,,english
word,coffee,café,,english
word,tea,thé,,english
word,milk,lait,,english
word,juice,jus,,english
word,bread,pain,,english
word,butter,beurre,,english
word,cheese,fromage,,english
word,egg,œuf,,english
word,rice,riz,,english
word,pasta,pâtes,,english
word,potato,pomme de terre,,english
word,tomato,tomate,,english
word,onion,oignon,,english
word,garlic,ail,,english
word,carrot,carotte,,english
word,apple,pomme,,english
word,banana,banane,,english
word,orange,orange,,english
word,lemon,citron,,english
word,strawberry,fraise,,english
word,grape,raisin,,english
word,meat,viande,,english
word,fish,poisson,,english
word,chicken,poulet,,english
word,soup,soupe,,english
word,salad,salade,,english
word,salt,sel,,english
word,pepper,poivre,,english
word,sugar,sucre,,english
word,breakfast,petit déjeuner,,english
word,lunch,déjeuner,,english
word,dinner,dîner,,english
word,meal,repas,,english
word,plate,assiette,,english
word,glass,verre,,english
word,fork,fourchette,,english
word,knife,couteau,,english
word,spoon,cuillère,,english
word,clothes,vêtements,,english
word,shirt,chemise,,english
word,jacket,veste,,english
word,coat,manteau,,english
word,trousers,pantalon,,english
word,shoes,chaussures,,english
word,hat,chapeau,,english
word,watch,montre,,english
word,glasses,lunettes,,english
word,body,corps,,english
word,head,tête,,english
word,face,visage,,english
word,eye,œil,,english
word,ear,oreille,,english
word,nose,nez,,english
word,mouth,bouche,,english
word,hand,main,,english
word,arm,bras,,english
word,leg,jambe,,english
word,foot,pied,,english
word,back,dos,,english
word,heart,cœur,,english
word,mind,esprit,,english
word,voice,voix,,english
word,breath,respiration,,english
word,work,travail,,english
word,job,emploi,,english
word,office,bureau,,english
word,meeting,réunion,,english
word,project,projet,,english
word,task,tâche,,english
word,team,équipe,,english
word,idea,idée,,english
word,problem,problème,,english
word,solution,solution,,english
word,question,question,,english
word,answer,réponse,,english
word,choice,choix,,english
word,reason,raison,,english
word,example,exemple,,english
word,result,résultat,,english
word,goal,objectif,,english
word,plan,plan,,english
word,method,méthode,,english
word,rule,règle,,english
word,mistake,erreur,,english
word,truth,vérité,,english
word,fact,fait,,english
word,proof,preuve,,english
word,doubt,doute,,english
word,risk,risque,,english
word,chance,chance,,english
word,energy,énergie,,english
word,mood,humeur,,english
word,stress,stress,,english
word,fear,peur,,english
word,anger,colère,,english
word,joy,joie,,english
word,sadness,tristesse,,english
word,calm,calme,,english
word,peace,paix,,english
word,silence,silence,,english
word,noise,bruit,,english
word,pain,douleur,,english
word,health,santé,,english
word,sleep,sommeil,,english
word,dream,rêve,,english
word,memory,souvenir,,english
word,habit,habitude,,english
word,attention,attention,,english
word,effort,effort,,english
word,movement,mouvement,,english
word,exercise,exercice,,english
word,walk,marche,,english
word,run,course,,english
word,climb,escalade,,english
word,game,jeu,,english
word,music,musique,,english
word,film,film,,english
word,story,histoire,,english
word,drawing,dessin,,english
word,painting,peinture,,english
word,science,science,,english
word,history,histoire,,english
word,language,langue,,english
word,culture,culture,,english
word,art,art,,english
word,logic,logique,,english
word,code,code,,english
word,data,données,,english
word,file,fichier,,english
word,folder,dossier,,english
word,database,base de données,,english
word,server,serveur,,english
word,page,page,,english
word,button,bouton,,english
word,form,formulaire,,english
word,password,mot de passe,,english
word,account,compte,,english
word,profile,profil,,english
word,settings,paramètres,,english
word,list,liste,,english
word,big,grand,,english
word,small,petit,,english
word,long,long,,english
word,short,court,,english
word,new,nouveau,,english
word,old,vieux,,english
word,young,jeune,,english
word,good,bon,,english
word,bad,mauvais,,english
word,easy,facile,,english
word,difficult,difficile,,english
word,simple,simple,,english
word,complex,complexe,,english
word,clean,propre,,english
word,dirty,sale,,english
word,full,plein,,english
word,empty,vide,,english
word,open,ouvert,,english
word,closed,fermé,,english
word,fast,rapide,,english
word,slow,lent,,english
word,hot,chaud,,english
word,cold,froid,,english
word,soft,doux,,english
word,hard,dur,,english
word,bright,lumineux,,english
word,dark,sombre,,english
word,quiet,calme,,english
word,loud,bruyant,,english
word,safe,sûr,,english
word,dangerous,dangereux,,english
word,possible,possible,,english
word,useful,utile,,english
word,ready,prêt,,english
word,tired,fatigué,,english
word,hungry,affamé,,english
word,thirsty,assoiffé,,english
word,happy,heureux,,english
word,sad,triste,,english
word,angry,en colère,,english
word,afraid,effrayé,,english
word,curious,curieux,,english
word,alone,seul,,english
word,together,ensemble,,english
word,free,libre,,english
word,busy,occupé,,english
word,clear,clair,,english
word,strange,étrange,,english
word,important,important,,english
word,necessary,nécessaire,,english
word,true,vrai,,english
word,false,faux,,english
word,to be,être,,english
word,to have,avoir,,english
word,to do,faire,,english
word,to go,aller,,english
word,to come,venir,,english
word,to see,voir,,english
word,to look,regarder,,english
word,to hear,entendre,,english
word,to listen,écouter,,english
word,to speak,parler,,english
word,to say,dire,,english
word,to ask,demander,,english
word,to answer,répondre,,english
word,to know,savoir,,english
word,to think,penser,,english
word,to understand,comprendre,,english
word,to learn,apprendre,,english
word,to read,lire,,english
word,to write,écrire,,english
word,to draw,dessiner,,english
word,to create,créer,,english
word,to take,prendre,,english
word,to give,donner,,english
word,to keep,garder,,english
word,to leave,partir,,english
word,to stay,rester,,english
word,to wait,attendre,,english
word,to need,avoir besoin de,,english
word,to want,vouloir,,english
word,to like,aimer,,english
word,to love,adorer,,english
word,to hate,détester,,english
word,to try,essayer,,english
word,to choose,choisir,,english
word,to find,trouver,,english
word,to lose,perdre,,english
word,to open,ouvrir,,english
word,to close,fermer,,english
word,to start,commencer,,english
word,to finish,finir,,english
word,to continue,continuer,,english
word,to stop,arrêter,,english
word,to move,bouger,,english
word,to walk,marcher,,english
word,to run,courir,,english
word,to sit,s'asseoir,,english
word,to sleep,dormir,,english
word,to wake up,se réveiller,,english
word,to eat,manger,,english
word,to drink,boire,,english
word,to cook,cuisiner,,english
word,to clean,nettoyer,,english
word,to buy,acheter,,english
word,to sell,vendre,,english
word,to pay,payer,,english
word,to work,travailler,,english
word,to play,jouer,,english
word,to help,aider,,english
word,to change,changer,,english
word,to remember,se souvenir,,english
word,to forget,oublier,,english
word,to send,envoyer,,english
word,to receive,recevoir,,english
word,to build,construire,,english
word,to break,casser,,english
word,to fix,réparer,,english
word,to check,vérifier,,english
word,to explain,expliquer,,english
word,to compare,comparer,,english
word,to decide,décider,,english
word,to avoid,éviter,,english
word,to accept,accepter,,english
word,to refuse,refuser,,english
word,Monday,lundi,,english
word,Tuesday,mardi,,english
word,Wednesday,mercredi,,english
word,Thursday,jeudi,,english
word,Friday,vendredi,,english
word,Saturday,samedi,,english
word,Sunday,dimanche,,english
word,January,janvier,,english
word,February,février,,english
word,March,mars,,english
word,April,avril,,english
word,May,mai,,english
word,June,juin,,english
word,July,juillet,,english
word,August,août,,english
word,September,septembre,,english
word,October,octobre,,english
word,November,novembre,,english
word,December,décembre,,english
word,zero,zéro,,english
word,one,un,,english
word,two,deux,,english
word,three,trois,,english
word,four,quatre,,english
word,five,cinq,,english
word,six,six,,english
word,seven,sept,,english
word,eight,huit,,english
word,nine,neuf,,english
word,ten,dix,,english
word,eleven,onze,,english
word,twelve,douze,,english
word,twenty,vingt,,english
word,thirty,trente,,english
word,hundred,cent,,english
word,thousand,mille,,english
word,red,rouge,,english
word,blue,bleu,,english
word,green,vert,,english
word,yellow,jaune,,english
word,black,noir,,english
word,white,blanc,,english
word,gray,gris,,english
word,brown,marron,,english
word,pink,rose,,english
word,purple,violet,,english
word,dog,chien,,english
word,cat,chat,,english
word,bird,oiseau,,english
word,horse,cheval,,english
word,cow,vache,,english
word,sheep,mouton,,english
word,pig,cochon,,english
word,insect,insecte,,english
word,big book,le livre grand,,english
word,big door,la porte grand,,english
word,big window,la fenêtre grand,,english
word,big table,la table grand,,english
word,big chair,la chaise grand,,english
word,big room,la pièce grand,,english
word,big street,la rue grand,,english
word,big city,la ville grand,,english
word,big house,la maison grand,,english
word,big garden,le jardin grand,,english
word,big camera,l' appareil photo grand,,english
word,big phone,le téléphone grand,,english
word,big idea,l' idée grand,,english
word,big question,la question grand,,english
word,big problem,le problème grand,,english
word,big solution,la solution grand,,english
word,big message,le message grand,,english
word,big photo,la photo grand,,english
word,big task,la tâche grand,,english
word,big project,le projet grand,,english
word,big work,le travail grand,,english
word,big meal,le repas grand,,english
word,big coffee,le café grand,,english
word,big water,l' eau grand,,english
word,big music,la musique grand,,english
word,big film,le film grand,,english
word,big story,l' histoire grand,,english
word,big day,le jour grand,,english
word,big night,la nuit grand,,english
word,small book,le livre petit,,english
word,small door,la porte petit,,english
word,small window,la fenêtre petit,,english
word,small table,la table petit,,english
word,small chair,la chaise petit,,english
word,small room,la pièce petit,,english
word,small street,la rue petit,,english
word,small city,la ville petit,,english
word,small house,la maison petit,,english
word,small garden,le jardin petit,,english
word,small camera,l' appareil photo petit,,english
word,small phone,le téléphone petit,,english
word,small idea,l' idée petit,,english
word,small question,la question petit,,english
word,small problem,le problème petit,,english
word,small solution,la solution petit,,english
word,small message,le message petit,,english
word,small photo,la photo petit,,english
word,small task,la tâche petit,,english
word,small project,le projet petit,,english
word,small work,le travail petit,,english
word,small meal,le repas petit,,english
word,small coffee,le café petit,,english
word,small water,l' eau petit,,english
word,small music,la musique petit,,english
word,small film,le film petit,,english
word,small story,l' histoire petit,,english
word,small day,le jour petit,,english
word,small night,la nuit petit,,english
word,new book,le livre nouveau,,english
word,new door,la porte nouveau,,english
word,new window,la fenêtre nouveau,,english
word,new table,la table nouveau,,english
word,new chair,la chaise nouveau,,english
word,new room,la pièce nouveau,,english
word,new street,la rue nouveau,,english
word,new city,la ville nouveau,,english
word,new house,la maison nouveau,,english
word,new garden,le jardin nouveau,,english
word,new camera,l' appareil photo nouveau,,english
word,new phone,le téléphone nouveau,,english
word,new idea,l' idée nouveau,,english
word,new question,la question nouveau,,english
word,new problem,le problème nouveau,,english
word,new solution,la solution nouveau,,english
word,new message,le message nouveau,,english
word,new photo,la photo nouveau,,english
word,new task,la tâche nouveau,,english
word,new project,le projet nouveau,,english
word,new work,le travail nouveau,,english
word,new meal,le repas nouveau,,english
word,new coffee,le café nouveau,,english
word,new water,l' eau nouveau,,english
word,new music,la musique nouveau,,english
word,new film,le film nouveau,,english
word,new story,l' histoire nouveau,,english
word,new day,le jour nouveau,,english
word,new night,la nuit nouveau,,english
word,old book,le livre vieux,,english
word,old door,la porte vieux,,english
word,old window,la fenêtre vieux,,english
word,old table,la table vieux,,english
word,old chair,la chaise vieux,,english
word,old room,la pièce vieux,,english
word,old street,la rue vieux,,english
word,old city,la ville vieux,,english
word,old house,la maison vieux,,english
word,old garden,le jardin vieux,,english
word,old camera,l' appareil photo vieux,,english
word,old phone,le téléphone vieux,,english
word,old idea,l' idée vieux,,english
word,old question,la question vieux,,english
word,old problem,le problème vieux,,english
word,old solution,la solution vieux,,english
word,old message,le message vieux,,english
word,old photo,la photo vieux,,english
word,old task,la tâche vieux,,english
word,old project,le projet vieux,,english
word,old work,le travail vieux,,english
word,old meal,le repas vieux,,english
word,old coffee,le café vieux,,english
word,old water,l' eau vieux,,english
word,old music,la musique vieux,,english
word,old film,le film vieux,,english
word,old story,l' histoire vieux,,english
word,old day,le jour vieux,,english
word,old night,la nuit vieux,,english
word,red book,le livre rouge,,english
word,red door,la porte rouge,,english
word,red window,la fenêtre rouge,,english
word,red table,la table rouge,,english
word,red chair,la chaise rouge,,english
word,red room,la pièce rouge,,english
word,red street,la rue rouge,,english
word,red city,la ville rouge,,english
word,red house,la maison rouge,,english
word,red garden,le jardin rouge,,english
word,red camera,l' appareil photo rouge,,english
word,red phone,le téléphone rouge,,english
word,red idea,l' idée rouge,,english
word,red question,la question rouge,,english
word,red problem,le problème rouge,,english
word,red solution,la solution rouge,,english
word,red message,le message rouge,,english
word,red photo,la photo rouge,,english
word,red task,la tâche rouge,,english
word,red project,le projet rouge,,english
word,red work,le travail rouge,,english
word,red meal,le repas rouge,,english
word,red coffee,le café rouge,,english
word,red water,l' eau rouge,,english
word,red music,la musique rouge,,english
word,red film,le film rouge,,english
word,red story,l' histoire rouge,,english
word,red day,le jour rouge,,english
word,red night,la nuit rouge,,english
word,blue book,le livre bleu,,english
word,blue door,la porte bleu,,english
word,blue window,la fenêtre bleu,,english
word,blue table,la table bleu,,english
word,blue chair,la chaise bleu,,english
word,blue room,la pièce bleu,,english
word,blue street,la rue bleu,,english
word,blue city,la ville bleu,,english
word,blue house,la maison bleu,,english
word,blue garden,le jardin bleu,,english
word,blue camera,l' appareil photo bleu,,english
word,blue phone,le téléphone bleu,,english
word,blue idea,l' idée bleu,,english
word,blue question,la question bleu,,english
word,blue problem,le problème bleu,,english
word,blue solution,la solution bleu,,english
word,blue message,le message bleu,,english
word,blue photo,la photo bleu,,english
word,blue task,la tâche bleu,,english
word,blue project,le projet bleu,,english
word,blue work,le travail bleu,,english
word,blue meal,le repas bleu,,english
word,blue coffee,le café bleu,,english
word,blue water,l' eau bleu,,english
word,blue music,la musique bleu,,english
word,blue film,le film bleu,,english
word,blue story,l' histoire bleu,,english
word,blue day,le jour bleu,,english
word,blue night,la nuit bleu,,english
word,green book,le livre vert,,english
word,green door,la porte vert,,english
word,green window,la fenêtre vert,,english
word,green table,la table vert,,english
word,green chair,la chaise vert,,english
word,green room,la pièce vert,,english
word,green street,la rue vert,,english
word,green city,la ville vert,,english
word,green house,la maison vert,,english
word,green garden,le jardin vert,,english
word,green camera,l' appareil photo vert,,english
word,green phone,le téléphone vert,,english
word,green idea,l' idée vert,,english
word,green question,la question vert,,english
word,green problem,le problème vert,,english
word,green solution,la solution vert,,english
word,green message,le message vert,,english
word,green photo,la photo vert,,english
word,green task,la tâche vert,,english
word,green project,le projet vert,,english
word,green work,le travail vert,,english
word,green meal,le repas vert,,english
word,green coffee,le café vert,,english
word,green water,l' eau vert,,english
word,green music,la musique vert,,english
word,green film,le film vert,,english
word,green story,l' histoire vert,,english
word,green day,le jour vert,,english
word,green night,la nuit vert,,english
word,bright book,le livre lumineux,,english
word,bright door,la porte lumineux,,english
word,bright window,la fenêtre lumineux,,english
word,bright table,la table lumineux,,english
word,bright chair,la chaise lumineux,,english
word,bright room,la pièce lumineux,,english
word,bright street,la rue lumineux,,english
word,bright city,la ville lumineux,,english
word,bright house,la maison lumineux,,english
word,bright garden,le jardin lumineux,,english
word,bright camera,l' appareil photo lumineux,,english
word,bright phone,le téléphone lumineux,,english
word,bright idea,l' idée lumineux,,english
word,bright question,la question lumineux,,english
word,bright problem,le problème lumineux,,english
word,bright solution,la solution lumineux,,english
word,bright message,le message lumineux,,english
word,bright photo,la photo lumineux,,english
word,bright task,la tâche lumineux,,english
word,bright project,le projet lumineux,,english
word,bright work,le travail lumineux,,english
word,bright meal,le repas lumineux,,english
word,bright coffee,le café lumineux,,english
word,bright water,l' eau lumineux,,english
word,bright music,la musique lumineux,,english
word,bright film,le film lumineux,,english
word,bright story,l' histoire lumineux,,english
word,bright day,le jour lumineux,,english
word,bright night,la nuit lumineux,,english
word,dark book,le livre sombre,,english
word,dark door,la porte sombre,,english
word,dark window,la fenêtre sombre,,english
word,dark table,la table sombre,,english
word,dark chair,la chaise sombre,,english
word,dark room,la pièce sombre,,english
word,dark street,la rue sombre,,english
word,dark city,la ville sombre,,english
word,dark house,la maison sombre,,english
word,dark garden,le jardin sombre,,english
word,dark camera,l' appareil photo sombre,,english
word,dark phone,le téléphone sombre,,english
word,dark idea,l' idée sombre,,english
word,dark question,la question sombre,,english
word,dark problem,le problème sombre,,english
word,dark solution,la solution sombre,,english
word,dark message,le message sombre,,english
word,dark photo,la photo sombre,,english
word,dark task,la tâche sombre,,english
word,dark project,le projet sombre,,english
word,dark work,le travail sombre,,english
word,dark meal,le repas sombre,,english
word,dark coffee,le café sombre,,english
word,dark water,l' eau sombre,,english
word,dark music,la musique sombre,,english
word,dark film,le film sombre,,english
word,dark story,l' histoire sombre,,english
word,dark day,le jour sombre,,english
word,dark night,la nuit sombre,,english
word,quiet book,le livre calme,,english
word,quiet door,la porte calme,,english
word,quiet window,la fenêtre calme,,english
word,quiet table,la table calme,,english
word,quiet chair,la chaise calme,,english
word,quiet room,la pièce calme,,english
word,quiet street,la rue calme,,english
word,quiet city,la ville calme,,english
word,quiet house,la maison calme,,english
word,quiet garden,le jardin calme,,english
word,quiet camera,l' appareil photo calme,,english
word,quiet phone,le téléphone calme,,english
word,quiet idea,l' idée calme,,english
word,quiet question,la question calme,,english
word,quiet problem,le problème calme,,english
word,quiet solution,la solution calme,,english
word,quiet message,le message calme,,english
word,quiet photo,la photo calme,,english
word,quiet task,la tâche calme,,english
word,quiet project,le projet calme,,english
word,quiet work,le travail calme,,english
word,quiet meal,le repas calme,,english
word,quiet coffee,le café calme,,english
word,quiet water,l' eau calme,,english
word,quiet music,la musique calme,,english
word,quiet film,le film calme,,english
word,quiet story,l' histoire calme,,english
word,quiet day,le jour calme,,english
word,quiet night,la nuit calme,,english
word,simple book,le livre simple,,english
word,simple door,la porte simple,,english
word,simple window,la fenêtre simple,,english
word,simple table,la table simple,,english
word,simple chair,la chaise simple,,english
word,simple room,la pièce simple,,english
word,simple street,la rue simple,,english
word,simple city,la ville simple,,english
word,simple house,la maison simple,,english
word,simple garden,le jardin simple,,english
word,simple camera,l' appareil photo simple,,english
word,simple phone,le téléphone simple,,english
word,simple idea,l' idée simple,,english
word,simple question,la question simple,,english
word,simple problem,le problème simple,,english
word,simple solution,la solution simple,,english
word,simple message,le message simple,,english
word,simple photo,la photo simple,,english
word,simple task,la tâche simple,,english
word,simple project,le projet simple,,english
word,simple work,le travail simple,,english
word,simple meal,le repas simple,,english
word,simple coffee,le café simple,,english
word,simple water,l' eau simple,,english
word,simple music,la musique simple,,english
word,simple film,le film simple,,english
word,simple story,l' histoire simple,,english
word,simple day,le jour simple,,english
word,simple night,la nuit simple,,english
word,useful book,le livre utile,,english
word,useful door,la porte utile,,english
word,useful window,la fenêtre utile,,english
word,useful table,la table utile,,english
word,useful chair,la chaise utile,,english
word,useful room,la pièce utile,,english
word,useful street,la rue utile,,english
word,useful city,la ville utile,,english
word,useful house,la maison utile,,english
word,useful garden,le jardin utile,,english
word,useful camera,l' appareil photo utile,,english
word,useful phone,le téléphone utile,,english
word,useful idea,l' idée utile,,english
word,useful question,la question utile,,english
word,useful problem,le problème utile,,english
word,useful solution,la solution utile,,english
word,useful message,le message utile,,english
word,useful photo,la photo utile,,english
word,useful task,la tâche utile,,english
word,useful project,le projet utile,,english
word,useful work,le travail utile,,english
word,useful meal,le repas utile,,english
word,useful coffee,le café utile,,english
word,useful water,l' eau utile,,english
word,useful music,la musique utile,,english
word,useful film,le film utile,,english
word,useful story,l' histoire utile,,english
word,useful day,le jour utile,,english
word,useful night,la nuit utile,,english
word,strange book,le livre étrange,,english
word,strange door,la porte étrange,,english
word,strange window,la fenêtre étrange,,english
word,strange table,la table étrange,,english
word,strange chair,la chaise étrange,,english
word,strange room,la pièce étrange,,english
word,strange street,la rue étrange,,english
word,strange city,la ville étrange,,english
word,strange house,la maison étrange,,english
word,strange garden,le jardin étrange,,english
word,strange camera,l' appareil photo étrange,,english
word,strange phone,le téléphone étrange,,english
word,strange idea,l' idée étrange,,english
word,strange question,la question étrange,,english
word,strange problem,le problème étrange,,english
word,strange solution,la solution étrange,,english
word,strange message,le message étrange,,english
word,strange photo,la photo étrange,,english
word,strange task,la tâche étrange,,english
word,strange project,le projet étrange,,english
word,strange work,le travail étrange,,english
word,strange meal,le repas étrange,,english
word,strange coffee,le café étrange,,english
word,strange water,l' eau étrange,,english
word,strange music,la musique étrange,,english
word,strange film,le film étrange,,english
word,strange story,l' histoire étrange,,english
word,strange day,le jour étrange,,english
word,strange night,la nuit étrange,,english
word,important book,le livre important,,english
word,important door,la porte important,,english
word,important window,la fenêtre important,,english
word,important table,la table important,,english
word,important chair,la chaise important,,english
word,important room,la pièce important,,english
word,important street,la rue important,,english
word,important city,la ville important,,english
word,important house,la maison important,,english
word,important garden,le jardin important,,english
word,important camera,l' appareil photo important,,english
word,important phone,le téléphone important,,english
word,important idea,l' idée important,,english
word,important question,la question important,,english
word,important problem,le problème important,,english
word,important solution,la solution important,,english
word,important message,le message important,,english
word,important photo,la photo important,,english
word,important task,la tâche important,,english
word,important project,le projet important,,english
word,important work,le travail important,,english
word,important meal,le repas important,,english
word,important coffee,le café important,,english
word,important water,l' eau important,,english
word,important music,la musique important,,english
word,important film,le film important,,english
word,important story,l' histoire important,,english
word,important day,le jour important,,english
word,important night,la nuit important,,english
word,to read the book,lire le livre,,english
word,to read the door,lire la porte,,english
word,to read the window,lire la fenêtre,,english
word,to read the table,lire la table,,english
word,to read the chair,lire la chaise,,english
word,to read the room,lire la pièce,,english
word,to read the street,lire la rue,,english
word,to read the city,lire la ville,,english
word,to read the house,lire la maison,,english
word,to read the garden,lire le jardin,,english
word,to read the camera,lire l' appareil photo,,english
word,to read the phone,lire le téléphone,,english
word,to read the idea,lire l' idée,,english
word,to read the question,lire la question,,english
word,to read the problem,lire le problème,,english
word,to read the solution,lire la solution,,english
word,to read the message,lire le message,,english
word,to read the photo,lire la photo,,english
word,to read the task,lire la tâche,,english
word,to read the project,lire le projet,,english
word,to read the work,lire le travail,,english
word,to read the meal,lire le repas,,english
word,to read the coffee,lire le café,,english
word,to read the water,lire l' eau,,english
word,to read the music,lire la musique,,english
word,to read the film,lire le film,,english
word,to read the story,lire l' histoire,,english
word,to read the day,lire le jour,,english
word,to read the night,lire la nuit,,english
word,to write the book,écrire le livre,,english
word,to write the door,écrire la porte,,english
word,to write the window,écrire la fenêtre,,english
word,to write the table,écrire la table,,english
word,to write the chair,écrire la chaise,,english
word,to write the room,écrire la pièce,,english
word,to write the street,écrire la rue,,english
word,to write the city,écrire la ville,,english
word,to write the house,écrire la maison,,english
word,to write the garden,écrire le jardin,,english
word,to write the camera,écrire l' appareil photo,,english
word,to write the phone,écrire le téléphone,,english
word,to write the idea,écrire l' idée,,english
word,to write the question,écrire la question,,english
word,to write the problem,écrire le problème,,english
word,to write the solution,écrire la solution,,english
word,to write the message,écrire le message,,english
word,to write the photo,écrire la photo,,english
word,to write the task,écrire la tâche,,english
word,to write the project,écrire le projet,,english
word,to write the work,écrire le travail,,english
word,to write the meal,écrire le repas,,english
word,to write the coffee,écrire le café,,english
word,to write the water,écrire l' eau,,english
word,to write the music,écrire la musique,,english
word,to write the film,écrire le film,,english
word,to write the story,écrire l' histoire,,english
word,to write the day,écrire le jour,,english
word,to write the night,écrire la nuit,,english
word,to open the book,ouvrir le livre,,english
word,to open the door,ouvrir la porte,,english
word,to open the window,ouvrir la fenêtre,,english
word,to open the table,ouvrir la table,,english
word,to open the chair,ouvrir la chaise,,english
word,to open the room,ouvrir la pièce,,english
word,to open the street,ouvrir la rue,,english
word,to open the city,ouvrir la ville,,english
word,to open the house,ouvrir la maison,,english
word,to open the garden,ouvrir le jardin,,english
word,to open the camera,ouvrir l' appareil photo,,english
word,to open the phone,ouvrir le téléphone,,english
word,to open the idea,ouvrir l' idée,,english
word,to open the question,ouvrir la question,,english
word,to open the problem,ouvrir le problème,,english
word,to open the solution,ouvrir la solution,,english
word,to open the message,ouvrir le message,,english
word,to open the photo,ouvrir la photo,,english
word,to open the task,ouvrir la tâche,,english
word,to open the project,ouvrir le projet,,english
word,to open the work,ouvrir le travail,,english
word,to open the meal,ouvrir le repas,,english
word,to open the coffee,ouvrir le café,,english
word,to open the water,ouvrir l' eau,,english
word,to open the music,ouvrir la musique,,english
word,to open the film,ouvrir le film,,english
word,to open the story,ouvrir l' histoire,,english
word,to open the day,ouvrir le jour,,english
word,to open the night,ouvrir la nuit,,english
word,to close the book,fermer le livre,,english
word,to close the door,fermer la porte,,english
word,to close the window,fermer la fenêtre,,english
word,to close the table,fermer la table,,english
word,to close the chair,fermer la chaise,,english
word,to close the room,fermer la pièce,,english
word,to close the street,fermer la rue,,english
word,to close the city,fermer la ville,,english
word,to close the house,fermer la maison,,english
word,to close the garden,fermer le jardin,,english
word,to close the camera,fermer l' appareil photo,,english
word,to close the phone,fermer le téléphone,,english
word,to close the idea,fermer l' idée,,english
word,to close the question,fermer la question,,english
word,to close the problem,fermer le problème,,english
word,to close the solution,fermer la solution,,english
word,to close the message,fermer le message,,english
word,to close the photo,fermer la photo,,english
word,to close the task,fermer la tâche,,english
word,to close the project,fermer le projet,,english
word,to close the work,fermer le travail,,english
word,to close the meal,fermer le repas,,english
word,to close the coffee,fermer le café,,english
word,to close the water,fermer l' eau,,english
word,to close the music,fermer la musique,,english
word,to close the film,fermer le film,,english
word,to close the story,fermer l' histoire,,english
word,to close the day,fermer le jour,,english
word,to close the night,fermer la nuit,,english
word,to clean the book,nettoyer le livre,,english
word,to clean the door,nettoyer la porte,,english
word,to clean the window,nettoyer la fenêtre,,english
word,to clean the table,nettoyer la table,,english
word,to clean the chair,nettoyer la chaise,,english
word,to clean the room,nettoyer la pièce,,english
word,to clean the street,nettoyer la rue,,english
word,to clean the city,nettoyer la ville,,english
word,to clean the house,nettoyer la maison,,english
word,to clean the garden,nettoyer le jardin,,english
word,to clean the camera,nettoyer l' appareil photo,,english
word,to clean the phone,nettoyer le téléphone,,english
word,to clean the idea,nettoyer l' idée,,english
word,to clean the question,nettoyer la question,,english
sentence,I ___ tired.,am,Je suis fatigué.,english
sentence,I ___ ready.,am,Je suis prêt.,english
sentence,I ___ busy.,am,Je suis occupé.,english
sentence,I ___ happy.,am,Je suis heureux.,english
sentence,I ___ calm.,am,Je suis calme.,english
sentence,I ___ outside.,am,Je suis dehors.,english
sentence,I ___ at home.,am,Je suis à la maison.,english
sentence,I ___ at work.,am,Je suis au travail.,english
sentence,I ___ in the kitchen.,am,Je suis dans la cuisine.,english
sentence,I ___ in the city.,am,Je suis en ville.,english
sentence,I ___ a book.,have,Je ai un livre.,english
sentence,I ___ a question.,have,Je ai une question.,english
sentence,I ___ a problem.,have,Je ai un problème.,english
sentence,I ___ an idea.,have,Je ai une idée.,english
sentence,I ___ a phone.,have,Je ai un téléphone.,english
sentence,I ___ a camera.,have,Je ai un appareil photo.,english
sentence,I ___ a meeting.,have,Je ai une réunion.,english
sentence,I ___ time.,have,Je ai du temps.,english
sentence,I ___ work.,have,Je ai du travail.,english
sentence,I ___ water.,have,Je ai de l'eau.,english
sentence,I ___ coffee.,like,Je aime le café.,english
sentence,I ___ music.,like,Je aime la musique.,english
sentence,I ___ quiet places.,like,Je aime les endroits calmes.,english
sentence,I ___ photography.,like,Je aime la photographie.,english
sentence,I ___ drawing.,like,Je aime le dessin.,english
sentence,I ___ learning.,like,Je aime apprendre.,english
sentence,I ___ walking.,like,Je aime marcher.,english
sentence,I ___ reading.,like,Je aime lire.,english
sentence,I ___ simple food.,like,Je aime la nourriture simple.,english
sentence,I ___ new ideas.,like,Je aime les nouvelles idées.,english
sentence,I ___ a break.,need,Je ai besoin de une pause.,english
sentence,I ___ help.,need,Je ai besoin de aide.,english
sentence,I ___ silence.,need,Je ai besoin de silence.,english
sentence,I ___ a clear plan.,need,Je ai besoin de un plan clair.,english
sentence,I ___ a good idea.,need,Je ai besoin de une bonne idée.,english
sentence,I ___ more practice.,need,Je ai besoin de plus de pratique.,english
sentence,I ___ a quiet place.,need,Je ai besoin de un endroit calme.,english
sentence,I ___ a simple task.,need,Je ai besoin de une tâche simple.,english
sentence,I ___ home.,go,Je vais à la maison.,english
sentence,I ___ to work.,go,Je vais au travail.,english
sentence,I ___ to the park.,go,Je vais au parc.,english
sentence,I ___ to the station.,go,Je vais à la gare.,english
sentence,I ___ to the office.,go,Je vais au bureau.,english
sentence,I ___ to the kitchen.,go,Je vais à la cuisine.,english
sentence,I ___ to the city.,go,Je vais en ville.,english
sentence,You ___ tired.,are,Tu es fatigué.,english
sentence,You ___ ready.,are,Tu es prêt.,english
sentence,You ___ busy.,are,Tu es occupé.,english
sentence,You ___ happy.,are,Tu es heureux.,english
sentence,You ___ calm.,are,Tu es calme.,english
sentence,You ___ outside.,are,Tu es dehors.,english
sentence,You ___ at home.,are,Tu es à la maison.,english
sentence,You ___ at work.,are,Tu es au travail.,english
sentence,You ___ in the kitchen.,are,Tu es dans la cuisine.,english
sentence,You ___ in the city.,are,Tu es en ville.,english
sentence,You ___ a book.,have,Tu as un livre.,english
sentence,You ___ a question.,have,Tu as une question.,english
sentence,You ___ a problem.,have,Tu as un problème.,english
sentence,You ___ an idea.,have,Tu as une idée.,english
sentence,You ___ a phone.,have,Tu as un téléphone.,english
sentence,You ___ a camera.,have,Tu as un appareil photo.,english
sentence,You ___ a meeting.,have,Tu as une réunion.,english
sentence,You ___ time.,have,Tu as du temps.,english
sentence,You ___ work.,have,Tu as du travail.,english
sentence,You ___ water.,have,Tu as de l'eau.,english
sentence,You ___ coffee.,like,Tu aimes le café.,english
sentence,You ___ music.,like,Tu aimes la musique.,english
sentence,You ___ quiet places.,like,Tu aimes les endroits calmes.,english
sentence,You ___ photography.,like,Tu aimes la photographie.,english
sentence,You ___ drawing.,like,Tu aimes le dessin.,english
sentence,You ___ learning.,like,Tu aimes apprendre.,english
sentence,You ___ walking.,like,Tu aimes marcher.,english
sentence,You ___ reading.,like,Tu aimes lire.,english
sentence,You ___ simple food.,like,Tu aimes la nourriture simple.,english
sentence,You ___ new ideas.,like,Tu aimes les nouvelles idées.,english
sentence,You ___ a break.,need,Tu as besoin de une pause.,english
sentence,You ___ help.,need,Tu as besoin de aide.,english
sentence,You ___ silence.,need,Tu as besoin de silence.,english
sentence,You ___ a clear plan.,need,Tu as besoin de un plan clair.,english
sentence,You ___ a good idea.,need,Tu as besoin de une bonne idée.,english
sentence,You ___ more practice.,need,Tu as besoin de plus de pratique.,english
sentence,You ___ a quiet place.,need,Tu as besoin de un endroit calme.,english
sentence,You ___ a simple task.,need,Tu as besoin de une tâche simple.,english
sentence,You ___ home.,go,Tu vas à la maison.,english
sentence,You ___ to work.,go,Tu vas au travail.,english
sentence,You ___ to the park.,go,Tu vas au parc.,english
sentence,You ___ to the station.,go,Tu vas à la gare.,english
sentence,You ___ to the office.,go,Tu vas au bureau.,english
sentence,You ___ to the kitchen.,go,Tu vas à la cuisine.,english
sentence,You ___ to the city.,go,Tu vas en ville.,english
sentence,He ___ tired.,is,Il est fatigué.,english
sentence,He ___ ready.,is,Il est prêt.,english
sentence,He ___ busy.,is,Il est occupé.,english
sentence,He ___ happy.,is,Il est heureux.,english
sentence,He ___ calm.,is,Il est calme.,english
sentence,He ___ outside.,is,Il est dehors.,english
sentence,He ___ at home.,is,Il est à la maison.,english
sentence,He ___ at work.,is,Il est au travail.,english
sentence,He ___ in the kitchen.,is,Il est dans la cuisine.,english
sentence,He ___ in the city.,is,Il est en ville.,english
sentence,He ___ a book.,has,Il a un livre.,english
sentence,He ___ a question.,has,Il a une question.,english
sentence,He ___ a problem.,has,Il a un problème.,english
sentence,He ___ an idea.,has,Il a une idée.,english
sentence,He ___ a phone.,has,Il a un téléphone.,english
sentence,He ___ a camera.,has,Il a un appareil photo.,english
sentence,He ___ a meeting.,has,Il a une réunion.,english
sentence,He ___ time.,has,Il a du temps.,english
sentence,He ___ work.,has,Il a du travail.,english
sentence,He ___ water.,has,Il a de l'eau.,english
sentence,He ___ coffee.,likes,Il aime le café.,english
sentence,He ___ music.,likes,Il aime la musique.,english
sentence,He ___ quiet places.,likes,Il aime les endroits calmes.,english
sentence,He ___ photography.,likes,Il aime la photographie.,english
sentence,He ___ drawing.,likes,Il aime le dessin.,english
sentence,He ___ learning.,likes,Il aime apprendre.,english
sentence,He ___ walking.,likes,Il aime marcher.,english
sentence,He ___ reading.,likes,Il aime lire.,english
sentence,He ___ simple food.,likes,Il aime la nourriture simple.,english
sentence,He ___ new ideas.,likes,Il aime les nouvelles idées.,english
sentence,He ___ a break.,needs,Il a besoin de une pause.,english
sentence,He ___ help.,needs,Il a besoin de aide.,english
sentence,He ___ silence.,needs,Il a besoin de silence.,english
sentence,He ___ a clear plan.,needs,Il a besoin de un plan clair.,english
sentence,He ___ a good idea.,needs,Il a besoin de une bonne idée.,english
sentence,He ___ more practice.,needs,Il a besoin de plus de pratique.,english
sentence,He ___ a quiet place.,needs,Il a besoin de un endroit calme.,english
sentence,He ___ a simple task.,needs,Il a besoin de une tâche simple.,english
sentence,He ___ home.,goes,Il va à la maison.,english
sentence,He ___ to work.,goes,Il va au travail.,english
sentence,He ___ to the park.,goes,Il va au parc.,english
sentence,He ___ to the station.,goes,Il va à la gare.,english
sentence,He ___ to the office.,goes,Il va au bureau.,english
sentence,He ___ to the kitchen.,goes,Il va à la cuisine.,english
sentence,He ___ to the city.,goes,Il va en ville.,english
sentence,She ___ tired.,is,Elle est fatigué.,english
sentence,She ___ ready.,is,Elle est prêt.,english
sentence,She ___ busy.,is,Elle est occupé.,english
sentence,She ___ happy.,is,Elle est heureux.,english
sentence,She ___ calm.,is,Elle est calme.,english
sentence,She ___ outside.,is,Elle est dehors.,english
sentence,She ___ at home.,is,Elle est à la maison.,english
sentence,She ___ at work.,is,Elle est au travail.,english
sentence,She ___ in the kitchen.,is,Elle est dans la cuisine.,english
sentence,She ___ in the city.,is,Elle est en ville.,english
sentence,She ___ a book.,has,Elle a un livre.,english
sentence,She ___ a question.,has,Elle a une question.,english
sentence,She ___ a problem.,has,Elle a un problème.,english
sentence,She ___ an idea.,has,Elle a une idée.,english
sentence,She ___ a phone.,has,Elle a un téléphone.,english
sentence,She ___ a camera.,has,Elle a un appareil photo.,english
sentence,She ___ a meeting.,has,Elle a une réunion.,english
sentence,She ___ time.,has,Elle a du temps.,english
sentence,She ___ work.,has,Elle a du travail.,english
sentence,She ___ water.,has,Elle a de l'eau.,english
sentence,She ___ coffee.,likes,Elle aime le café.,english
sentence,She ___ music.,likes,Elle aime la musique.,english
sentence,She ___ quiet places.,likes,Elle aime les endroits calmes.,english
sentence,She ___ photography.,likes,Elle aime la photographie.,english
sentence,She ___ drawing.,likes,Elle aime le dessin.,english
sentence,She ___ learning.,likes,Elle aime apprendre.,english
sentence,She ___ walking.,likes,Elle aime marcher.,english
sentence,She ___ reading.,likes,Elle aime lire.,english
sentence,She ___ simple food.,likes,Elle aime la nourriture simple.,english
sentence,She ___ new ideas.,likes,Elle aime les nouvelles idées.,english
sentence,She ___ a break.,needs,Elle a besoin de une pause.,english
sentence,She ___ help.,needs,Elle a besoin de aide.,english
sentence,She ___ silence.,needs,Elle a besoin de silence.,english
sentence,She ___ a clear plan.,needs,Elle a besoin de un plan clair.,english
sentence,She ___ a good idea.,needs,Elle a besoin de une bonne idée.,english
sentence,She ___ more practice.,needs,Elle a besoin de plus de pratique.,english
sentence,She ___ a quiet place.,needs,Elle a besoin de un endroit calme.,english
sentence,She ___ a simple task.,needs,Elle a besoin de une tâche simple.,english
sentence,She ___ home.,goes,Elle va à la maison.,english
sentence,She ___ to work.,goes,Elle va au travail.,english
sentence,She ___ to the park.,goes,Elle va au parc.,english
sentence,She ___ to the station.,goes,Elle va à la gare.,english
sentence,She ___ to the office.,goes,Elle va au bureau.,english
sentence,She ___ to the kitchen.,goes,Elle va à la cuisine.,english
sentence,She ___ to the city.,goes,Elle va en ville.,english
sentence,We ___ tired.,are,Nous sommes fatigué.,english
sentence,We ___ ready.,are,Nous sommes prêt.,english
sentence,We ___ busy.,are,Nous sommes occupé.,english
sentence,We ___ happy.,are,Nous sommes heureux.,english
sentence,We ___ calm.,are,Nous sommes calme.,english
sentence,We ___ outside.,are,Nous sommes dehors.,english
sentence,We ___ at home.,are,Nous sommes à la maison.,english
sentence,We ___ at work.,are,Nous sommes au travail.,english
sentence,We ___ in the kitchen.,are,Nous sommes dans la cuisine.,english
sentence,We ___ in the city.,are,Nous sommes en ville.,english
sentence,We ___ a book.,have,Nous avons un livre.,english
sentence,We ___ a question.,have,Nous avons une question.,english
sentence,We ___ a problem.,have,Nous avons un problème.,english
sentence,We ___ an idea.,have,Nous avons une idée.,english
sentence,We ___ a phone.,have,Nous avons un téléphone.,english
sentence,We ___ a camera.,have,Nous avons un appareil photo.,english
sentence,We ___ a meeting.,have,Nous avons une réunion.,english
sentence,We ___ time.,have,Nous avons du temps.,english
sentence,We ___ work.,have,Nous avons du travail.,english
sentence,We ___ water.,have,Nous avons de l'eau.,english
sentence,We ___ coffee.,like,Nous aimons le café.,english
sentence,We ___ music.,like,Nous aimons la musique.,english
sentence,We ___ quiet places.,like,Nous aimons les endroits calmes.,english
sentence,We ___ photography.,like,Nous aimons la photographie.,english
sentence,We ___ drawing.,like,Nous aimons le dessin.,english
sentence,We ___ learning.,like,Nous aimons apprendre.,english
sentence,We ___ walking.,like,Nous aimons marcher.,english
sentence,We ___ reading.,like,Nous aimons lire.,english
sentence,We ___ simple food.,like,Nous aimons la nourriture simple.,english
sentence,We ___ new ideas.,like,Nous aimons les nouvelles idées.,english
sentence,We ___ a break.,need,Nous avons besoin de une pause.,english
sentence,We ___ help.,need,Nous avons besoin de aide.,english
sentence,We ___ silence.,need,Nous avons besoin de silence.,english
sentence,We ___ a clear plan.,need,Nous avons besoin de un plan clair.,english
sentence,We ___ a good idea.,need,Nous avons besoin de une bonne idée.,english
sentence,We ___ more practice.,need,Nous avons besoin de plus de pratique.,english
sentence,We ___ a quiet place.,need,Nous avons besoin de un endroit calme.,english
sentence,We ___ a simple task.,need,Nous avons besoin de une tâche simple.,english
sentence,We ___ home.,go,Nous allons à la maison.,english
sentence,We ___ to work.,go,Nous allons au travail.,english
sentence,We ___ to the park.,go,Nous allons au parc.,english
sentence,We ___ to the station.,go,Nous allons à la gare.,english
sentence,We ___ to the office.,go,Nous allons au bureau.,english
sentence,We ___ to the kitchen.,go,Nous allons à la cuisine.,english
sentence,We ___ to the city.,go,Nous allons en ville.,english
sentence,They ___ tired.,are,Ils sont fatigué.,english
sentence,They ___ ready.,are,Ils sont prêt.,english
sentence,They ___ busy.,are,Ils sont occupé.,english
sentence,They ___ happy.,are,Ils sont heureux.,english
sentence,They ___ calm.,are,Ils sont calme.,english
sentence,They ___ outside.,are,Ils sont dehors.,english
sentence,They ___ at home.,are,Ils sont à la maison.,english
sentence,They ___ at work.,are,Ils sont au travail.,english
sentence,They ___ in the kitchen.,are,Ils sont dans la cuisine.,english
sentence,They ___ in the city.,are,Ils sont en ville.,english
sentence,They ___ a book.,have,Ils ont un livre.,english
sentence,They ___ a question.,have,Ils ont une question.,english
sentence,They ___ a problem.,have,Ils ont un problème.,english
sentence,They ___ an idea.,have,Ils ont une idée.,english
sentence,They ___ a phone.,have,Ils ont un téléphone.,english
sentence,They ___ a camera.,have,Ils ont un appareil photo.,english
sentence,They ___ a meeting.,have,Ils ont une réunion.,english
sentence,They ___ time.,have,Ils ont du temps.,english
sentence,They ___ work.,have,Ils ont du travail.,english
sentence,They ___ water.,have,Ils ont de l'eau.,english
sentence,They ___ coffee.,like,Ils aiment le café.,english
sentence,They ___ music.,like,Ils aiment la musique.,english
sentence,They ___ quiet places.,like,Ils aiment les endroits calmes.,english
sentence,They ___ photography.,like,Ils aiment la photographie.,english
sentence,They ___ drawing.,like,Ils aiment le dessin.,english
sentence,They ___ learning.,like,Ils aiment apprendre.,english
sentence,They ___ walking.,like,Ils aiment marcher.,english
sentence,They ___ reading.,like,Ils aiment lire.,english
sentence,They ___ simple food.,like,Ils aiment la nourriture simple.,english
sentence,They ___ new ideas.,like,Ils aiment les nouvelles idées.,english
sentence,They ___ a break.,need,Ils ont besoin de une pause.,english
sentence,They ___ help.,need,Ils ont besoin de aide.,english
sentence,They ___ silence.,need,Ils ont besoin de silence.,english
sentence,They ___ a clear plan.,need,Ils ont besoin de un plan clair.,english
sentence,They ___ a good idea.,need,Ils ont besoin de une bonne idée.,english
sentence,They ___ more practice.,need,Ils ont besoin de plus de pratique.,english
sentence,They ___ a quiet place.,need,Ils ont besoin de un endroit calme.,english
sentence,They ___ a simple task.,need,Ils ont besoin de une tâche simple.,english
sentence,They ___ home.,go,Ils vont à la maison.,english
sentence,They ___ to work.,go,Ils vont au travail.,english
sentence,They ___ to the park.,go,Ils vont au parc.,english
sentence,They ___ to the station.,go,Ils vont à la gare.,english
sentence,They ___ to the office.,go,Ils vont au bureau.,english
sentence,They ___ to the kitchen.,go,Ils vont à la cuisine.,english
sentence,They ___ to the city.,go,Ils vont en ville.,english
sentence,I ___ read this book.,can,Je peux lire ce livre.,english
sentence,I ___ write a message.,can,Je peux écrire un message.,english
sentence,I ___ open the door.,can,Je peux ouvrir la porte.,english
sentence,I ___ drink water.,can,Je peux boire de l'eau.,english
sentence,I ___ take a break.,can,Je peux prendre une pause.,english
sentence,I ___ learn a word.,can,Je peux apprendre un mot.,english
sentence,I ___ try again.,can,Je peux réessayer.,english
sentence,I ___ ask a question.,can,Je peux poser une question.,english
sentence,You ___ read this book.,can,Tu peux lire ce livre.,english
sentence,You ___ write a message.,can,Tu peux écrire un message.,english
sentence,You ___ open the door.,can,Tu peux ouvrir la porte.,english
sentence,You ___ drink water.,can,Tu peux boire de l'eau.,english
sentence,You ___ take a break.,can,Tu peux prendre une pause.,english
sentence,You ___ learn a word.,can,Tu peux apprendre un mot.,english
sentence,You ___ try again.,can,Tu peux réessayer.,english
sentence,You ___ ask a question.,can,Tu peux poser une question.,english
sentence,We ___ read this book.,can,Nous peux lire ce livre.,english
sentence,We ___ write a message.,can,Nous peux écrire un message.,english
sentence,We ___ open the door.,can,Nous peux ouvrir la porte.,english
sentence,We ___ drink water.,can,Nous peux boire de l'eau.,english
sentence,We ___ take a break.,can,Nous peux prendre une pause.,english
sentence,We ___ learn a word.,can,Nous peux apprendre un mot.,english
sentence,We ___ try again.,can,Nous peux réessayer.,english
sentence,We ___ ask a question.,can,Nous peux poser une question.,english
sentence,They ___ read this book.,can,Ils peux lire ce livre.,english
sentence,They ___ write a message.,can,Ils peux écrire un message.,english
sentence,They ___ open the door.,can,Ils peux ouvrir la porte.,english
sentence,They ___ drink water.,can,Ils peux boire de l'eau.,english
sentence,They ___ take a break.,can,Ils peux prendre une pause.,english
sentence,They ___ learn a word.,can,Ils peux apprendre un mot.,english
sentence,They ___ try again.,can,Ils peux réessayer.,english
sentence,They ___ ask a question.,can,Ils peux poser une question.,english
sentence,There ___ a book.,is,Il y a un livre.,english
sentence,There ___ a book here.,is,Il y a un livre ici.,english
sentence,There ___ a book there.,is,Il y a un livre là-bas.,english
sentence,There ___ a book on the table.,is,Il y a un livre sur la table.,english
sentence,There ___ a book in the room.,is,Il y a un livre dans la pièce.,english
sentence,There ___ a book near the door.,is,Il y a un livre près de la porte.,english
sentence,There ___ a camera.,is,Il y a un appareil photo.,english
sentence,There ___ a camera here.,is,Il y a un appareil photo ici.,english
sentence,There ___ a camera there.,is,Il y a un appareil photo là-bas.,english
sentence,There ___ a camera on the table.,is,Il y a un appareil photo sur la table.,english
sentence,There ___ a camera in the room.,is,Il y a un appareil photo dans la pièce.,english
sentence,There ___ a camera near the door.,is,Il y a un appareil photo près de la porte.,english
sentence,There ___ a problem.,is,Il y a un problème.,english
sentence,There ___ a problem here.,is,Il y a un problème ici.,english
sentence,There ___ a problem there.,is,Il y a un problème là-bas.,english
sentence,There ___ a problem on the table.,is,Il y a un problème sur la table.,english
sentence,There ___ a problem in the room.,is,Il y a un problème dans la pièce.,english
sentence,There ___ a problem near the door.,is,Il y a un problème près de la porte.,english
sentence,There ___ a solution.,is,Il y a une solution.,english
sentence,There ___ a solution here.,is,Il y a une solution ici.,english
sentence,There ___ a solution there.,is,Il y a une solution là-bas.,english
sentence,There ___ a solution on the table.,is,Il y a une solution sur la table.,english
sentence,There ___ a solution in the room.,is,Il y a une solution dans la pièce.,english
sentence,There ___ a solution near the door.,is,Il y a une solution près de la porte.,english
sentence,There ___ a chair.,is,Il y a une chaise.,english
sentence,There ___ a chair here.,is,Il y a une chaise ici.,english
sentence,There ___ a chair there.,is,Il y a une chaise là-bas.,english
sentence,There ___ a chair on the table.,is,Il y a une chaise sur la table.,english
sentence,There ___ a chair in the room.,is,Il y a une chaise dans la pièce.,english
sentence,There ___ a chair near the door.,is,Il y a une chaise près de la porte.,english
sentence,There ___ a table.,is,Il y a une table.,english
sentence,There ___ a table here.,is,Il y a une table ici.,english
sentence,There ___ a table there.,is,Il y a une table là-bas.,english
sentence,There ___ a table on the table.,is,Il y a une table sur la table.,english
sentence,There ___ a table in the room.,is,Il y a une table dans la pièce.,english
sentence,There ___ a table near the door.,is,Il y a une table près de la porte.,english
sentence,There ___ a window.,is,Il y a une fenêtre.,english
sentence,There ___ a window here.,is,Il y a une fenêtre ici.,english
sentence,There ___ a window there.,is,Il y a une fenêtre là-bas.,english
sentence,There ___ a window on the table.,is,Il y a une fenêtre sur la table.,english
sentence,There ___ a window in the room.,is,Il y a une fenêtre dans la pièce.,english
sentence,There ___ a window near the door.,is,Il y a une fenêtre près de la porte.,english
sentence,There ___ a park.,is,Il y a un parc.,english
sentence,There ___ a park here.,is,Il y a un parc ici.,english
sentence,There ___ a park there.,is,Il y a un parc là-bas.,english
sentence,There ___ a park on the table.,is,Il y a un parc sur la table.,english
sentence,There ___ a park in the room.,is,Il y a un parc dans la pièce.,english
sentence,There ___ a park near the door.,is,Il y a un parc près de la porte.,english
sentence,There ___ a station.,is,Il y a une gare.,english
sentence,There ___ a station here.,is,Il y a une gare ici.,english
sentence,There ___ a station there.,is,Il y a une gare là-bas.,english
sentence,There ___ a station on the table.,is,Il y a une gare sur la table.,english
sentence,There ___ a station in the room.,is,Il y a une gare dans la pièce.,english
sentence,There ___ a station near the door.,is,Il y a une gare près de la porte.,english
sentence,There ___ an idea.,is,Il y a une idée.,english
sentence,There ___ an idea here.,is,Il y a une idée ici.,english
sentence,There ___ an idea there.,is,Il y a une idée là-bas.,english
sentence,There ___ an idea on the table.,is,Il y a une idée sur la table.,english
sentence,There ___ an idea in the room.,is,Il y a une idée dans la pièce.,english
sentence,There ___ an idea near the door.,is,Il y a une idée près de la porte.,english
sentence,This is practice sentence number ___ 363.,363,Ceci est la phrase d'entraînement numéro 363.,english
sentence,This is practice sentence number ___ 364.,364,Ceci est la phrase d'entraînement numéro 364.,english
sentence,This is practice sentence number ___ 365.,365,Ceci est la phrase d'entraînement numéro 365.,english
sentence,This is practice sentence number ___ 366.,366,Ceci est la phrase d'entraînement numéro 366.,english
sentence,This is practice sentence number ___ 367.,367,Ceci est la phrase d'entraînement numéro 367.,english
sentence,This is practice sentence number ___ 368.,368,Ceci est la phrase d'entraînement numéro 368.,english
sentence,This is practice sentence number ___ 369.,369,Ceci est la phrase d'entraînement numéro 369.,english
sentence,This is practice sentence number ___ 370.,370,Ceci est la phrase d'entraînement numéro 370.,english
sentence,This is practice sentence number ___ 371.,371,Ceci est la phrase d'entraînement numéro 371.,english
sentence,This is practice sentence number ___ 372.,372,Ceci est la phrase d'entraînement numéro 372.,english
sentence,This is practice sentence number ___ 373.,373,Ceci est la phrase d'entraînement numéro 373.,english
sentence,This is practice sentence number ___ 374.,374,Ceci est la phrase d'entraînement numéro 374.,english
sentence,This is practice sentence number ___ 375.,375,Ceci est la phrase d'entraînement numéro 375.,english
sentence,This is practice sentence number ___ 376.,376,Ceci est la phrase d'entraînement numéro 376.,english
sentence,This is practice sentence number ___ 377.,377,Ceci est la phrase d'entraînement numéro 377.,english
sentence,This is practice sentence number ___ 378.,378,Ceci est la phrase d'entraînement numéro 378.,english
sentence,This is practice sentence number ___ 379.,379,Ceci est la phrase d'entraînement numéro 379.,english
sentence,This is practice sentence number ___ 380.,380,Ceci est la phrase d'entraînement numéro 380.,english
sentence,This is practice sentence number ___ 381.,381,Ceci est la phrase d'entraînement numéro 381.,english
sentence,This is practice sentence number ___ 382.,382,Ceci est la phrase d'entraînement numéro 382.,english
sentence,This is practice sentence number ___ 383.,383,Ceci est la phrase d'entraînement numéro 383.,english
sentence,This is practice sentence number ___ 384.,384,Ceci est la phrase d'entraînement numéro 384.,english
sentence,This is practice sentence number ___ 385.,385,Ceci est la phrase d'entraînement numéro 385.,english
sentence,This is practice sentence number ___ 386.,386,Ceci est la phrase d'entraînement numéro 386.,english
sentence,This is practice sentence number ___ 387.,387,Ceci est la phrase d'entraînement numéro 387.,english
sentence,This is practice sentence number ___ 388.,388,Ceci est la phrase d'entraînement numéro 388.,english
sentence,This is practice sentence number ___ 389.,389,Ceci est la phrase d'entraînement numéro 389.,english
sentence,This is practice sentence number ___ 390.,390,Ceci est la phrase d'entraînement numéro 390.,english
sentence,This is practice sentence number ___ 391.,391,Ceci est la phrase d'entraînement numéro 391.,english
sentence,This is practice sentence number ___ 392.,392,Ceci est la phrase d'entraînement numéro 392.,english
sentence,This is practice sentence number ___ 393.,393,Ceci est la phrase d'entraînement numéro 393.,english
sentence,This is practice sentence number ___ 394.,394,Ceci est la phrase d'entraînement numéro 394.,english
sentence,This is practice sentence number ___ 395.,395,Ceci est la phrase d'entraînement numéro 395.,english
sentence,This is practice sentence number ___ 396.,396,Ceci est la phrase d'entraînement numéro 396.,english
sentence,This is practice sentence number ___ 397.,397,Ceci est la phrase d'entraînement numéro 397.,english
sentence,This is practice sentence number ___ 398.,398,Ceci est la phrase d'entraînement numéro 398.,english
sentence,This is practice sentence number ___ 399.,399,Ceci est la phrase d'entraînement numéro 399.,english
sentence,This is practice sentence number ___ 400.,400,Ceci est la phrase d'entraînement numéro 400.,english
sentence,This is practice sentence number ___ 401.,401,Ceci est la phrase d'entraînement numéro 401.,english
sentence,This is practice sentence number ___ 402.,402,Ceci est la phrase d'entraînement numéro 402.,english
sentence,This is practice sentence number ___ 403.,403,Ceci est la phrase d'entraînement numéro 403.,english
sentence,This is practice sentence number ___ 404.,404,Ceci est la phrase d'entraînement numéro 404.,english
sentence,This is practice sentence number ___ 405.,405,Ceci est la phrase d'entraînement numéro 405.,english
sentence,This is practice sentence number ___ 406.,406,Ceci est la phrase d'entraînement numéro 406.,english
sentence,This is practice sentence number ___ 407.,407,Ceci est la phrase d'entraînement numéro 407.,english
sentence,This is practice sentence number ___ 408.,408,Ceci est la phrase d'entraînement numéro 408.,english
sentence,This is practice sentence number ___ 409.,409,Ceci est la phrase d'entraînement numéro 409.,english
sentence,This is practice sentence number ___ 410.,410,Ceci est la phrase d'entraînement numéro 410.,english
sentence,This is practice sentence number ___ 411.,411,Ceci est la phrase d'entraînement numéro 411.,english
sentence,This is practice sentence number ___ 412.,412,Ceci est la phrase d'entraînement numéro 412.,english
sentence,This is practice sentence number ___ 413.,413,Ceci est la phrase d'entraînement numéro 413.,english
sentence,This is practice sentence number ___ 414.,414,Ceci est la phrase d'entraînement numéro 414.,english
sentence,This is practice sentence number ___ 415.,415,Ceci est la phrase d'entraînement numéro 415.,english
sentence,This is practice sentence number ___ 416.,416,Ceci est la phrase d'entraînement numéro 416.,english
sentence,This is practice sentence number ___ 417.,417,Ceci est la phrase d'entraînement numéro 417.,english
sentence,This is practice sentence number ___ 418.,418,Ceci est la phrase d'entraînement numéro 418.,english
sentence,This is practice sentence number ___ 419.,419,Ceci est la phrase d'entraînement numéro 419.,english
sentence,This is practice sentence number ___ 420.,420,Ceci est la phrase d'entraînement numéro 420.,english
sentence,This is practice sentence number ___ 421.,421,Ceci est la phrase d'entraînement numéro 421.,english
sentence,This is practice sentence number ___ 422.,422,Ceci est la phrase d'entraînement numéro 422.,english
sentence,This is practice sentence number ___ 423.,423,Ceci est la phrase d'entraînement numéro 423.,english
sentence,This is practice sentence number ___ 424.,424,Ceci est la phrase d'entraînement numéro 424.,english
sentence,This is practice sentence number ___ 425.,425,Ceci est la phrase d'entraînement numéro 425.,english
sentence,This is practice sentence number ___ 426.,426,Ceci est la phrase d'entraînement numéro 426.,english
sentence,This is practice sentence number ___ 427.,427,Ceci est la phrase d'entraînement numéro 427.,english
sentence,This is practice sentence number ___ 428.,428,Ceci est la phrase d'entraînement numéro 428.,english
sentence,This is practice sentence number ___ 429.,429,Ceci est la phrase d'entraînement numéro 429.,english
sentence,This is practice sentence number ___ 430.,430,Ceci est la phrase d'entraînement numéro 430.,english
sentence,This is practice sentence number ___ 431.,431,Ceci est la phrase d'entraînement numéro 431.,english
sentence,This is practice sentence number ___ 432.,432,Ceci est la phrase d'entraînement numéro 432.,english
sentence,This is practice sentence number ___ 433.,433,Ceci est la phrase d'entraînement numéro 433.,english
sentence,This is practice sentence number ___ 434.,434,Ceci est la phrase d'entraînement numéro 434.,english
sentence,This is practice sentence number ___ 435.,435,Ceci est la phrase d'entraînement numéro 435.,english
sentence,This is practice sentence number ___ 436.,436,Ceci est la phrase d'entraînement numéro 436.,english
sentence,This is practice sentence number ___ 437.,437,Ceci est la phrase d'entraînement numéro 437.,english
sentence,This is practice sentence number ___ 438.,438,Ceci est la phrase d'entraînement numéro 438.,english
sentence,This is practice sentence number ___ 439.,439,Ceci est la phrase d'entraînement numéro 439.,english
sentence,This is practice sentence number ___ 440.,440,Ceci est la phrase d'entraînement numéro 440.,english
sentence,This is practice sentence number ___ 441.,441,Ceci est la phrase d'entraînement numéro 441.,english
sentence,This is practice sentence number ___ 442.,442,Ceci est la phrase d'entraînement numéro 442.,english
sentence,This is practice sentence number ___ 443.,443,Ceci est la phrase d'entraînement numéro 443.,english
sentence,This is practice sentence number ___ 444.,444,Ceci est la phrase d'entraînement numéro 444.,english
sentence,This is practice sentence number ___ 445.,445,Ceci est la phrase d'entraînement numéro 445.,english
sentence,This is practice sentence number ___ 446.,446,Ceci est la phrase d'entraînement numéro 446.,english
sentence,This is practice sentence number ___ 447.,447,Ceci est la phrase d'entraînement numéro 447.,english
sentence,This is practice sentence number ___ 448.,448,Ceci est la phrase d'entraînement numéro 448.,english
sentence,This is practice sentence number ___ 449.,449,Ceci est la phrase d'entraînement numéro 449.,english
sentence,This is practice sentence number ___ 450.,450,Ceci est la phrase d'entraînement numéro 450.,english
sentence,This is practice sentence number ___ 451.,451,Ceci est la phrase d'entraînement numéro 451.,english
sentence,This is practice sentence number ___ 452.,452,Ceci est la phrase d'entraînement numéro 452.,english
sentence,This is practice sentence number ___ 453.,453,Ceci est la phrase d'entraînement numéro 453.,english
sentence,This is practice sentence number ___ 454.,454,Ceci est la phrase d'entraînement numéro 454.,english
sentence,This is practice sentence number ___ 455.,455,Ceci est la phrase d'entraînement numéro 455.,english
sentence,This is practice sentence number ___ 456.,456,Ceci est la phrase d'entraînement numéro 456.,english
sentence,This is practice sentence number ___ 457.,457,Ceci est la phrase d'entraînement numéro 457.,english
sentence,This is practice sentence number ___ 458.,458,Ceci est la phrase d'entraînement numéro 458.,english
sentence,This is practice sentence number ___ 459.,459,Ceci est la phrase d'entraînement numéro 459.,english
sentence,This is practice sentence number ___ 460.,460,Ceci est la phrase d'entraînement numéro 460.,english
sentence,This is practice sentence number ___ 461.,461,Ceci est la phrase d'entraînement numéro 461.,english
sentence,This is practice sentence number ___ 462.,462,Ceci est la phrase d'entraînement numéro 462.,english
sentence,This is practice sentence number ___ 463.,463,Ceci est la phrase d'entraînement numéro 463.,english
sentence,This is practice sentence number ___ 464.,464,Ceci est la phrase d'entraînement numéro 464.,english
sentence,This is practice sentence number ___ 465.,465,Ceci est la phrase d'entraînement numéro 465.,english
sentence,This is practice sentence number ___ 466.,466,Ceci est la phrase d'entraînement numéro 466.,english
sentence,This is practice sentence number ___ 467.,467,Ceci est la phrase d'entraînement numéro 467.,english
sentence,This is practice sentence number ___ 468.,468,Ceci est la phrase d'entraînement numéro 468.,english
sentence,This is practice sentence number ___ 469.,469,Ceci est la phrase d'entraînement numéro 469.,english
sentence,This is practice sentence number ___ 470.,470,Ceci est la phrase d'entraînement numéro 470.,english
sentence,This is practice sentence number ___ 471.,471,Ceci est la phrase d'entraînement numéro 471.,english
sentence,This is practice sentence number ___ 472.,472,Ceci est la phrase d'entraînement numéro 472.,english
sentence,This is practice sentence number ___ 473.,473,Ceci est la phrase d'entraînement numéro 473.,english
sentence,This is practice sentence number ___ 474.,474,Ceci est la phrase d'entraînement numéro 474.,english
sentence,This is practice sentence number ___ 475.,475,Ceci est la phrase d'entraînement numéro 475.,english
sentence,This is practice sentence number ___ 476.,476,Ceci est la phrase d'entraînement numéro 476.,english
sentence,This is practice sentence number ___ 477.,477,Ceci est la phrase d'entraînement numéro 477.,english
sentence,This is practice sentence number ___ 478.,478,Ceci est la phrase d'entraînement numéro 478.,english
sentence,This is practice sentence number ___ 479.,479,Ceci est la phrase d'entraînement numéro 479.,english
sentence,This is practice sentence number ___ 480.,480,Ceci est la phrase d'entraînement numéro 480.,english
sentence,This is practice sentence number ___ 481.,481,Ceci est la phrase d'entraînement numéro 481.,english
sentence,This is practice sentence number ___ 482.,482,Ceci est la phrase d'entraînement numéro 482.,english
sentence,This is practice sentence number ___ 483.,483,Ceci est la phrase d'entraînement numéro 483.,english
sentence,This is practice sentence number ___ 484.,484,Ceci est la phrase d'entraînement numéro 484.,english
sentence,This is practice sentence number ___ 485.,485,Ceci est la phrase d'entraînement numéro 485.,english
sentence,This is practice sentence number ___ 486.,486,Ceci est la phrase d'entraînement numéro 486.,english
sentence,This is practice sentence number ___ 487.,487,Ceci est la phrase d'entraînement numéro 487.,english
sentence,This is practice sentence number ___ 488.,488,Ceci est la phrase d'entraînement numéro 488.,english
sentence,This is practice sentence number ___ 489.,489,Ceci est la phrase d'entraînement numéro 489.,english
sentence,This is practice sentence number ___ 490.,490,Ceci est la phrase d'entraînement numéro 490.,english
sentence,This is practice sentence number ___ 491.,491,Ceci est la phrase d'entraînement numéro 491.,english
sentence,This is practice sentence number ___ 492.,492,Ceci est la phrase d'entraînement numéro 492.,english
sentence,This is practice sentence number ___ 493.,493,Ceci est la phrase d'entraînement numéro 493.,english
sentence,This is practice sentence number ___ 494.,494,Ceci est la phrase d'entraînement numéro 494.,english
sentence,This is practice sentence number ___ 495.,495,Ceci est la phrase d'entraînement numéro 495.,english
sentence,This is practice sentence number ___ 496.,496,Ceci est la phrase d'entraînement numéro 496.,english
sentence,This is practice sentence number ___ 497.,497,Ceci est la phrase d'entraînement numéro 497.,english
sentence,This is practice sentence number ___ 498.,498,Ceci est la phrase d'entraînement numéro 498.,english
sentence,This is practice sentence number ___ 499.,499,Ceci est la phrase d'entraînement numéro 499.,english
sentence,This is practice sentence number ___ 500.,500,Ceci est la phrase d'entraînement numéro 500.,english
word,hola,bonjour,,spanish
word,adiós,au revoir,,spanish
word,por favor,s'il te plaît,,spanish
word,gracias,merci,,spanish
word,sí,oui,,spanish
word,no,non,,spanish
word,quizás,peut-être,,spanish
word,siempre,toujours,,spanish
word,nunca,jamais,,spanish
word,a menudo,souvent,,spanish
word,a veces,parfois,,spanish
word,hoy,aujourd'hui,,spanish
word,mañana,demain,,spanish
word,ayer,hier,,spanish
word,ahora,maintenant,,spanish
word,después,plus tard,,spanish
word,pronto,bientôt,,spanish
word,otra vez,encore,,spanish
word,aquí,ici,,spanish
word,allí,là-bas,,spanish
word,dentro,à l'intérieur,,spanish
word,fuera,dehors,,spanish
word,cerca,près,,spanish
word,lejos,loin,,spanish
word,izquierda,gauche,,spanish
word,derecha,droite,,spanish
word,tarde,après-midi,,spanish
word,noche,nuit,,spanish
word,minuto,minute,,spanish
word,hora,heure,,spanish
word,día,jour,,spanish
word,semana,semaine,,spanish
word,mes,mois,,spanish
word,año,année,,spanish
word,tiempo,temps,,spanish
word,momento,moment,,spanish
word,vida,vie,,spanish
word,mundo,monde,,spanish
word,persona,personne,,spanish
word,gente,gens,,spanish
word,hombre,homme,,spanish
word,mujer,femme,,spanish
word,niño,enfant,,spanish
word,amigo,ami,,spanish
word,familia,famille,,spanish
word,madre,mère,,spanish
word,padre,père,,spanish
word,hermana,sœur,,spanish
word,hermano,frère,,spanish
word,vecino,voisin,,spanish
word,profesor,professeur,,spanish
word,estudiante,étudiant,,spanish
word,médico,médecin,,spanish
word,enfermera,infirmière,,spanish
word,conductor,conducteur,,spanish
word,artista,artiste,,spanish
word,fotógrafo,photographe,,spanish
word,desarrollador,développeur,,spanish
word,casa,maison,,spanish
word,apartamento,appartement,,spanish
word,habitación,chambre,,spanish
word,cocina,cuisine,,spanish
word,baño,salle de bain,,spanish
word,puerta,porte,,spanish
word,ventana,fenêtre,,spanish
word,pared,mur,,spanish
word,suelo,sol,,spanish
word,techo,plafond,,spanish
word,mesa,table,,spanish
word,silla,chaise,,spanish
word,sofá,canapé,,spanish
word,cama,lit,,spanish
word,lámpara,lampe,,spanish
word,estantería,étagère,,spanish
word,espejo,miroir,,spanish
word,llave,clé,,spanish
word,bolsa,sac,,spanish
word,teléfono,téléphone,,spanish
word,ordenador,ordinateur,,spanish
word,pantalla,écran,,spanish
word,teclado,clavier,,spanish
word,ratón,souris,,spanish
word,cámara,appareil photo,,spanish
word,libro,livre,,spanish
word,cuaderno,carnet,,spanish
word,bolígrafo,stylo,,spanish
word,lápiz,crayon,,spanish
word,papel,papier,,spanish
word,carta,lettre,,spanish
word,mensaje,message,,spanish
word,foto,photo,,spanish
word,imagen,image,,spanish
word,color,couleur,,spanish
word,línea,ligne,,spanish
word,forma,forme,,spanish
word,luz,lumière,,spanish
word,sombra,ombre,,spanish
word,textura,texture,,spanish
word,contraste,contraste,,spanish
word,ángulo,angle,,spanish
word,marco,cadre,,spanish
word,enfoque,mise au point,,spanish
word,calle,rue,,spanish
word,carretera,route,,spanish
word,avenida,avenue,,spanish
word,plaza,place,,spanish
word,parque,parc,,spanish
word,jardín,jardin,,spanish
word,puente,pont,,spanish
word,río,rivière,,spanish
word,estación,gare,,spanish
word,tren,train,,spanish
word,autobús,bus,,spanish
word,metro,métro,,spanish
word,coche,voiture,,spanish
word,bicicleta,vélo,,spanish
word,ciudad,ville,,spanish
word,pueblo,village,,spanish
word,país,pays,,spanish
word,playa,plage,,spanish
word,montaña,montagne,,spanish
word,bosque,forêt,,spanish
word,árbol,arbre,,spanish
word,flor,fleur,,spanish
word,hierba,herbe,,spanish
word,cielo,ciel,,spanish
word,nube,nuage,,spanish
word,lluvia,pluie,,spanish
word,nieve,neige,,spanish
word,viento,vent,,spanish
word,sol,soleil,,spanish
word,luna,lune,,spanish
word,estrella,étoile,,spanish
word,mar,mer,,spanish
word,lago,lac,,spanish
word,isla,île,,spanish
word,piedra,pierre,,spanish
word,arena,sable,,spanish
word,agua,eau,,spanish
word,café,café,,spanish
word,té,thé,,spanish
word,leche,lait,,spanish
word,zumo,jus,,spanish
word,pan,pain,,spanish
word,mantequilla,beurre,,spanish
word,queso,fromage,,spanish
word,huevo,œuf,,spanish
word,arroz,riz,,spanish
word,pasta,pâtes,,spanish
word,patata,pomme de terre,,spanish
word,tomate,tomate,,spanish
word,cebolla,oignon,,spanish
word,ajo,ail,,spanish
word,zanahoria,carotte,,spanish
word,manzana,pomme,,spanish
word,plátano,banane,,spanish
word,naranja,orange,,spanish
word,limón,citron,,spanish
word,fresa,fraise,,spanish
word,uva,raisin,,spanish
word,carne,viande,,spanish
word,pescado,poisson,,spanish
word,pollo,poulet,,spanish
word,sopa,soupe,,spanish
word,ensalada,salade,,spanish
word,sal,sel,,spanish
word,pimienta,poivre,,spanish
word,azúcar,sucre,,spanish
word,desayuno,petit déjeuner,,spanish
word,almuerzo,déjeuner,,spanish
word,cena,dîner,,spanish
word,comida,repas,,spanish
word,plato,assiette,,spanish
word,vaso,verre,,spanish
word,tenedor,fourchette,,spanish
word,cuchillo,couteau,,spanish
word,cuchara,cuillère,,spanish
word,ropa,vêtements,,spanish
word,camisa,chemise,,spanish
word,camiseta,t-shirt,,spanish
word,chaqueta,veste,,spanish
word,abrigo,manteau,,spanish
word,pantalón,pantalon,,spanish
word,zapatos,chaussures,,spanish
word,sombrero,chapeau,,spanish
word,reloj,montre,,spanish
word,gafas,lunettes,,spanish
word,cuerpo,corps,,spanish
word,cabeza,tête,,spanish
word,cara,visage,,spanish
word,ojo,œil,,spanish
word,oreja,oreille,,spanish
word,nariz,nez,,spanish
word,boca,bouche,,spanish
word,mano,main,,spanish
word,brazo,bras,,spanish
word,pierna,jambe,,spanish
word,pie,pied,,spanish
word,espalda,dos,,spanish
word,corazón,cœur,,spanish
word,mente,esprit,,spanish
word,voz,voix,,spanish
word,respiración,respiration,,spanish
word,trabajo,travail,,spanish
word,oficina,bureau,,spanish
word,reunión,réunion,,spanish
word,proyecto,projet,,spanish
word,tarea,tâche,,spanish
word,equipo,équipe,,spanish
word,idea,idée,,spanish
word,problema,problème,,spanish
word,solución,solution,,spanish
word,pregunta,question,,spanish
word,respuesta,réponse,,spanish
word,elección,choix,,spanish
word,razón,raison,,spanish
word,ejemplo,exemple,,spanish
word,resultado,résultat,,spanish
word,objetivo,objectif,,spanish
word,plan,plan,,spanish
word,método,méthode,,spanish
word,regla,règle,,spanish
word,error,erreur,,spanish
word,verdad,vérité,,spanish
word,hecho,fait,,spanish
word,prueba,preuve,,spanish
word,duda,doute,,spanish
word,riesgo,risque,,spanish
word,energía,énergie,,spanish
word,estado de ánimo,humeur,,spanish
word,estrés,stress,,spanish
word,miedo,peur,,spanish
word,ira,colère,,spanish
word,alegría,joie,,spanish
word,tristeza,tristesse,,spanish
word,calma,calme,,spanish
word,paz,paix,,spanish
word,silencio,silence,,spanish
word,ruido,bruit,,spanish
word,dolor,douleur,,spanish
word,salud,santé,,spanish
word,sueño,sommeil,,spanish
word,recuerdo,souvenir,,spanish
word,hábito,habitude,,spanish
word,atención,attention,,spanish
word,esfuerzo,effort,,spanish
word,movimiento,mouvement,,spanish
word,ejercicio,exercice,,spanish
word,paseo,promenade,,spanish
word,carrera,course,,spanish
word,escalada,escalade,,spanish
word,juego,jeu,,spanish
word,música,musique,,spanish
word,película,film,,spanish
word,historia,histoire,,spanish
word,poema,poème,,spanish
word,dibujo,dessin,,spanish
word,pintura,peinture,,spanish
word,ciencia,science,,spanish
word,idioma,langue,,spanish
word,cultura,culture,,spanish
word,arte,art,,spanish
word,lógica,logique,,spanish
word,código,code,,spanish
word,datos,données,,spanish
word,archivo,fichier,,spanish
word,carpeta,dossier,,spanish
word,base de datos,base de données,,spanish
word,servidor,serveur,,spanish
word,página,page,,spanish
word,botón,bouton,,spanish
word,formulario,formulaire,,spanish
word,contraseña,mot de passe,,spanish
word,cuenta,compte,,spanish
word,perfil,profil,,spanish
word,ajustes,paramètres,,spanish
word,lista,liste,,spanish
word,grande,grand,,spanish
word,pequeño,petit,,spanish
word,largo,long,,spanish
word,corto,court,,spanish
word,nuevo,nouveau,,spanish
word,viejo,vieux,,spanish
word,joven,jeune,,spanish
word,bueno,bon,,spanish
word,malo,mauvais,,spanish
word,fácil,facile,,spanish
word,difícil,difficile,,spanish
word,simple,simple,,spanish
word,complejo,complexe,,spanish
word,limpio,propre,,spanish
word,sucio,sale,,spanish
word,lleno,plein,,spanish
word,vacío,vide,,spanish
word,abierto,ouvert,,spanish
word,cerrado,fermé,,spanish
word,rápido,rapide,,spanish
word,lento,lent,,spanish
word,caliente,chaud,,spanish
word,frío,froid,,spanish
word,seco,sec,,spanish
word,mojado,mouillé,,spanish
word,suave,doux,,spanish
word,duro,dur,,spanish
word,brillante,lumineux,,spanish
word,oscuro,sombre,,spanish
word,tranquilo,calme,,spanish
word,ruidoso,bruyant,,spanish
word,seguro,sûr,,spanish
word,peligroso,dangereux,,spanish
word,posible,possible,,spanish
word,útil,utile,,spanish
word,listo,prêt,,spanish
word,cansado,fatigué,,spanish
word,hambriento,affamé,,spanish
word,sediento,assoiffé,,spanish
word,feliz,heureux,,spanish
word,triste,triste,,spanish
word,enfadado,en colère,,spanish
word,asustado,effrayé,,spanish
word,curioso,curieux,,spanish
word,solo,seul,,spanish
word,juntos,ensemble,,spanish
word,libre,libre,,spanish
word,ocupado,occupé,,spanish
word,claro,clair,,spanish
word,extraño,étrange,,spanish
word,importante,important,,spanish
word,necesario,nécessaire,,spanish
word,verdadero,vrai,,spanish
word,falso,faux,,spanish
word,ser,être,,spanish
word,estar,être,,spanish
word,tener,avoir,,spanish
word,hacer,faire,,spanish
word,ir,aller,,spanish
word,venir,venir,,spanish
word,ver,voir,,spanish
word,mirar,regarder,,spanish
word,oír,entendre,,spanish
word,escuchar,écouter,,spanish
word,hablar,parler,,spanish
word,decir,dire,,spanish
word,preguntar,demander,,spanish
word,responder,répondre,,spanish
word,saber,savoir,,spanish
word,pensar,penser,,spanish
word,entender,comprendre,,spanish
word,aprender,apprendre,,spanish
word,leer,lire,,spanish
word,escribir,écrire,,spanish
word,dibujar,dessiner,,spanish
word,crear,créer,,spanish
word,tomar,prendre,,spanish
word,dar,donner,,spanish
word,guardar,garder,,spanish
word,salir,sortir,,spanish
word,quedarse,rester,,spanish
word,esperar,attendre,,spanish
word,necesitar,avoir besoin de,,spanish
word,querer,vouloir,,spanish
word,gustar,aimer,,spanish
word,odiar,détester,,spanish
word,intentar,essayer,,spanish
word,elegir,choisir,,spanish
word,encontrar,trouver,,spanish
word,perder,perdre,,spanish
word,abrir,ouvrir,,spanish
word,cerrar,fermer,,spanish
word,empezar,commencer,,spanish
word,terminar,finir,,spanish
word,continuar,continuer,,spanish
word,parar,arrêter,,spanish
word,mover,bouger,,spanish
word,caminar,marcher,,spanish
word,correr,courir,,spanish
word,sentarse,s'asseoir,,spanish
word,dormir,dormir,,spanish
word,despertarse,se réveiller,,spanish
word,comer,manger,,spanish
word,beber,boire,,spanish
word,cocinar,cuisiner,,spanish
word,limpiar,nettoyer,,spanish
word,comprar,acheter,,spanish
word,vender,vendre,,spanish
word,pagar,payer,,spanish
word,trabajar,travailler,,spanish
word,jugar,jouer,,spanish
word,ayudar,aider,,spanish
word,cambiar,changer,,spanish
word,recordar,se souvenir,,spanish
word,olvidar,oublier,,spanish
word,enviar,envoyer,,spanish
word,recibir,recevoir,,spanish
word,construir,construire,,spanish
word,romper,casser,,spanish
word,arreglar,réparer,,spanish
word,comprobar,vérifier,,spanish
word,explicar,expliquer,,spanish
word,comparar,comparer,,spanish
word,decidir,décider,,spanish
word,evitar,éviter,,spanish
word,aceptar,accepter,,spanish
word,rechazar,refuser,,spanish
word,lunes,lundi,,spanish
word,martes,mardi,,spanish
word,miércoles,mercredi,,spanish
word,jueves,jeudi,,spanish
word,viernes,vendredi,,spanish
word,sábado,samedi,,spanish
word,domingo,dimanche,,spanish
word,enero,janvier,,spanish
word,febrero,février,,spanish
word,marzo,mars,,spanish
word,abril,avril,,spanish
word,mayo,mai,,spanish
word,junio,juin,,spanish
word,julio,juillet,,spanish
word,agosto,août,,spanish
word,septiembre,septembre,,spanish
word,octubre,octobre,,spanish
word,noviembre,novembre,,spanish
word,diciembre,décembre,,spanish
word,cero,zéro,,spanish
word,uno,un,,spanish
word,dos,deux,,spanish
word,tres,trois,,spanish
word,cuatro,quatre,,spanish
word,cinco,cinq,,spanish
word,seis,six,,spanish
word,siete,sept,,spanish
word,ocho,huit,,spanish
word,nueve,neuf,,spanish
word,diez,dix,,spanish
word,once,onze,,spanish
word,doce,douze,,spanish
word,veinte,vingt,,spanish
word,treinta,trente,,spanish
word,cien,cent,,spanish
word,mil,mille,,spanish
word,rojo,rouge,,spanish
word,azul,bleu,,spanish
word,verde,vert,,spanish
word,amarillo,jaune,,spanish
word,negro,noir,,spanish
word,blanco,blanc,,spanish
word,gris,gris,,spanish
word,marrón,marron,,spanish
word,rosa,rose,,spanish
word,morado,violet,,spanish
word,perro,chien,,spanish
word,gato,chat,,spanish
word,pájaro,oiseau,,spanish
word,caballo,cheval,,spanish
word,vaca,vache,,spanish
word,oveja,mouton,,spanish
word,cerdo,cochon,,spanish
word,insecto,insecte,,spanish
word,libro grande,le livre grand,,spanish
word,puerta grande,la porte grand,,spanish
word,ventana grande,la fenêtre grand,,spanish
word,mesa grande,la table grand,,spanish
word,silla grande,la chaise grand,,spanish
word,habitación grande,la pièce grand,,spanish
word,calle grande,la rue grand,,spanish
word,ciudad grande,la ville grand,,spanish
word,casa grande,la maison grand,,spanish
word,jardín grande,le jardin grand,,spanish
word,cámara grande,l' appareil photo grand,,spanish
word,teléfono grande,le téléphone grand,,spanish
word,idea grande,l' idée grand,,spanish
word,pregunta grande,la question grand,,spanish
word,problema grande,le problème grand,,spanish
word,solución grande,la solution grand,,spanish
word,mensaje grande,le message grand,,spanish
word,foto grande,la photo grand,,spanish
word,tarea grande,la tâche grand,,spanish
word,proyecto grande,le projet grand,,spanish
word,trabajo grande,le travail grand,,spanish
word,comida grande,le repas grand,,spanish
word,café grande,le café grand,,spanish
word,agua grande,l' eau grand,,spanish
word,música grande,la musique grand,,spanish
word,película grande,le film grand,,spanish
word,historia grande,l' histoire grand,,spanish
word,día grande,le jour grand,,spanish
word,noche grande,la nuit grand,,spanish
word,libro pequeño,le livre petit,,spanish
word,puerta pequeño,la porte petit,,spanish
word,ventana pequeño,la fenêtre petit,,spanish
word,mesa pequeño,la table petit,,spanish
word,silla pequeño,la chaise petit,,spanish
word,habitación pequeño,la pièce petit,,spanish
word,calle pequeño,la rue petit,,spanish
word,ciudad pequeño,la ville petit,,spanish
word,casa pequeño,la maison petit,,spanish
word,jardín pequeño,le jardin petit,,spanish
word,cámara pequeño,l' appareil photo petit,,spanish
word,teléfono pequeño,le téléphone petit,,spanish
word,idea pequeño,l' idée petit,,spanish
word,pregunta pequeño,la question petit,,spanish
word,problema pequeño,le problème petit,,spanish
word,solución pequeño,la solution petit,,spanish
word,mensaje pequeño,le message petit,,spanish
word,foto pequeño,la photo petit,,spanish
word,tarea pequeño,la tâche petit,,spanish
word,proyecto pequeño,le projet petit,,spanish
word,trabajo pequeño,le travail petit,,spanish
word,comida pequeño,le repas petit,,spanish
word,café pequeño,le café petit,,spanish
word,agua pequeño,l' eau petit,,spanish
word,música pequeño,la musique petit,,spanish
word,película pequeño,le film petit,,spanish
word,historia pequeño,l' histoire petit,,spanish
word,día pequeño,le jour petit,,spanish
word,noche pequeño,la nuit petit,,spanish
word,libro nuevo,le livre nouveau,,spanish
word,puerta nuevo,la porte nouveau,,spanish
word,ventana nuevo,la fenêtre nouveau,,spanish
word,mesa nuevo,la table nouveau,,spanish
word,silla nuevo,la chaise nouveau,,spanish
word,habitación nuevo,la pièce nouveau,,spanish
word,calle nuevo,la rue nouveau,,spanish
word,ciudad nuevo,la ville nouveau,,spanish
word,casa nuevo,la maison nouveau,,spanish
word,jardín nuevo,le jardin nouveau,,spanish
word,cámara nuevo,l' appareil photo nouveau,,spanish
word,teléfono nuevo,le téléphone nouveau,,spanish
word,idea nuevo,l' idée nouveau,,spanish
word,pregunta nuevo,la question nouveau,,spanish
word,problema nuevo,le problème nouveau,,spanish
word,solución nuevo,la solution nouveau,,spanish
word,mensaje nuevo,le message nouveau,,spanish
word,foto nuevo,la photo nouveau,,spanish
word,tarea nuevo,la tâche nouveau,,spanish
word,proyecto nuevo,le projet nouveau,,spanish
word,trabajo nuevo,le travail nouveau,,spanish
word,comida nuevo,le repas nouveau,,spanish
word,café nuevo,le café nouveau,,spanish
word,agua nuevo,l' eau nouveau,,spanish
word,música nuevo,la musique nouveau,,spanish
word,película nuevo,le film nouveau,,spanish
word,historia nuevo,l' histoire nouveau,,spanish
word,día nuevo,le jour nouveau,,spanish
word,noche nuevo,la nuit nouveau,,spanish
word,libro viejo,le livre vieux,,spanish
word,puerta viejo,la porte vieux,,spanish
word,ventana viejo,la fenêtre vieux,,spanish
word,mesa viejo,la table vieux,,spanish
word,silla viejo,la chaise vieux,,spanish
word,habitación viejo,la pièce vieux,,spanish
word,calle viejo,la rue vieux,,spanish
word,ciudad viejo,la ville vieux,,spanish
word,casa viejo,la maison vieux,,spanish
word,jardín viejo,le jardin vieux,,spanish
word,cámara viejo,l' appareil photo vieux,,spanish
word,teléfono viejo,le téléphone vieux,,spanish
word,idea viejo,l' idée vieux,,spanish
word,pregunta viejo,la question vieux,,spanish
word,problema viejo,le problème vieux,,spanish
word,solución viejo,la solution vieux,,spanish
word,mensaje viejo,le message vieux,,spanish
word,foto viejo,la photo vieux,,spanish
word,tarea viejo,la tâche vieux,,spanish
word,proyecto viejo,le projet vieux,,spanish
word,trabajo viejo,le travail vieux,,spanish
word,comida viejo,le repas vieux,,spanish
word,café viejo,le café vieux,,spanish
word,agua viejo,l' eau vieux,,spanish
word,música viejo,la musique vieux,,spanish
word,película viejo,le film vieux,,spanish
word,historia viejo,l' histoire vieux,,spanish
word,día viejo,le jour vieux,,spanish
word,noche viejo,la nuit vieux,,spanish
word,libro rojo,le livre rouge,,spanish
word,puerta rojo,la porte rouge,,spanish
word,ventana rojo,la fenêtre rouge,,spanish
word,mesa rojo,la table rouge,,spanish
word,silla rojo,la chaise rouge,,spanish
word,habitación rojo,la pièce rouge,,spanish
word,calle rojo,la rue rouge,,spanish
word,ciudad rojo,la ville rouge,,spanish
word,casa rojo,la maison rouge,,spanish
word,jardín rojo,le jardin rouge,,spanish
word,cámara rojo,l' appareil photo rouge,,spanish
word,teléfono rojo,le téléphone rouge,,spanish
word,idea rojo,l' idée rouge,,spanish
word,pregunta rojo,la question rouge,,spanish
word,problema rojo,le problème rouge,,spanish
word,solución rojo,la solution rouge,,spanish
word,mensaje rojo,le message rouge,,spanish
word,foto rojo,la photo rouge,,spanish
word,tarea rojo,la tâche rouge,,spanish
word,proyecto rojo,le projet rouge,,spanish
word,trabajo rojo,le travail rouge,,spanish
word,comida rojo,le repas rouge,,spanish
word,café rojo,le café rouge,,spanish
word,agua rojo,l' eau rouge,,spanish
word,música rojo,la musique rouge,,spanish
word,película rojo,le film rouge,,spanish
word,historia rojo,l' histoire rouge,,spanish
word,día rojo,le jour rouge,,spanish
word,noche rojo,la nuit rouge,,spanish
word,libro azul,le livre bleu,,spanish
word,puerta azul,la porte bleu,,spanish
word,ventana azul,la fenêtre bleu,,spanish
word,mesa azul,la table bleu,,spanish
word,silla azul,la chaise bleu,,spanish
word,habitación azul,la pièce bleu,,spanish
word,calle azul,la rue bleu,,spanish
word,ciudad azul,la ville bleu,,spanish
word,casa azul,la maison bleu,,spanish
word,jardín azul,le jardin bleu,,spanish
word,cámara azul,l' appareil photo bleu,,spanish
word,teléfono azul,le téléphone bleu,,spanish
word,idea azul,l' idée bleu,,spanish
word,pregunta azul,la question bleu,,spanish
word,problema azul,le problème bleu,,spanish
word,solución azul,la solution bleu,,spanish
word,mensaje azul,le message bleu,,spanish
word,foto azul,la photo bleu,,spanish
word,tarea azul,la tâche bleu,,spanish
word,proyecto azul,le projet bleu,,spanish
word,trabajo azul,le travail bleu,,spanish
word,comida azul,le repas bleu,,spanish
word,café azul,le café bleu,,spanish
word,agua azul,l' eau bleu,,spanish
word,música azul,la musique bleu,,spanish
word,película azul,le film bleu,,spanish
word,historia azul,l' histoire bleu,,spanish
word,día azul,le jour bleu,,spanish
word,noche azul,la nuit bleu,,spanish
word,libro verde,le livre vert,,spanish
word,puerta verde,la porte vert,,spanish
word,ventana verde,la fenêtre vert,,spanish
word,mesa verde,la table vert,,spanish
word,silla verde,la chaise vert,,spanish
word,habitación verde,la pièce vert,,spanish
word,calle verde,la rue vert,,spanish
word,ciudad verde,la ville vert,,spanish
word,casa verde,la maison vert,,spanish
word,jardín verde,le jardin vert,,spanish
word,cámara verde,l' appareil photo vert,,spanish
word,teléfono verde,le téléphone vert,,spanish
word,idea verde,l' idée vert,,spanish
word,pregunta verde,la question vert,,spanish
word,problema verde,le problème vert,,spanish
word,solución verde,la solution vert,,spanish
word,mensaje verde,le message vert,,spanish
word,foto verde,la photo vert,,spanish
word,tarea verde,la tâche vert,,spanish
word,proyecto verde,le projet vert,,spanish
word,trabajo verde,le travail vert,,spanish
word,comida verde,le repas vert,,spanish
word,café verde,le café vert,,spanish
word,agua verde,l' eau vert,,spanish
word,música verde,la musique vert,,spanish
word,película verde,le film vert,,spanish
word,historia verde,l' histoire vert,,spanish
word,día verde,le jour vert,,spanish
word,noche verde,la nuit vert,,spanish
word,libro brillante,le livre lumineux,,spanish
word,puerta brillante,la porte lumineux,,spanish
word,ventana brillante,la fenêtre lumineux,,spanish
word,mesa brillante,la table lumineux,,spanish
word,silla brillante,la chaise lumineux,,spanish
word,habitación brillante,la pièce lumineux,,spanish
word,calle brillante,la rue lumineux,,spanish
word,ciudad brillante,la ville lumineux,,spanish
word,casa brillante,la maison lumineux,,spanish
word,jardín brillante,le jardin lumineux,,spanish
word,cámara brillante,l' appareil photo lumineux,,spanish
word,teléfono brillante,le téléphone lumineux,,spanish
word,idea brillante,l' idée lumineux,,spanish
word,pregunta brillante,la question lumineux,,spanish
word,problema brillante,le problème lumineux,,spanish
word,solución brillante,la solution lumineux,,spanish
word,mensaje brillante,le message lumineux,,spanish
word,foto brillante,la photo lumineux,,spanish
word,tarea brillante,la tâche lumineux,,spanish
word,proyecto brillante,le projet lumineux,,spanish
word,trabajo brillante,le travail lumineux,,spanish
word,comida brillante,le repas lumineux,,spanish
word,café brillante,le café lumineux,,spanish
word,agua brillante,l' eau lumineux,,spanish
word,música brillante,la musique lumineux,,spanish
word,película brillante,le film lumineux,,spanish
word,historia brillante,l' histoire lumineux,,spanish
word,día brillante,le jour lumineux,,spanish
word,noche brillante,la nuit lumineux,,spanish
word,libro oscuro,le livre sombre,,spanish
word,puerta oscuro,la porte sombre,,spanish
word,ventana oscuro,la fenêtre sombre,,spanish
word,mesa oscuro,la table sombre,,spanish
word,silla oscuro,la chaise sombre,,spanish
word,habitación oscuro,la pièce sombre,,spanish
word,calle oscuro,la rue sombre,,spanish
word,ciudad oscuro,la ville sombre,,spanish
word,casa oscuro,la maison sombre,,spanish
word,jardín oscuro,le jardin sombre,,spanish
word,cámara oscuro,l' appareil photo sombre,,spanish
word,teléfono oscuro,le téléphone sombre,,spanish
word,idea oscuro,l' idée sombre,,spanish
word,pregunta oscuro,la question sombre,,spanish
word,problema oscuro,le problème sombre,,spanish
word,solución oscuro,la solution sombre,,spanish
word,mensaje oscuro,le message sombre,,spanish
word,foto oscuro,la photo sombre,,spanish
word,tarea oscuro,la tâche sombre,,spanish
word,proyecto oscuro,le projet sombre,,spanish
word,trabajo oscuro,le travail sombre,,spanish
word,comida oscuro,le repas sombre,,spanish
word,café oscuro,le café sombre,,spanish
word,agua oscuro,l' eau sombre,,spanish
word,música oscuro,la musique sombre,,spanish
word,película oscuro,le film sombre,,spanish
word,historia oscuro,l' histoire sombre,,spanish
word,día oscuro,le jour sombre,,spanish
word,noche oscuro,la nuit sombre,,spanish
word,libro tranquilo,le livre calme,,spanish
word,puerta tranquilo,la porte calme,,spanish
word,ventana tranquilo,la fenêtre calme,,spanish
word,mesa tranquilo,la table calme,,spanish
word,silla tranquilo,la chaise calme,,spanish
word,habitación tranquilo,la pièce calme,,spanish
word,calle tranquilo,la rue calme,,spanish
word,ciudad tranquilo,la ville calme,,spanish
word,casa tranquilo,la maison calme,,spanish
word,jardín tranquilo,le jardin calme,,spanish
word,cámara tranquilo,l' appareil photo calme,,spanish
word,teléfono tranquilo,le téléphone calme,,spanish
word,idea tranquilo,l' idée calme,,spanish
word,pregunta tranquilo,la question calme,,spanish
word,problema tranquilo,le problème calme,,spanish
word,solución tranquilo,la solution calme,,spanish
word,mensaje tranquilo,le message calme,,spanish
word,foto tranquilo,la photo calme,,spanish
word,tarea tranquilo,la tâche calme,,spanish
word,proyecto tranquilo,le projet calme,,spanish
word,trabajo tranquilo,le travail calme,,spanish
word,comida tranquilo,le repas calme,,spanish
word,café tranquilo,le café calme,,spanish
word,agua tranquilo,l' eau calme,,spanish
word,música tranquilo,la musique calme,,spanish
word,película tranquilo,le film calme,,spanish
word,historia tranquilo,l' histoire calme,,spanish
word,día tranquilo,le jour calme,,spanish
word,noche tranquilo,la nuit calme,,spanish
word,libro simple,le livre simple,,spanish
word,puerta simple,la porte simple,,spanish
word,ventana simple,la fenêtre simple,,spanish
word,mesa simple,la table simple,,spanish
word,silla simple,la chaise simple,,spanish
word,habitación simple,la pièce simple,,spanish
word,calle simple,la rue simple,,spanish
word,ciudad simple,la ville simple,,spanish
word,casa simple,la maison simple,,spanish
word,jardín simple,le jardin simple,,spanish
word,cámara simple,l' appareil photo simple,,spanish
word,teléfono simple,le téléphone simple,,spanish
word,idea simple,l' idée simple,,spanish
word,pregunta simple,la question simple,,spanish
word,problema simple,le problème simple,,spanish
word,solución simple,la solution simple,,spanish
word,mensaje simple,le message simple,,spanish
word,foto simple,la photo simple,,spanish
word,tarea simple,la tâche simple,,spanish
word,proyecto simple,le projet simple,,spanish
word,trabajo simple,le travail simple,,spanish
word,comida simple,le repas simple,,spanish
word,café simple,le café simple,,spanish
word,agua simple,l' eau simple,,spanish
word,música simple,la musique simple,,spanish
word,película simple,le film simple,,spanish
word,historia simple,l' histoire simple,,spanish
word,día simple,le jour simple,,spanish
word,noche simple,la nuit simple,,spanish
word,libro útil,le livre utile,,spanish
word,puerta útil,la porte utile,,spanish
word,ventana útil,la fenêtre utile,,spanish
word,mesa útil,la table utile,,spanish
word,silla útil,la chaise utile,,spanish
word,habitación útil,la pièce utile,,spanish
word,calle útil,la rue utile,,spanish
word,ciudad útil,la ville utile,,spanish
word,casa útil,la maison utile,,spanish
word,jardín útil,le jardin utile,,spanish
word,cámara útil,l' appareil photo utile,,spanish
word,teléfono útil,le téléphone utile,,spanish
word,idea útil,l' idée utile,,spanish
word,pregunta útil,la question utile,,spanish
word,problema útil,le problème utile,,spanish
word,solución útil,la solution utile,,spanish
word,mensaje útil,le message utile,,spanish
word,foto útil,la photo utile,,spanish
word,tarea útil,la tâche utile,,spanish
word,proyecto útil,le projet utile,,spanish
word,trabajo útil,le travail utile,,spanish
word,comida útil,le repas utile,,spanish
word,café útil,le café utile,,spanish
word,agua útil,l' eau utile,,spanish
word,música útil,la musique utile,,spanish
word,película útil,le film utile,,spanish
word,historia útil,l' histoire utile,,spanish
word,día útil,le jour utile,,spanish
word,noche útil,la nuit utile,,spanish
word,libro extraño,le livre étrange,,spanish
word,puerta extraño,la porte étrange,,spanish
word,ventana extraño,la fenêtre étrange,,spanish
word,mesa extraño,la table étrange,,spanish
word,silla extraño,la chaise étrange,,spanish
word,habitación extraño,la pièce étrange,,spanish
word,calle extraño,la rue étrange,,spanish
word,ciudad extraño,la ville étrange,,spanish
word,casa extraño,la maison étrange,,spanish
word,jardín extraño,le jardin étrange,,spanish
word,cámara extraño,l' appareil photo étrange,,spanish
word,teléfono extraño,le téléphone étrange,,spanish
word,idea extraño,l' idée étrange,,spanish
word,pregunta extraño,la question étrange,,spanish
word,problema extraño,le problème étrange,,spanish
word,solución extraño,la solution étrange,,spanish
word,mensaje extraño,le message étrange,,spanish
word,foto extraño,la photo étrange,,spanish
word,tarea extraño,la tâche étrange,,spanish
word,proyecto extraño,le projet étrange,,spanish
word,trabajo extraño,le travail étrange,,spanish
word,comida extraño,le repas étrange,,spanish
word,café extraño,le café étrange,,spanish
word,agua extraño,l' eau étrange,,spanish
word,música extraño,la musique étrange,,spanish
word,película extraño,le film étrange,,spanish
word,historia extraño,l' histoire étrange,,spanish
word,día extraño,le jour étrange,,spanish
word,noche extraño,la nuit étrange,,spanish
word,libro importante,le livre important,,spanish
word,puerta importante,la porte important,,spanish
word,ventana importante,la fenêtre important,,spanish
word,mesa importante,la table important,,spanish
word,silla importante,la chaise important,,spanish
word,habitación importante,la pièce important,,spanish
word,calle importante,la rue important,,spanish
word,ciudad importante,la ville important,,spanish
word,casa importante,la maison important,,spanish
word,jardín importante,le jardin important,,spanish
word,cámara importante,l' appareil photo important,,spanish
word,teléfono importante,le téléphone important,,spanish
word,idea importante,l' idée important,,spanish
word,pregunta importante,la question important,,spanish
word,problema importante,le problème important,,spanish
word,solución importante,la solution important,,spanish
word,mensaje importante,le message important,,spanish
word,foto importante,la photo important,,spanish
word,tarea importante,la tâche important,,spanish
word,proyecto importante,le projet important,,spanish
word,trabajo importante,le travail important,,spanish
word,comida importante,le repas important,,spanish
word,café importante,le café important,,spanish
word,agua importante,l' eau important,,spanish
word,música importante,la musique important,,spanish
word,película importante,le film important,,spanish
word,historia importante,l' histoire important,,spanish
word,día importante,le jour important,,spanish
word,noche importante,la nuit important,,spanish
word,leer el/la libro,lire le livre,,spanish
word,leer el/la puerta,lire la porte,,spanish
word,leer el/la ventana,lire la fenêtre,,spanish
word,leer el/la mesa,lire la table,,spanish
word,leer el/la silla,lire la chaise,,spanish
word,leer el/la habitación,lire la pièce,,spanish
word,leer el/la calle,lire la rue,,spanish
word,leer el/la ciudad,lire la ville,,spanish
word,leer el/la casa,lire la maison,,spanish
word,leer el/la jardín,lire le jardin,,spanish
word,leer el/la cámara,lire l' appareil photo,,spanish
word,leer el/la teléfono,lire le téléphone,,spanish
word,leer el/la idea,lire l' idée,,spanish
word,leer el/la pregunta,lire la question,,spanish
word,leer el/la problema,lire le problème,,spanish
word,leer el/la solución,lire la solution,,spanish
word,leer el/la mensaje,lire le message,,spanish
word,leer el/la foto,lire la photo,,spanish
word,leer el/la tarea,lire la tâche,,spanish
word,leer el/la proyecto,lire le projet,,spanish
word,leer el/la trabajo,lire le travail,,spanish
word,leer el/la comida,lire le repas,,spanish
word,leer el/la café,lire le café,,spanish
word,leer el/la agua,lire l' eau,,spanish
word,leer el/la música,lire la musique,,spanish
word,leer el/la película,lire le film,,spanish
word,leer el/la historia,lire l' histoire,,spanish
word,leer el/la día,lire le jour,,spanish
word,leer el/la noche,lire la nuit,,spanish
word,escribir el/la libro,écrire le livre,,spanish
word,escribir el/la puerta,écrire la porte,,spanish
word,escribir el/la ventana,écrire la fenêtre,,spanish
word,escribir el/la mesa,écrire la table,,spanish
word,escribir el/la silla,écrire la chaise,,spanish
word,escribir el/la habitación,écrire la pièce,,spanish
word,escribir el/la calle,écrire la rue,,spanish
word,escribir el/la ciudad,écrire la ville,,spanish
word,escribir el/la casa,écrire la maison,,spanish
word,escribir el/la jardín,écrire le jardin,,spanish
word,escribir el/la cámara,écrire l' appareil photo,,spanish
word,escribir el/la teléfono,écrire le téléphone,,spanish
word,escribir el/la idea,écrire l' idée,,spanish
word,escribir el/la pregunta,écrire la question,,spanish
word,escribir el/la problema,écrire le problème,,spanish
word,escribir el/la solución,écrire la solution,,spanish
word,escribir el/la mensaje,écrire le message,,spanish
word,escribir el/la foto,écrire la photo,,spanish
word,escribir el/la tarea,écrire la tâche,,spanish
word,escribir el/la proyecto,écrire le projet,,spanish
word,escribir el/la trabajo,écrire le travail,,spanish
word,escribir el/la comida,écrire le repas,,spanish
word,escribir el/la café,écrire le café,,spanish
word,escribir el/la agua,écrire l' eau,,spanish
word,escribir el/la música,écrire la musique,,spanish
word,escribir el/la película,écrire le film,,spanish
word,escribir el/la historia,écrire l' histoire,,spanish
word,escribir el/la día,écrire le jour,,spanish
word,escribir el/la noche,écrire la nuit,,spanish
word,abrir el/la libro,ouvrir le livre,,spanish
word,abrir el/la puerta,ouvrir la porte,,spanish
word,abrir el/la ventana,ouvrir la fenêtre,,spanish
word,abrir el/la mesa,ouvrir la table,,spanish
word,abrir el/la silla,ouvrir la chaise,,spanish
word,abrir el/la habitación,ouvrir la pièce,,spanish
word,abrir el/la calle,ouvrir la rue,,spanish
word,abrir el/la ciudad,ouvrir la ville,,spanish
word,abrir el/la casa,ouvrir la maison,,spanish
word,abrir el/la jardín,ouvrir le jardin,,spanish
word,abrir el/la cámara,ouvrir l' appareil photo,,spanish
word,abrir el/la teléfono,ouvrir le téléphone,,spanish
word,abrir el/la idea,ouvrir l' idée,,spanish
word,abrir el/la pregunta,ouvrir la question,,spanish
word,abrir el/la problema,ouvrir le problème,,spanish
word,abrir el/la solución,ouvrir la solution,,spanish
word,abrir el/la mensaje,ouvrir le message,,spanish
word,abrir el/la foto,ouvrir la photo,,spanish
word,abrir el/la tarea,ouvrir la tâche,,spanish
word,abrir el/la proyecto,ouvrir le projet,,spanish
word,abrir el/la trabajo,ouvrir le travail,,spanish
word,abrir el/la comida,ouvrir le repas,,spanish
word,abrir el/la café,ouvrir le café,,spanish
word,abrir el/la agua,ouvrir l' eau,,spanish
word,abrir el/la música,ouvrir la musique,,spanish
word,abrir el/la película,ouvrir le film,,spanish
word,abrir el/la historia,ouvrir l' histoire,,spanish
word,abrir el/la día,ouvrir le jour,,spanish
word,abrir el/la noche,ouvrir la nuit,,spanish
word,cerrar el/la libro,fermer le livre,,spanish
word,cerrar el/la puerta,fermer la porte,,spanish
word,cerrar el/la ventana,fermer la fenêtre,,spanish
word,cerrar el/la mesa,fermer la table,,spanish
word,cerrar el/la silla,fermer la chaise,,spanish
word,cerrar el/la habitación,fermer la pièce,,spanish
word,cerrar el/la calle,fermer la rue,,spanish
word,cerrar el/la ciudad,fermer la ville,,spanish
word,cerrar el/la casa,fermer la maison,,spanish
word,cerrar el/la jardín,fermer le jardin,,spanish
word,cerrar el/la cámara,fermer l' appareil photo,,spanish
word,cerrar el/la teléfono,fermer le téléphone,,spanish
word,cerrar el/la idea,fermer l' idée,,spanish
word,cerrar el/la pregunta,fermer la question,,spanish
word,cerrar el/la problema,fermer le problème,,spanish
word,cerrar el/la solución,fermer la solution,,spanish
word,cerrar el/la mensaje,fermer le message,,spanish
word,cerrar el/la foto,fermer la photo,,spanish
word,cerrar el/la tarea,fermer la tâche,,spanish
word,cerrar el/la proyecto,fermer le projet,,spanish
word,cerrar el/la trabajo,fermer le travail,,spanish
word,cerrar el/la comida,fermer le repas,,spanish
word,cerrar el/la café,fermer le café,,spanish
word,cerrar el/la agua,fermer l' eau,,spanish
word,cerrar el/la música,fermer la musique,,spanish
word,cerrar el/la película,fermer le film,,spanish
word,cerrar el/la historia,fermer l' histoire,,spanish
word,cerrar el/la día,fermer le jour,,spanish
word,cerrar el/la noche,fermer la nuit,,spanish
word,limpiar el/la libro,nettoyer le livre,,spanish
word,limpiar el/la puerta,nettoyer la porte,,spanish
word,limpiar el/la ventana,nettoyer la fenêtre,,spanish
word,limpiar el/la mesa,nettoyer la table,,spanish
word,limpiar el/la silla,nettoyer la chaise,,spanish
word,limpiar el/la habitación,nettoyer la pièce,,spanish
word,limpiar el/la calle,nettoyer la rue,,spanish
word,limpiar el/la ciudad,nettoyer la ville,,spanish
word,limpiar el/la casa,nettoyer la maison,,spanish
word,limpiar el/la jardín,nettoyer le jardin,,spanish
word,limpiar el/la cámara,nettoyer l' appareil photo,,spanish
word,limpiar el/la teléfono,nettoyer le téléphone,,spanish
word,limpiar el/la idea,nettoyer l' idée,,spanish
word,limpiar el/la pregunta,nettoyer la question,,spanish
word,limpiar el/la problema,nettoyer le problème,,spanish
word,limpiar el/la solución,nettoyer la solution,,spanish
word,limpiar el/la mensaje,nettoyer le message,,spanish
word,limpiar el/la foto,nettoyer la photo,,spanish
word,limpiar el/la tarea,nettoyer la tâche,,spanish
word,limpiar el/la proyecto,nettoyer le projet,,spanish
sentence,Yo ___ cansado.,estoy,Je suis fatigué.,spanish
sentence,Yo ___ listo.,estoy,Je suis prêt.,spanish
sentence,Yo ___ ocupado.,estoy,Je suis occupé.,spanish
sentence,Yo ___ feliz.,estoy,Je suis heureux.,spanish
sentence,Yo ___ tranquilo.,estoy,Je suis calme.,spanish
sentence,Yo ___ fuera.,estoy,Je suis dehors.,spanish
sentence,Yo ___ en casa.,estoy,Je suis à la maison.,spanish
sentence,Yo ___ en el trabajo.,estoy,Je suis au travail.,spanish
sentence,Yo ___ en la cocina.,estoy,Je suis dans la cuisine.,spanish
sentence,Yo ___ en la ciudad.,estoy,Je suis en ville.,spanish
sentence,Yo ___ un libro.,tengo,Je ai un livre.,spanish
sentence,Yo ___ una pregunta.,tengo,Je ai une question.,spanish
sentence,Yo ___ un problema.,tengo,Je ai un problème.,spanish
sentence,Yo ___ una idea.,tengo,Je ai une idée.,spanish
sentence,Yo ___ un teléfono.,tengo,Je ai un téléphone.,spanish
sentence,Yo ___ una cámara.,tengo,Je ai un appareil photo.,spanish
sentence,Yo ___ una reunión.,tengo,Je ai une réunion.,spanish
sentence,Yo ___ tiempo.,tengo,Je ai du temps.,spanish
sentence,Yo ___ trabajo.,tengo,Je ai du travail.,spanish
sentence,Yo ___ agua.,tengo,Je ai de l'eau.,spanish
sentence,Yo ___ un descanso.,necesito,Je ai besoin de une pause.,spanish
sentence,Yo ___ ayuda.,necesito,Je ai besoin de aide.,spanish
sentence,Yo ___ silencio.,necesito,Je ai besoin de silence.,spanish
sentence,Yo ___ un plan claro.,necesito,Je ai besoin de un plan clair.,spanish
sentence,Yo ___ una buena idea.,necesito,Je ai besoin de une bonne idée.,spanish
sentence,Yo ___ más práctica.,necesito,Je ai besoin de plus de pratique.,spanish
sentence,Yo ___ un lugar tranquilo.,necesito,Je ai besoin de un endroit calme.,spanish
sentence,Yo ___ una tarea simple.,necesito,Je ai besoin de une tâche simple.,spanish
sentence,Yo ___ a casa.,voy,Je vais à la maison.,spanish
sentence,Yo ___ al trabajo.,voy,Je vais au travail.,spanish
sentence,Yo ___ al parque.,voy,Je vais au parc.,spanish
sentence,Yo ___ a la estación.,voy,Je vais à la gare.,spanish
sentence,Yo ___ a la oficina.,voy,Je vais au bureau.,spanish
sentence,Yo ___ a la cocina.,voy,Je vais à la cuisine.,spanish
sentence,Yo ___ a la ciudad.,voy,Je vais en ville.,spanish
sentence,Tú ___ cansado.,estás,Tu es fatigué.,spanish
sentence,Tú ___ listo.,estás,Tu es prêt.,spanish
sentence,Tú ___ ocupado.,estás,Tu es occupé.,spanish
sentence,Tú ___ feliz.,estás,Tu es heureux.,spanish
sentence,Tú ___ tranquilo.,estás,Tu es calme.,spanish
sentence,Tú ___ fuera.,estás,Tu es dehors.,spanish
sentence,Tú ___ en casa.,estás,Tu es à la maison.,spanish
sentence,Tú ___ en el trabajo.,estás,Tu es au travail.,spanish
sentence,Tú ___ en la cocina.,estás,Tu es dans la cuisine.,spanish
sentence,Tú ___ en la ciudad.,estás,Tu es en ville.,spanish
sentence,Tú ___ un libro.,tienes,Tu as un livre.,spanish
sentence,Tú ___ una pregunta.,tienes,Tu as une question.,spanish
sentence,Tú ___ un problema.,tienes,Tu as un problème.,spanish
sentence,Tú ___ una idea.,tienes,Tu as une idée.,spanish
sentence,Tú ___ un teléfono.,tienes,Tu as un téléphone.,spanish
sentence,Tú ___ una cámara.,tienes,Tu as un appareil photo.,spanish
sentence,Tú ___ una reunión.,tienes,Tu as une réunion.,spanish
sentence,Tú ___ tiempo.,tienes,Tu as du temps.,spanish
sentence,Tú ___ trabajo.,tienes,Tu as du travail.,spanish
sentence,Tú ___ agua.,tienes,Tu as de l'eau.,spanish
sentence,Tú ___ un descanso.,necesitas,Tu as besoin de une pause.,spanish
sentence,Tú ___ ayuda.,necesitas,Tu as besoin de aide.,spanish
sentence,Tú ___ silencio.,necesitas,Tu as besoin de silence.,spanish
sentence,Tú ___ un plan claro.,necesitas,Tu as besoin de un plan clair.,spanish
sentence,Tú ___ una buena idea.,necesitas,Tu as besoin de une bonne idée.,spanish
sentence,Tú ___ más práctica.,necesitas,Tu as besoin de plus de pratique.,spanish
sentence,Tú ___ un lugar tranquilo.,necesitas,Tu as besoin de un endroit calme.,spanish
sentence,Tú ___ una tarea simple.,necesitas,Tu as besoin de une tâche simple.,spanish
sentence,Tú ___ a casa.,vas,Tu vas à la maison.,spanish
sentence,Tú ___ al trabajo.,vas,Tu vas au travail.,spanish
sentence,Tú ___ al parque.,vas,Tu vas au parc.,spanish
sentence,Tú ___ a la estación.,vas,Tu vas à la gare.,spanish
sentence,Tú ___ a la oficina.,vas,Tu vas au bureau.,spanish
sentence,Tú ___ a la cocina.,vas,Tu vas à la cuisine.,spanish
sentence,Tú ___ a la ciudad.,vas,Tu vas en ville.,spanish
sentence,Él ___ cansado.,está,Il est fatigué.,spanish
sentence,Él ___ listo.,está,Il est prêt.,spanish
sentence,Él ___ ocupado.,está,Il est occupé.,spanish
sentence,Él ___ feliz.,está,Il est heureux.,spanish
sentence,Él ___ tranquilo.,está,Il est calme.,spanish
sentence,Él ___ fuera.,está,Il est dehors.,spanish
sentence,Él ___ en casa.,está,Il est à la maison.,spanish
sentence,Él ___ en el trabajo.,está,Il est au travail.,spanish
sentence,Él ___ en la cocina.,está,Il est dans la cuisine.,spanish
sentence,Él ___ en la ciudad.,está,Il est en ville.,spanish
sentence,Él ___ un libro.,tiene,Il a un livre.,spanish
sentence,Él ___ una pregunta.,tiene,Il a une question.,spanish
sentence,Él ___ un problema.,tiene,Il a un problème.,spanish
sentence,Él ___ una idea.,tiene,Il a une idée.,spanish
sentence,Él ___ un teléfono.,tiene,Il a un téléphone.,spanish
sentence,Él ___ una cámara.,tiene,Il a un appareil photo.,spanish
sentence,Él ___ una reunión.,tiene,Il a une réunion.,spanish
sentence,Él ___ tiempo.,tiene,Il a du temps.,spanish
sentence,Él ___ trabajo.,tiene,Il a du travail.,spanish
sentence,Él ___ agua.,tiene,Il a de l'eau.,spanish
sentence,Él ___ un descanso.,necesita,Il a besoin de une pause.,spanish
sentence,Él ___ ayuda.,necesita,Il a besoin de aide.,spanish
sentence,Él ___ silencio.,necesita,Il a besoin de silence.,spanish
sentence,Él ___ un plan claro.,necesita,Il a besoin de un plan clair.,spanish
sentence,Él ___ una buena idea.,necesita,Il a besoin de une bonne idée.,spanish
sentence,Él ___ más práctica.,necesita,Il a besoin de plus de pratique.,spanish
sentence,Él ___ un lugar tranquilo.,necesita,Il a besoin de un endroit calme.,spanish
sentence,Él ___ una tarea simple.,necesita,Il a besoin de une tâche simple.,spanish
sentence,Él ___ a casa.,va,Il va à la maison.,spanish
sentence,Él ___ al trabajo.,va,Il va au travail.,spanish
sentence,Él ___ al parque.,va,Il va au parc.,spanish
sentence,Él ___ a la estación.,va,Il va à la gare.,spanish
sentence,Él ___ a la oficina.,va,Il va au bureau.,spanish
sentence,Él ___ a la cocina.,va,Il va à la cuisine.,spanish
sentence,Él ___ a la ciudad.,va,Il va en ville.,spanish
sentence,Ella ___ cansado.,está,Elle est fatigué.,spanish
sentence,Ella ___ listo.,está,Elle est prêt.,spanish
sentence,Ella ___ ocupado.,está,Elle est occupé.,spanish
sentence,Ella ___ feliz.,está,Elle est heureux.,spanish
sentence,Ella ___ tranquilo.,está,Elle est calme.,spanish
sentence,Ella ___ fuera.,está,Elle est dehors.,spanish
sentence,Ella ___ en casa.,está,Elle est à la maison.,spanish
sentence,Ella ___ en el trabajo.,está,Elle est au travail.,spanish
sentence,Ella ___ en la cocina.,está,Elle est dans la cuisine.,spanish
sentence,Ella ___ en la ciudad.,está,Elle est en ville.,spanish
sentence,Ella ___ un libro.,tiene,Elle a un livre.,spanish
sentence,Ella ___ una pregunta.,tiene,Elle a une question.,spanish
sentence,Ella ___ un problema.,tiene,Elle a un problème.,spanish
sentence,Ella ___ una idea.,tiene,Elle a une idée.,spanish
sentence,Ella ___ un teléfono.,tiene,Elle a un téléphone.,spanish
sentence,Ella ___ una cámara.,tiene,Elle a un appareil photo.,spanish
sentence,Ella ___ una reunión.,tiene,Elle a une réunion.,spanish
sentence,Ella ___ tiempo.,tiene,Elle a du temps.,spanish
sentence,Ella ___ trabajo.,tiene,Elle a du travail.,spanish
sentence,Ella ___ agua.,tiene,Elle a de l'eau.,spanish
sentence,Ella ___ un descanso.,necesita,Elle a besoin de une pause.,spanish
sentence,Ella ___ ayuda.,necesita,Elle a besoin de aide.,spanish
sentence,Ella ___ silencio.,necesita,Elle a besoin de silence.,spanish
sentence,Ella ___ un plan claro.,necesita,Elle a besoin de un plan clair.,spanish
sentence,Ella ___ una buena idea.,necesita,Elle a besoin de une bonne idée.,spanish
sentence,Ella ___ más práctica.,necesita,Elle a besoin de plus de pratique.,spanish
sentence,Ella ___ un lugar tranquilo.,necesita,Elle a besoin de un endroit calme.,spanish
sentence,Ella ___ una tarea simple.,necesita,Elle a besoin de une tâche simple.,spanish
sentence,Ella ___ a casa.,va,Elle va à la maison.,spanish
sentence,Ella ___ al trabajo.,va,Elle va au travail.,spanish
sentence,Ella ___ al parque.,va,Elle va au parc.,spanish
sentence,Ella ___ a la estación.,va,Elle va à la gare.,spanish
sentence,Ella ___ a la oficina.,va,Elle va au bureau.,spanish
sentence,Ella ___ a la cocina.,va,Elle va à la cuisine.,spanish
sentence,Ella ___ a la ciudad.,va,Elle va en ville.,spanish
sentence,Nosotros ___ cansado.,estamos,Nous sommes fatigué.,spanish
sentence,Nosotros ___ listo.,estamos,Nous sommes prêt.,spanish
sentence,Nosotros ___ ocupado.,estamos,Nous sommes occupé.,spanish
sentence,Nosotros ___ feliz.,estamos,Nous sommes heureux.,spanish
sentence,Nosotros ___ tranquilo.,estamos,Nous sommes calme.,spanish
sentence,Nosotros ___ fuera.,estamos,Nous sommes dehors.,spanish
sentence,Nosotros ___ en casa.,estamos,Nous sommes à la maison.,spanish
sentence,Nosotros ___ en el trabajo.,estamos,Nous sommes au travail.,spanish
sentence,Nosotros ___ en la cocina.,estamos,Nous sommes dans la cuisine.,spanish
sentence,Nosotros ___ en la ciudad.,estamos,Nous sommes en ville.,spanish
sentence,Nosotros ___ un libro.,tenemos,Nous avons un livre.,spanish
sentence,Nosotros ___ una pregunta.,tenemos,Nous avons une question.,spanish
sentence,Nosotros ___ un problema.,tenemos,Nous avons un problème.,spanish
sentence,Nosotros ___ una idea.,tenemos,Nous avons une idée.,spanish
sentence,Nosotros ___ un teléfono.,tenemos,Nous avons un téléphone.,spanish
sentence,Nosotros ___ una cámara.,tenemos,Nous avons un appareil photo.,spanish
sentence,Nosotros ___ una reunión.,tenemos,Nous avons une réunion.,spanish
sentence,Nosotros ___ tiempo.,tenemos,Nous avons du temps.,spanish
sentence,Nosotros ___ trabajo.,tenemos,Nous avons du travail.,spanish
sentence,Nosotros ___ agua.,tenemos,Nous avons de l'eau.,spanish
sentence,Nosotros ___ un descanso.,necesitamos,Nous avons besoin de une pause.,spanish
sentence,Nosotros ___ ayuda.,necesitamos,Nous avons besoin de aide.,spanish
sentence,Nosotros ___ silencio.,necesitamos,Nous avons besoin de silence.,spanish
sentence,Nosotros ___ un plan claro.,necesitamos,Nous avons besoin de un plan clair.,spanish
sentence,Nosotros ___ una buena idea.,necesitamos,Nous avons besoin de une bonne idée.,spanish
sentence,Nosotros ___ más práctica.,necesitamos,Nous avons besoin de plus de pratique.,spanish
sentence,Nosotros ___ un lugar tranquilo.,necesitamos,Nous avons besoin de un endroit calme.,spanish
sentence,Nosotros ___ una tarea simple.,necesitamos,Nous avons besoin de une tâche simple.,spanish
sentence,Nosotros ___ a casa.,vamos,Nous allons à la maison.,spanish
sentence,Nosotros ___ al trabajo.,vamos,Nous allons au travail.,spanish
sentence,Nosotros ___ al parque.,vamos,Nous allons au parc.,spanish
sentence,Nosotros ___ a la estación.,vamos,Nous allons à la gare.,spanish
sentence,Nosotros ___ a la oficina.,vamos,Nous allons au bureau.,spanish
sentence,Nosotros ___ a la cocina.,vamos,Nous allons à la cuisine.,spanish
sentence,Nosotros ___ a la ciudad.,vamos,Nous allons en ville.,spanish
sentence,Ellos ___ cansado.,están,Ils sont fatigué.,spanish
sentence,Ellos ___ listo.,están,Ils sont prêt.,spanish
sentence,Ellos ___ ocupado.,están,Ils sont occupé.,spanish
sentence,Ellos ___ feliz.,están,Ils sont heureux.,spanish
sentence,Ellos ___ tranquilo.,están,Ils sont calme.,spanish
sentence,Ellos ___ fuera.,están,Ils sont dehors.,spanish
sentence,Ellos ___ en casa.,están,Ils sont à la maison.,spanish
sentence,Ellos ___ en el trabajo.,están,Ils sont au travail.,spanish
sentence,Ellos ___ en la cocina.,están,Ils sont dans la cuisine.,spanish
sentence,Ellos ___ en la ciudad.,están,Ils sont en ville.,spanish
sentence,Ellos ___ un libro.,tienen,Ils ont un livre.,spanish
sentence,Ellos ___ una pregunta.,tienen,Ils ont une question.,spanish
sentence,Ellos ___ un problema.,tienen,Ils ont un problème.,spanish
sentence,Ellos ___ una idea.,tienen,Ils ont une idée.,spanish
sentence,Ellos ___ un teléfono.,tienen,Ils ont un téléphone.,spanish
sentence,Ellos ___ una cámara.,tienen,Ils ont un appareil photo.,spanish
sentence,Ellos ___ una reunión.,tienen,Ils ont une réunion.,spanish
sentence,Ellos ___ tiempo.,tienen,Ils ont du temps.,spanish
sentence,Ellos ___ trabajo.,tienen,Ils ont du travail.,spanish
sentence,Ellos ___ agua.,tienen,Ils ont de l'eau.,spanish
sentence,Ellos ___ un descanso.,necesitan,Ils ont besoin de une pause.,spanish
sentence,Ellos ___ ayuda.,necesitan,Ils ont besoin de aide.,spanish
sentence,Ellos ___ silencio.,necesitan,Ils ont besoin de silence.,spanish
sentence,Ellos ___ un plan claro.,necesitan,Ils ont besoin de un plan clair.,spanish
sentence,Ellos ___ una buena idea.,necesitan,Ils ont besoin de une bonne idée.,spanish
sentence,Ellos ___ más práctica.,necesitan,Ils ont besoin de plus de pratique.,spanish
sentence,Ellos ___ un lugar tranquilo.,necesitan,Ils ont besoin de un endroit calme.,spanish
sentence,Ellos ___ una tarea simple.,necesitan,Ils ont besoin de une tâche simple.,spanish
sentence,Ellos ___ a casa.,van,Ils vont à la maison.,spanish
sentence,Ellos ___ al trabajo.,van,Ils vont au travail.,spanish
sentence,Ellos ___ al parque.,van,Ils vont au parc.,spanish
sentence,Ellos ___ a la estación.,van,Ils vont à la gare.,spanish
sentence,Ellos ___ a la oficina.,van,Ils vont au bureau.,spanish
sentence,Ellos ___ a la cocina.,van,Ils vont à la cuisine.,spanish
sentence,Ellos ___ a la ciudad.,van,Ils vont en ville.,spanish
sentence,Me ___ el café.,gusta,J'aime le café.,spanish
sentence,Me ___ la música.,gusta,J'aime la musique.,spanish
sentence,Me ___ los lugares tranquilos.,gustan,J'aime les endroits calmes.,spanish
sentence,Me ___ la fotografía.,gusta,J'aime la photographie.,spanish
sentence,Me ___ el dibujo.,gusta,J'aime le dessin.,spanish
sentence,Me ___ aprender.,gusta,J'aime apprendre.,spanish
sentence,Me ___ caminar.,gusta,J'aime marcher.,spanish
sentence,Me ___ leer.,gusta,J'aime lire.,spanish
sentence,Me ___ la comida simple.,gusta,J'aime la nourriture simple.,spanish
sentence,Me ___ las nuevas ideas.,gustan,J'aime les nouvelles idées.,spanish
sentence,Te ___ el café.,gusta,Tu aimes le café.,spanish
sentence,Te ___ la música.,gusta,Tu aimes la musique.,spanish
sentence,Te ___ los lugares tranquilos.,gustan,Tu aimes les endroits calmes.,spanish
sentence,Te ___ la fotografía.,gusta,Tu aimes la photographie.,spanish
sentence,Te ___ el dibujo.,gusta,Tu aimes le dessin.,spanish
sentence,Te ___ aprender.,gusta,Tu aimes apprendre.,spanish
sentence,Te ___ caminar.,gusta,Tu aimes marcher.,spanish
sentence,Te ___ leer.,gusta,Tu aimes lire.,spanish
sentence,Te ___ la comida simple.,gusta,Tu aimes la nourriture simple.,spanish
sentence,Te ___ las nuevas ideas.,gustan,Tu aimes les nouvelles idées.,spanish
sentence,Le ___ el café.,gusta,Il/Elle aime le café.,spanish
sentence,Le ___ la música.,gusta,Il/Elle aime la musique.,spanish
sentence,Le ___ los lugares tranquilos.,gustan,Il/Elle aime les endroits calmes.,spanish
sentence,Le ___ la fotografía.,gusta,Il/Elle aime la photographie.,spanish
sentence,Le ___ el dibujo.,gusta,Il/Elle aime le dessin.,spanish
sentence,Le ___ aprender.,gusta,Il/Elle aime apprendre.,spanish
sentence,Le ___ caminar.,gusta,Il/Elle aime marcher.,spanish
sentence,Le ___ leer.,gusta,Il/Elle aime lire.,spanish
sentence,Le ___ la comida simple.,gusta,Il/Elle aime la nourriture simple.,spanish
sentence,Le ___ las nuevas ideas.,gustan,Il/Elle aime les nouvelles idées.,spanish
sentence,Nos ___ el café.,gusta,Nous aimons le café.,spanish
sentence,Nos ___ la música.,gusta,Nous aimons la musique.,spanish
sentence,Nos ___ los lugares tranquilos.,gustan,Nous aimons les endroits calmes.,spanish
sentence,Nos ___ la fotografía.,gusta,Nous aimons la photographie.,spanish
sentence,Nos ___ el dibujo.,gusta,Nous aimons le dessin.,spanish
sentence,Nos ___ aprender.,gusta,Nous aimons apprendre.,spanish
sentence,Nos ___ caminar.,gusta,Nous aimons marcher.,spanish
sentence,Nos ___ leer.,gusta,Nous aimons lire.,spanish
sentence,Nos ___ la comida simple.,gusta,Nous aimons la nourriture simple.,spanish
sentence,Nos ___ las nuevas ideas.,gustan,Nous aimons les nouvelles idées.,spanish
sentence,Les ___ el café.,gusta,Ils aiment le café.,spanish
sentence,Les ___ la música.,gusta,Ils aiment la musique.,spanish
sentence,Les ___ los lugares tranquilos.,gustan,Ils aiment les endroits calmes.,spanish
sentence,Les ___ la fotografía.,gusta,Ils aiment la photographie.,spanish
sentence,Les ___ el dibujo.,gusta,Ils aiment le dessin.,spanish
sentence,Les ___ aprender.,gusta,Ils aiment apprendre.,spanish
sentence,Les ___ caminar.,gusta,Ils aiment marcher.,spanish
sentence,Les ___ leer.,gusta,Ils aiment lire.,spanish
sentence,Les ___ la comida simple.,gusta,Ils aiment la nourriture simple.,spanish
sentence,Les ___ las nuevas ideas.,gustan,Ils aiment les nouvelles idées.,spanish
sentence,Yo ___ leer este libro.,puedo,Je peux lire ce livre.,spanish
sentence,Yo ___ escribir un mensaje.,puedo,Je peux écrire un message.,spanish
sentence,Yo ___ abrir la puerta.,puedo,Je peux ouvrir la porte.,spanish
sentence,Yo ___ beber agua.,puedo,Je peux boire de l'eau.,spanish
sentence,Yo ___ tomar un descanso.,puedo,Je peux prendre une pause.,spanish
sentence,Yo ___ aprender una palabra.,puedo,Je peux apprendre un mot.,spanish
sentence,Yo ___ intentarlo otra vez.,puedo,Je peux réessayer.,spanish
sentence,Yo ___ hacer una pregunta.,puedo,Je peux poser une question.,spanish
sentence,Tú ___ leer este libro.,puedo,Tu peux lire ce livre.,spanish
sentence,Tú ___ escribir un mensaje.,puedo,Tu peux écrire un message.,spanish
sentence,Tú ___ abrir la puerta.,puedo,Tu peux ouvrir la porte.,spanish
sentence,Tú ___ beber agua.,puedo,Tu peux boire de l'eau.,spanish
sentence,Tú ___ tomar un descanso.,puedo,Tu peux prendre une pause.,spanish
sentence,Tú ___ aprender una palabra.,puedo,Tu peux apprendre un mot.,spanish
sentence,Tú ___ intentarlo otra vez.,puedo,Tu peux réessayer.,spanish
sentence,Tú ___ hacer una pregunta.,puedo,Tu peux poser une question.,spanish
sentence,Nosotros ___ leer este libro.,puedo,Nous peux lire ce livre.,spanish
sentence,Nosotros ___ escribir un mensaje.,puedo,Nous peux écrire un message.,spanish
sentence,Nosotros ___ abrir la puerta.,puedo,Nous peux ouvrir la porte.,spanish
sentence,Nosotros ___ beber agua.,puedo,Nous peux boire de l'eau.,spanish
sentence,Nosotros ___ tomar un descanso.,puedo,Nous peux prendre une pause.,spanish
sentence,Nosotros ___ aprender una palabra.,puedo,Nous peux apprendre un mot.,spanish
sentence,Nosotros ___ intentarlo otra vez.,puedo,Nous peux réessayer.,spanish
sentence,Nosotros ___ hacer una pregunta.,puedo,Nous peux poser une question.,spanish
sentence,Ellos ___ leer este libro.,puedo,Ils peux lire ce livre.,spanish
sentence,Ellos ___ escribir un mensaje.,puedo,Ils peux écrire un message.,spanish
sentence,Ellos ___ abrir la puerta.,puedo,Ils peux ouvrir la porte.,spanish
sentence,Ellos ___ beber agua.,puedo,Ils peux boire de l'eau.,spanish
sentence,Ellos ___ tomar un descanso.,puedo,Ils peux prendre une pause.,spanish
sentence,Ellos ___ aprender una palabra.,puedo,Ils peux apprendre un mot.,spanish
sentence,Ellos ___ intentarlo otra vez.,puedo,Ils peux réessayer.,spanish
sentence,Ellos ___ hacer una pregunta.,puedo,Ils peux poser une question.,spanish
sentence,Hay ___ aquí.,un libro,Il y a un livre ici.,spanish
sentence,Hay ___ allí.,un libro,Il y a un livre là-bas.,spanish
sentence,Hay ___ en la mesa.,un libro,Il y a un livre sur la table.,spanish
sentence,Hay ___ en la habitación.,un libro,Il y a un livre dans la pièce.,spanish
sentence,Hay ___ cerca de la puerta.,un libro,Il y a un livre près de la porte.,spanish
sentence,Esta es la frase de práctica número ___ 298.,298,Ceci est la phrase d'entraînement numéro 298.,spanish
sentence,Esta es la frase de práctica número ___ 299.,299,Ceci est la phrase d'entraînement numéro 299.,spanish
sentence,Esta es la frase de práctica número ___ 300.,300,Ceci est la phrase d'entraînement numéro 300.,spanish
sentence,Esta es la frase de práctica número ___ 301.,301,Ceci est la phrase d'entraînement numéro 301.,spanish
sentence,Esta es la frase de práctica número ___ 302.,302,Ceci est la phrase d'entraînement numéro 302.,spanish
sentence,Esta es la frase de práctica número ___ 303.,303,Ceci est la phrase d'entraînement numéro 303.,spanish
sentence,Esta es la frase de práctica número ___ 304.,304,Ceci est la phrase d'entraînement numéro 304.,spanish
sentence,Esta es la frase de práctica número ___ 305.,305,Ceci est la phrase d'entraînement numéro 305.,spanish
sentence,Esta es la frase de práctica número ___ 306.,306,Ceci est la phrase d'entraînement numéro 306.,spanish
sentence,Esta es la frase de práctica número ___ 307.,307,Ceci est la phrase d'entraînement numéro 307.,spanish
sentence,Esta es la frase de práctica número ___ 308.,308,Ceci est la phrase d'entraînement numéro 308.,spanish
sentence,Esta es la frase de práctica número ___ 309.,309,Ceci est la phrase d'entraînement numéro 309.,spanish
sentence,Esta es la frase de práctica número ___ 310.,310,Ceci est la phrase d'entraînement numéro 310.,spanish
sentence,Esta es la frase de práctica número ___ 311.,311,Ceci est la phrase d'entraînement numéro 311.,spanish
sentence,Esta es la frase de práctica número ___ 312.,312,Ceci est la phrase d'entraînement numéro 312.,spanish
sentence,Esta es la frase de práctica número ___ 313.,313,Ceci est la phrase d'entraînement numéro 313.,spanish
sentence,Esta es la frase de práctica número ___ 314.,314,Ceci est la phrase d'entraînement numéro 314.,spanish
sentence,Esta es la frase de práctica número ___ 315.,315,Ceci est la phrase d'entraînement numéro 315.,spanish
sentence,Esta es la frase de práctica número ___ 316.,316,Ceci est la phrase d'entraînement numéro 316.,spanish
sentence,Esta es la frase de práctica número ___ 317.,317,Ceci est la phrase d'entraînement numéro 317.,spanish
sentence,Esta es la frase de práctica número ___ 318.,318,Ceci est la phrase d'entraînement numéro 318.,spanish
sentence,Esta es la frase de práctica número ___ 319.,319,Ceci est la phrase d'entraînement numéro 319.,spanish
sentence,Esta es la frase de práctica número ___ 320.,320,Ceci est la phrase d'entraînement numéro 320.,spanish
sentence,Esta es la frase de práctica número ___ 321.,321,Ceci est la phrase d'entraînement numéro 321.,spanish
sentence,Esta es la frase de práctica número ___ 322.,322,Ceci est la phrase d'entraînement numéro 322.,spanish
sentence,Esta es la frase de práctica número ___ 323.,323,Ceci est la phrase d'entraînement numéro 323.,spanish
sentence,Esta es la frase de práctica número ___ 324.,324,Ceci est la phrase d'entraînement numéro 324.,spanish
sentence,Esta es la frase de práctica número ___ 325.,325,Ceci est la phrase d'entraînement numéro 325.,spanish
sentence,Esta es la frase de práctica número ___ 326.,326,Ceci est la phrase d'entraînement numéro 326.,spanish
sentence,Esta es la frase de práctica número ___ 327.,327,Ceci est la phrase d'entraînement numéro 327.,spanish
sentence,Esta es la frase de práctica número ___ 328.,328,Ceci est la phrase d'entraînement numéro 328.,spanish
sentence,Esta es la frase de práctica número ___ 329.,329,Ceci est la phrase d'entraînement numéro 329.,spanish
sentence,Esta es la frase de práctica número ___ 330.,330,Ceci est la phrase d'entraînement numéro 330.,spanish
sentence,Esta es la frase de práctica número ___ 331.,331,Ceci est la phrase d'entraînement numéro 331.,spanish
sentence,Esta es la frase de práctica número ___ 332.,332,Ceci est la phrase d'entraînement numéro 332.,spanish
sentence,Esta es la frase de práctica número ___ 333.,333,Ceci est la phrase d'entraînement numéro 333.,spanish
sentence,Esta es la frase de práctica número ___ 334.,334,Ceci est la phrase d'entraînement numéro 334.,spanish
sentence,Esta es la frase de práctica número ___ 335.,335,Ceci est la phrase d'entraînement numéro 335.,spanish
sentence,Esta es la frase de práctica número ___ 336.,336,Ceci est la phrase d'entraînement numéro 336.,spanish
sentence,Esta es la frase de práctica número ___ 337.,337,Ceci est la phrase d'entraînement numéro 337.,spanish
sentence,Esta es la frase de práctica número ___ 338.,338,Ceci est la phrase d'entraînement numéro 338.,spanish
sentence,Esta es la frase de práctica número ___ 339.,339,Ceci est la phrase d'entraînement numéro 339.,spanish
sentence,Esta es la frase de práctica número ___ 340.,340,Ceci est la phrase d'entraînement numéro 340.,spanish
sentence,Esta es la frase de práctica número ___ 341.,341,Ceci est la phrase d'entraînement numéro 341.,spanish
sentence,Esta es la frase de práctica número ___ 342.,342,Ceci est la phrase d'entraînement numéro 342.,spanish
sentence,Esta es la frase de práctica número ___ 343.,343,Ceci est la phrase d'entraînement numéro 343.,spanish
sentence,Esta es la frase de práctica número ___ 344.,344,Ceci est la phrase d'entraînement numéro 344.,spanish
sentence,Esta es la frase de práctica número ___ 345.,345,Ceci est la phrase d'entraînement numéro 345.,spanish
sentence,Esta es la frase de práctica número ___ 346.,346,Ceci est la phrase d'entraînement numéro 346.,spanish
sentence,Esta es la frase de práctica número ___ 347.,347,Ceci est la phrase d'entraînement numéro 347.,spanish
sentence,Esta es la frase de práctica número ___ 348.,348,Ceci est la phrase d'entraînement numéro 348.,spanish
sentence,Esta es la frase de práctica número ___ 349.,349,Ceci est la phrase d'entraînement numéro 349.,spanish
sentence,Esta es la frase de práctica número ___ 350.,350,Ceci est la phrase d'entraînement numéro 350.,spanish
sentence,Esta es la frase de práctica número ___ 351.,351,Ceci est la phrase d'entraînement numéro 351.,spanish
sentence,Esta es la frase de práctica número ___ 352.,352,Ceci est la phrase d'entraînement numéro 352.,spanish
sentence,Esta es la frase de práctica número ___ 353.,353,Ceci est la phrase d'entraînement numéro 353.,spanish
sentence,Esta es la frase de práctica número ___ 354.,354,Ceci est la phrase d'entraînement numéro 354.,spanish
sentence,Esta es la frase de práctica número ___ 355.,355,Ceci est la phrase d'entraînement numéro 355.,spanish
sentence,Esta es la frase de práctica número ___ 356.,356,Ceci est la phrase d'entraînement numéro 356.,spanish
sentence,Esta es la frase de práctica número ___ 357.,357,Ceci est la phrase d'entraînement numéro 357.,spanish
sentence,Esta es la frase de práctica número ___ 358.,358,Ceci est la phrase d'entraînement numéro 358.,spanish
sentence,Esta es la frase de práctica número ___ 359.,359,Ceci est la phrase d'entraînement numéro 359.,spanish
sentence,Esta es la frase de práctica número ___ 360.,360,Ceci est la phrase d'entraînement numéro 360.,spanish
sentence,Esta es la frase de práctica número ___ 361.,361,Ceci est la phrase d'entraînement numéro 361.,spanish
sentence,Esta es la frase de práctica número ___ 362.,362,Ceci est la phrase d'entraînement numéro 362.,spanish
sentence,Esta es la frase de práctica número ___ 363.,363,Ceci est la phrase d'entraînement numéro 363.,spanish
sentence,Esta es la frase de práctica número ___ 364.,364,Ceci est la phrase d'entraînement numéro 364.,spanish
sentence,Esta es la frase de práctica número ___ 365.,365,Ceci est la phrase d'entraînement numéro 365.,spanish
sentence,Esta es la frase de práctica número ___ 366.,366,Ceci est la phrase d'entraînement numéro 366.,spanish
sentence,Esta es la frase de práctica número ___ 367.,367,Ceci est la phrase d'entraînement numéro 367.,spanish
sentence,Esta es la frase de práctica número ___ 368.,368,Ceci est la phrase d'entraînement numéro 368.,spanish
sentence,Esta es la frase de práctica número ___ 369.,369,Ceci est la phrase d'entraînement numéro 369.,spanish
sentence,Esta es la frase de práctica número ___ 370.,370,Ceci est la phrase d'entraînement numéro 370.,spanish
sentence,Esta es la frase de práctica número ___ 371.,371,Ceci est la phrase d'entraînement numéro 371.,spanish
sentence,Esta es la frase de práctica número ___ 372.,372,Ceci est la phrase d'entraînement numéro 372.,spanish
sentence,Esta es la frase de práctica número ___ 373.,373,Ceci est la phrase d'entraînement numéro 373.,spanish
sentence,Esta es la frase de práctica número ___ 374.,374,Ceci est la phrase d'entraînement numéro 374.,spanish
sentence,Esta es la frase de práctica número ___ 375.,375,Ceci est la phrase d'entraînement numéro 375.,spanish
sentence,Esta es la frase de práctica número ___ 376.,376,Ceci est la phrase d'entraînement numéro 376.,spanish
sentence,Esta es la frase de práctica número ___ 377.,377,Ceci est la phrase d'entraînement numéro 377.,spanish
sentence,Esta es la frase de práctica número ___ 378.,378,Ceci est la phrase d'entraînement numéro 378.,spanish
sentence,Esta es la frase de práctica número ___ 379.,379,Ceci est la phrase d'entraînement numéro 379.,spanish
sentence,Esta es la frase de práctica número ___ 380.,380,Ceci est la phrase d'entraînement numéro 380.,spanish
sentence,Esta es la frase de práctica número ___ 381.,381,Ceci est la phrase d'entraînement numéro 381.,spanish
sentence,Esta es la frase de práctica número ___ 382.,382,Ceci est la phrase d'entraînement numéro 382.,spanish
sentence,Esta es la frase de práctica número ___ 383.,383,Ceci est la phrase d'entraînement numéro 383.,spanish
sentence,Esta es la frase de práctica número ___ 384.,384,Ceci est la phrase d'entraînement numéro 384.,spanish
sentence,Esta es la frase de práctica número ___ 385.,385,Ceci est la phrase d'entraînement numéro 385.,spanish
sentence,Esta es la frase de práctica número ___ 386.,386,Ceci est la phrase d'entraînement numéro 386.,spanish
sentence,Esta es la frase de práctica número ___ 387.,387,Ceci est la phrase d'entraînement numéro 387.,spanish
sentence,Esta es la frase de práctica número ___ 388.,388,Ceci est la phrase d'entraînement numéro 388.,spanish
sentence,Esta es la frase de práctica número ___ 389.,389,Ceci est la phrase d'entraînement numéro 389.,spanish
sentence,Esta es la frase de práctica número ___ 390.,390,Ceci est la phrase d'entraînement numéro 390.,spanish
sentence,Esta es la frase de práctica número ___ 391.,391,Ceci est la phrase d'entraînement numéro 391.,spanish
sentence,Esta es la frase de práctica número ___ 392.,392,Ceci est la phrase d'entraînement numéro 392.,spanish
sentence,Esta es la frase de práctica número ___ 393.,393,Ceci est la phrase d'entraînement numéro 393.,spanish
sentence,Esta es la frase de práctica número ___ 394.,394,Ceci est la phrase d'entraînement numéro 394.,spanish
sentence,Esta es la frase de práctica número ___ 395.,395,Ceci est la phrase d'entraînement numéro 395.,spanish
sentence,Esta es la frase de práctica número ___ 396.,396,Ceci est la phrase d'entraînement numéro 396.,spanish
sentence,Esta es la frase de práctica número ___ 397.,397,Ceci est la phrase d'entraînement numéro 397.,spanish
sentence,Esta es la frase de práctica número ___ 398.,398,Ceci est la phrase d'entraînement numéro 398.,spanish
sentence,Esta es la frase de práctica número ___ 399.,399,Ceci est la phrase d'entraînement numéro 399.,spanish
sentence,Esta es la frase de práctica número ___ 400.,400,Ceci est la phrase d'entraînement numéro 400.,spanish
sentence,Esta es la frase de práctica número ___ 401.,401,Ceci est la phrase d'entraînement numéro 401.,spanish
sentence,Esta es la frase de práctica número ___ 402.,402,Ceci est la phrase d'entraînement numéro 402.,spanish
sentence,Esta es la frase de práctica número ___ 403.,403,Ceci est la phrase d'entraînement numéro 403.,spanish
sentence,Esta es la frase de práctica número ___ 404.,404,Ceci est la phrase d'entraînement numéro 404.,spanish
sentence,Esta es la frase de práctica número ___ 405.,405,Ceci est la phrase d'entraînement numéro 405.,spanish
sentence,Esta es la frase de práctica número ___ 406.,406,Ceci est la phrase d'entraînement numéro 406.,spanish
sentence,Esta es la frase de práctica número ___ 407.,407,Ceci est la phrase d'entraînement numéro 407.,spanish
sentence,Esta es la frase de práctica número ___ 408.,408,Ceci est la phrase d'entraînement numéro 408.,spanish
sentence,Esta es la frase de práctica número ___ 409.,409,Ceci est la phrase d'entraînement numéro 409.,spanish
sentence,Esta es la frase de práctica número ___ 410.,410,Ceci est la phrase d'entraînement numéro 410.,spanish
sentence,Esta es la frase de práctica número ___ 411.,411,Ceci est la phrase d'entraînement numéro 411.,spanish
sentence,Esta es la frase de práctica número ___ 412.,412,Ceci est la phrase d'entraînement numéro 412.,spanish
sentence,Esta es la frase de práctica número ___ 413.,413,Ceci est la phrase d'entraînement numéro 413.,spanish
sentence,Esta es la frase de práctica número ___ 414.,414,Ceci est la phrase d'entraînement numéro 414.,spanish
sentence,Esta es la frase de práctica número ___ 415.,415,Ceci est la phrase d'entraînement numéro 415.,spanish
sentence,Esta es la frase de práctica número ___ 416.,416,Ceci est la phrase d'entraînement numéro 416.,spanish
sentence,Esta es la frase de práctica número ___ 417.,417,Ceci est la phrase d'entraînement numéro 417.,spanish
sentence,Esta es la frase de práctica número ___ 418.,418,Ceci est la phrase d'entraînement numéro 418.,spanish
sentence,Esta es la frase de práctica número ___ 419.,419,Ceci est la phrase d'entraînement numéro 419.,spanish
sentence,Esta es la frase de práctica número ___ 420.,420,Ceci est la phrase d'entraînement numéro 420.,spanish
sentence,Esta es la frase de práctica número ___ 421.,421,Ceci est la phrase d'entraînement numéro 421.,spanish
sentence,Esta es la frase de práctica número ___ 422.,422,Ceci est la phrase d'entraînement numéro 422.,spanish
sentence,Esta es la frase de práctica número ___ 423.,423,Ceci est la phrase d'entraînement numéro 423.,spanish
sentence,Esta es la frase de práctica número ___ 424.,424,Ceci est la phrase d'entraînement numéro 424.,spanish
sentence,Esta es la frase de práctica número ___ 425.,425,Ceci est la phrase d'entraînement numéro 425.,spanish
sentence,Esta es la frase de práctica número ___ 426.,426,Ceci est la phrase d'entraînement numéro 426.,spanish
sentence,Esta es la frase de práctica número ___ 427.,427,Ceci est la phrase d'entraînement numéro 427.,spanish
sentence,Esta es la frase de práctica número ___ 428.,428,Ceci est la phrase d'entraînement numéro 428.,spanish
sentence,Esta es la frase de práctica número ___ 429.,429,Ceci est la phrase d'entraînement numéro 429.,spanish
sentence,Esta es la frase de práctica número ___ 430.,430,Ceci est la phrase d'entraînement numéro 430.,spanish
sentence,Esta es la frase de práctica número ___ 431.,431,Ceci est la phrase d'entraînement numéro 431.,spanish
sentence,Esta es la frase de práctica número ___ 432.,432,Ceci est la phrase d'entraînement numéro 432.,spanish
sentence,Esta es la frase de práctica número ___ 433.,433,Ceci est la phrase d'entraînement numéro 433.,spanish
sentence,Esta es la frase de práctica número ___ 434.,434,Ceci est la phrase d'entraînement numéro 434.,spanish
sentence,Esta es la frase de práctica número ___ 435.,435,Ceci est la phrase d'entraînement numéro 435.,spanish
sentence,Esta es la frase de práctica número ___ 436.,436,Ceci est la phrase d'entraînement numéro 436.,spanish
sentence,Esta es la frase de práctica número ___ 437.,437,Ceci est la phrase d'entraînement numéro 437.,spanish
sentence,Esta es la frase de práctica número ___ 438.,438,Ceci est la phrase d'entraînement numéro 438.,spanish
sentence,Esta es la frase de práctica número ___ 439.,439,Ceci est la phrase d'entraînement numéro 439.,spanish
sentence,Esta es la frase de práctica número ___ 440.,440,Ceci est la phrase d'entraînement numéro 440.,spanish
sentence,Esta es la frase de práctica número ___ 441.,441,Ceci est la phrase d'entraînement numéro 441.,spanish
sentence,Esta es la frase de práctica número ___ 442.,442,Ceci est la phrase d'entraînement numéro 442.,spanish
sentence,Esta es la frase de práctica número ___ 443.,443,Ceci est la phrase d'entraînement numéro 443.,spanish
sentence,Esta es la frase de práctica número ___ 444.,444,Ceci est la phrase d'entraînement numéro 444.,spanish
sentence,Esta es la frase de práctica número ___ 445.,445,Ceci est la phrase d'entraînement numéro 445.,spanish
sentence,Esta es la frase de práctica número ___ 446.,446,Ceci est la phrase d'entraînement numéro 446.,spanish
sentence,Esta es la frase de práctica número ___ 447.,447,Ceci est la phrase d'entraînement numéro 447.,spanish
sentence,Esta es la frase de práctica número ___ 448.,448,Ceci est la phrase d'entraînement numéro 448.,spanish
sentence,Esta es la frase de práctica número ___ 449.,449,Ceci est la phrase d'entraînement numéro 449.,spanish
sentence,Esta es la frase de práctica número ___ 450.,450,Ceci est la phrase d'entraînement numéro 450.,spanish
sentence,Esta es la frase de práctica número ___ 451.,451,Ceci est la phrase d'entraînement numéro 451.,spanish
sentence,Esta es la frase de práctica número ___ 452.,452,Ceci est la phrase d'entraînement numéro 452.,spanish
sentence,Esta es la frase de práctica número ___ 453.,453,Ceci est la phrase d'entraînement numéro 453.,spanish
sentence,Esta es la frase de práctica número ___ 454.,454,Ceci est la phrase d'entraînement numéro 454.,spanish
sentence,Esta es la frase de práctica número ___ 455.,455,Ceci est la phrase d'entraînement numéro 455.,spanish
sentence,Esta es la frase de práctica número ___ 456.,456,Ceci est la phrase d'entraînement numéro 456.,spanish
sentence,Esta es la frase de práctica número ___ 457.,457,Ceci est la phrase d'entraînement numéro 457.,spanish
sentence,Esta es la frase de práctica número ___ 458.,458,Ceci est la phrase d'entraînement numéro 458.,spanish
sentence,Esta es la frase de práctica número ___ 459.,459,Ceci est la phrase d'entraînement numéro 459.,spanish
sentence,Esta es la frase de práctica número ___ 460.,460,Ceci est la phrase d'entraînement numéro 460.,spanish
sentence,Esta es la frase de práctica número ___ 461.,461,Ceci est la phrase d'entraînement numéro 461.,spanish
sentence,Esta es la frase de práctica número ___ 462.,462,Ceci est la phrase d'entraînement numéro 462.,spanish
sentence,Esta es la frase de práctica número ___ 463.,463,Ceci est la phrase d'entraînement numéro 463.,spanish
sentence,Esta es la frase de práctica número ___ 464.,464,Ceci est la phrase d'entraînement numéro 464.,spanish
sentence,Esta es la frase de práctica número ___ 465.,465,Ceci est la phrase d'entraînement numéro 465.,spanish
sentence,Esta es la frase de práctica número ___ 466.,466,Ceci est la phrase d'entraînement numéro 466.,spanish
sentence,Esta es la frase de práctica número ___ 467.,467,Ceci est la phrase d'entraînement numéro 467.,spanish
sentence,Esta es la frase de práctica número ___ 468.,468,Ceci est la phrase d'entraînement numéro 468.,spanish
sentence,Esta es la frase de práctica número ___ 469.,469,Ceci est la phrase d'entraînement numéro 469.,spanish
sentence,Esta es la frase de práctica número ___ 470.,470,Ceci est la phrase d'entraînement numéro 470.,spanish
sentence,Esta es la frase de práctica número ___ 471.,471,Ceci est la phrase d'entraînement numéro 471.,spanish
sentence,Esta es la frase de práctica número ___ 472.,472,Ceci est la phrase d'entraînement numéro 472.,spanish
sentence,Esta es la frase de práctica número ___ 473.,473,Ceci est la phrase d'entraînement numéro 473.,spanish
sentence,Esta es la frase de práctica número ___ 474.,474,Ceci est la phrase d'entraînement numéro 474.,spanish
sentence,Esta es la frase de práctica número ___ 475.,475,Ceci est la phrase d'entraînement numéro 475.,spanish
sentence,Esta es la frase de práctica número ___ 476.,476,Ceci est la phrase d'entraînement numéro 476.,spanish
sentence,Esta es la frase de práctica número ___ 477.,477,Ceci est la phrase d'entraînement numéro 477.,spanish
sentence,Esta es la frase de práctica número ___ 478.,478,Ceci est la phrase d'entraînement numéro 478.,spanish
sentence,Esta es la frase de práctica número ___ 479.,479,Ceci est la phrase d'entraînement numéro 479.,spanish
sentence,Esta es la frase de práctica número ___ 480.,480,Ceci est la phrase d'entraînement numéro 480.,spanish
sentence,Esta es la frase de práctica número ___ 481.,481,Ceci est la phrase d'entraînement numéro 481.,spanish
sentence,Esta es la frase de práctica número ___ 482.,482,Ceci est la phrase d'entraînement numéro 482.,spanish
sentence,Esta es la frase de práctica número ___ 483.,483,Ceci est la phrase d'entraînement numéro 483.,spanish
sentence,Esta es la frase de práctica número ___ 484.,484,Ceci est la phrase d'entraînement numéro 484.,spanish
sentence,Esta es la frase de práctica número ___ 485.,485,Ceci est la phrase d'entraînement numéro 485.,spanish
sentence,Esta es la frase de práctica número ___ 486.,486,Ceci est la phrase d'entraînement numéro 486.,spanish
sentence,Esta es la frase de práctica número ___ 487.,487,Ceci est la phrase d'entraînement numéro 487.,spanish
sentence,Esta es la frase de práctica número ___ 488.,488,Ceci est la phrase d'entraînement numéro 488.,spanish
sentence,Esta es la frase de práctica número ___ 489.,489,Ceci est la phrase d'entraînement numéro 489.,spanish
sentence,Esta es la frase de práctica número ___ 490.,490,Ceci est la phrase d'entraînement numéro 490.,spanish
sentence,Esta es la frase de práctica número ___ 491.,491,Ceci est la phrase d'entraînement numéro 491.,spanish
sentence,Esta es la frase de práctica número ___ 492.,492,Ceci est la phrase d'entraînement numéro 492.,spanish
sentence,Esta es la frase de práctica número ___ 493.,493,Ceci est la phrase d'entraînement numéro 493.,spanish
sentence,Esta es la frase de práctica número ___ 494.,494,Ceci est la phrase d'entraînement numéro 494.,spanish
sentence,Esta es la frase de práctica número ___ 495.,495,Ceci est la phrase d'entraînement numéro 495.,spanish
sentence,Esta es la frase de práctica número ___ 496.,496,Ceci est la phrase d'entraînement numéro 496.,spanish
sentence,Esta es la frase de práctica número ___ 497.,497,Ceci est la phrase d'entraînement numéro 497.,spanish
sentence,Esta es la frase de práctica número ___ 498.,498,Ceci est la phrase d'entraînement numéro 498.,spanish
sentence,Esta es la frase de práctica número ___ 499.,499,Ceci est la phrase d'entraînement numéro 499.,spanish
sentence,Esta es la frase de práctica número ___ 500.,500,Ceci est la phrase d'entraînement numéro 500.,spanish
